Item Name,Part Number,Brand,Vehicle Name,Price,Quantity
STABILIZER BUSH,4156A004,RBI,,160,14
JINBO SHOCKS,334473,Jinbo/,VITZ/RACTIS,5000,3
JINBO SHOCKS,334472,Jinbo/,VITZ/BELTA/RACTIS,2600,6
JINBO SHOCKS,338094,Jinbo/,SWIFT,2500,1
JINBO SHOCKS,338095,Jinbo/,SWIFT,2500,1
SHOCKS,333338,OZONE/,NZE O/M,3500,2
JINBO SHOCKS,333455,Jinbo/,NZE N/M,2600,3
JINBO SHOCKS,333396,Jinbo/,"Nissan Note, March",2600,2
JINBO SHOCKS,333397,Jinbo/,MARCH/NOTE,2600,1
JINBO SHOCKS,333339,Jinbo/,NZE O/M,3500,1
JINBO SHOCKS,339755,Jinbo/,Nissan Juke,2200,1
JINBO SHOCKS,339754,Jinbo/,NISSAN JUKE,2200,1
JINBO SHOCKS,338390,Jinbo,Tiida LHS/ WINGROAD/ CUBE,2450,0
JINBO SHOCKS,338391,Jinbo,WINGROAD/CUBE/NV200,2450,0
JINBO SHOCKS,333494,Jinbo,Mazda Demio,2750,0
JINBO SHOCKS,333495,Jinbo,Mazda Demio,2750,0
JINBO SHOCKS,333456,Jinbo/,AXIO/PREMIO,2600,3
KYB SHOCKS,338085,KYB/,WINGROAD Y12,0,1
KYB SHOCKS,338084,KYB/,WINGROAD Y12,0,1
JINBO SHOCKS,333258,Jinbo/,"Vitz, Probox, Sienta",2500,1
KYB SHOCKS,349212,KYB/,SYLPHY,0,4
KYB SHOCKS,444028,KYB/,TOYOTA DYNA,0,3
JINBO SHOCKS,343465,Jinbo/,TIIDA,0,2
JINBO SHOCKS,343442,Jinbo/,VITZ/BELTA,0,8
KYB SHOCKS,348001,KYB,IST/AQUA/RACTIS,0,0
JINBO SHOCKS,343434,Jinbo/,PROBOX RR,0,5
KYB SHOCKS,343441,KYB,RUSH,0,4
SHOCKS,338030,Ozone/,Wish New Model,3000,1
SHOCKS,338031,Ozone/,PREMIO/ALLION,3000,1
NISSAN BRAKE PADS,41060-EB325,NISSAN,,0,1
TOYOTA BRAKE PADS,04465-0K240,TOYOTA,,0,3
TOYOTA BRAKE PADS,04466-60070,TOYOTA,,0,1
TOYOTA BRAKE PADS,04466-58021,TOYOTA,,0,1
TOYOTA BRAKE PADS,04465-26420,TOYOTA,KDH 200,0,0
TOYOTA BRAKE PADS,04466-60160,TOYOTA,,0,2
TOYOTA BRAKE PADS,04465-YZZ57,TOYOTA,,0,1
BRAKE PADS,D-1341M,MK,XTRAIL T32,0,1
TOYOTA BRAKE PADS,04466-42120,TOYOTA,,0,1
BRAKE PADS,D2222-01,MK,,0,6
BRAKE PADS,D6146M-01,MK,,0,1
BRAKE PADS,D7069-01,MK,,0,3
BRAKE PADS,D7081M-01,MK,,0,1
BRAKE PADS,D5153M-01,MK,,0,2
BRAKE PADS,D2316-01,MK,RX 350,0,4
BRAKE PADS,D2179-01,MK,,0,5
BRAKE PADS,D4045M-01,MK,,0,1
BRAKE PADS,D2174M-01,MK,,0,0
BRAKE PADS,D2274-01,MK,"FEILDER, NOAH",0,3
NISSAN BRAKE PADS,D1250M-01,CERAMIC,NISSAN,2250,5
BRAKE PADS,D2250-01,MK,,0,3
BRAKE PADS,D1202M-01,MK,,0,1
BRAKE PADS,D2239M-01,MK,,0,1
BRAKE PADS,D6070-01,MK,,0,2
BRAKE PADS,D5066M-01,MK,,0,1
BRAKE PADS,D2219-01,MK,,0,1
BRAKE PADS,D2180-01,MK,,0,4
BRAKE PADS,D2253-01,MK,RACTIS,0,4
BRAKE PADS,KD 3073,ASIMCO,,0,4
BRAKE PADS,KD 2722,ASIMCO,,1200,1
BRAKE PADS,KD 2749,ASIMCO,,1300,3
BRAKE PADS,D2090-01,MK,,0,14
BRAKE PADS,D2254M-01,MK,,0,2
BRAKE PADS,D2243M-01,MK,,0,5
BRAKE PADS,D2183M,MK,"NZE,FEILDER,ALLION",1600,5
BRAKE PADS,D5070M-01,MK,"HONDA FIT 4WD, GD2",0,4
BRAKE PADS,D6089-01,MK,,0,1
BRAKE PADS,D7078M-01,MK,,0,4
BRAKE PADS,KD1762,Asimco,,1700,3
BRAKE PADS,KD2773,Asimco,,1600,6
BRAKE PADS,KD2482,Asimco,"PRADO 120, FORTUNER",1400,21
BRAKE PADS,KD3748,Asimco,,1500,1
BRAKE PADS,KD1549,Asimco,,1700,2
BRAKE PADS,KD4723,Asimco,,0,6
BRAKE PADS,KD4722,Asimco,,1300,6
BRAKE PADS,KD1475,Asimco,,1700,4
BRAKE PADS,KD2771,Asimco,,1380,3
BRAKE PADS,KD2780,Asimco,,1350,1
BRAKE PADS,KD2740,Asimco,,1400,4
BRAKE PADS,KD2782,Asimco,,1300,3
BRAKE PADS,KD3709,Asimco,,0,3
BRAKE PADS,KD2603,Asimco,,1300,1
BRAKE PADS,KD1776,Asimco,,1300,4
BRAKE PADS,KD1703,Asimco,,1150,3
BRAKE PADS,KD1789,Asimco,,1400,1
BRAKE PADS,KD2203,Asimco,,1300,8
BRAKE PADS,KD2523,Asimco,,0,3
BRAKE PADS,KD3722,Asimco,,1300,7
BRAKE PADS,KD2506,Asimco,,1500,7
BRAKE PADS,KD1476,Asimco,,1400,5
BRAKE PADS,KD1554,Asimco,,1450,1
BRAKE PADS,KD3704,Asimco,,1300,7
BRAKE PADS,KD3711,Asimco,,1250,1
BRAKE PADS,KD1746,Asimco,,0,14
BRAKE PADS,KD1722,Asimco,,800,2
BRAKE PADS,KD2772,Asimco,,1400,5
BRAKE PADS,KD1512,Asimco,,1800,3
BRAKE PADS,KD3045,Asimco,,1250,1
BRAKE PADS,KD3720,Asimco,,0,3
BRAKE PADS,KD3717,Asimco,,1000,1
BRAKE PADS,KD1017,Asimco,,0,0
CV JOINT,Has 859084,GSP,Lexus/Toyota,0,0
CV JOINT,MT0107-BGN,GSP,Vitz,0,2
CV JOINT,HAS 834177,GSP,Mazda,0,1
CV JOINT,HAS 859304,GSP,Lexus,0,1
CV JOINT,T0515,GSP,"Vitz, Platz, Belta",0,1
CV JOINT,N1-069A44,HDK,,0,0
CV JOINT,1019134,JOKITO,Toyota AE100/110,0,0
CV JOINT,TO-010 ABS,URW,"NZE, Fielder",0,1
CV JOINT,T-055 ABS,URW,Toyota NZE,0,4
CV JOINT,T-054 ABS,URW,,0,4
CV JOINT,MS212MON-ABS (T0-26),URW,AE100,0,5
CV JOINT,T-035 ABS,URW,,0,0
CV JOINT,T0051M-01,URW,,0,0
CV JOINT,MF 08-20,Ozone,Toyota Harrier,0,2
CV JOINT,TO-04A,Ozone,Toyota,0,1
BRAKE LINING,K2311,Lotas,,0,1
BRAKE PADS,D2228M-01,MK,PRADO,0,12
BRAKE PADS,D2278M-01,MK,,0,5
BRAKE LINING,RD4157,Mosos,Mazda Demio,0,1
BRAKE LINING,BSK4470,All Parts,Isuzu D/max,0,1
BRAKE LINING,BSK1267,All Parts,Nissan Tiida,0,1
BRAKE LINING,BS-K1299,All Parts,Toyota Rav4,0,1
BRAKE LINING,F1289,1WT,,0,1
BRAKE LINING,BS-K8000,All Parts,Nissan NP200,0,1
BRAKE LINING,BS-KH8235,All Parts,"Voxy, Noah, Isis",0,1
BRAKE LINING,RD1101,Mosos,Land Cruiser,0,0
BRAKE LINING,RD5167,Mosos,Isuzu D-max,0,1
BRAKE LINING,RD9103,Mosos,Land Cruiser 200,0,2
BRAKE LINING,RD1105,Mosos,"Legacy, Impreza",0,0
BRAKE LINING,RD2104,Mosos,"Nissan Note, Tiida",0,3
BRAKE LINING,RD1203,Mosos,Land Cruiser,0,0
BRAKE LINING,RD1204,Mosos,Land Cruiser VX100,0,2
BRAKE LINING,FN 2403,NIBK,Allion/Belta,0,1
BRAKE LINING,FN 2333,NIBK,Crown/RAV4,0,0
BRAKE LINING,K2339,BK3000X,,0,1
BRAKE LINING,RD 9101,Mosos,Subaru Legacy,0,1
BRAKE LINING,RD 1105,Mosos,Land Cruiser VX100,0,0
BRAKE LINING,RD 1123,Mosos,"Probox, Belta",0,2
BRAKE LINING,RD 2105,Mosos,"Nissan Note, Tiida",0,1
BRAKE LINING,RD 1116,Mosos,Mark 2,0,1
BRAKE PADS,04465-35290,Akinawa,"Runner, FJ Cruiser, Lexus 470",0,1
BRAKE LINING,K2701,Asimco,"Vitz, Platz, Will cypha",0,0
BRAKE LINING,K1724,Asimco,HONDA,0,1
BRAKE LINING,K1728,Asimco,,0,1
BRAKE LINING,K3009,Asimco,,1900,1
BRAKE LINING,K2750,Asimco,,0,1
BRAKE LINING,K2712,Asimco,Crown Comfort,0,1
BRAKE LINING,K0726F,Asimco,"Noah, Isis, Voxy",0,1
BRAKE LINING,K1740,Asimco,Tiida,0,1
BRAKE PADS,CD 2026,Daiwa,,0,2
BRAKE PADS,D-2174,HEMKUR,,0,1
BRAKE PADS,MBF010361,Mando,Sienna,0,1
BRAKE PADS,4466 28050,Mando,,0,0
BRAKE PADS,MD22745,RIXOS,CORROLA,0,1
BRAKE PADS,TY2177GS,TBK,LANF CRUISER,0,1
BRAKE PADS,TY 2023 G,TBK,CAMRY,0,1
BRAKE PADS,TY2249GS,TBK,HARRIER,0,0
OIL FILTER,QC-000001,DIGUE,CANTER 4P10,0,0
PRESSURE PLATE,HDC-51,VALEO,,0,2
FUEL PUMP,23301-54460,REBUY,,0,2
BRAKE PADS,TY218MG,TBK,CAMRY,0,1
BRAKE PADS,TY2118MG,TBK,HARRIER,0,1
CLUTCH PLATE,HD-63,VALEO,,0,3
RELEASE BEARING,T0504,VALEO,,0,2
BRAKE PADS,1Z4057MGS,TBK BREAK PADS,TOYOTA HILUX,0,1
BRAKE PADS,AP418,ALL PARTS,SUZUKI,0,1
BRAKE PADS,ap112,all parts,honda,0,1
BRAKE PADS,ap368,all parts,daihatsu,0,3
BRAKE PADS,ap093,all parts,suzuki,0,-4
BRAKE PADS,ap406,ALL PARTS,honda FIT,0,3
BRAKE PADS,ap394,toyota,corolla,0,1
BRAKE PADS,ap181,toyota,"vista, wish",0,1
BRAKE PADS,ap191,subaru,legacy,0,1
BRAKE PADS,ap265,subaru,legacy,0,1
BRAKE PADS,ap 203,all parts breakpads,mazda,0,1
BRAKE PADS,ap 186,all parts breakpads,d max,0,1
BRAKE PADS,np1005,nnshnbo,,0,1
BRAKE PADS,pn6428,nibk break pads,"t box,avanza, mira",0,2
BRAKE LINING,K 2339,ASIMCO,"NOAH , TOWNACE",0,1
BRAKE PADS,A 608wk,bk3000x,,0,0
BRAKE PADS,A-317K,CERAMIC,,0,1
BRAKE PADS,AN742K,bk3000x,,0,0
BRAKE PADS,ADV184205,BLUE PRINT BREAKPADS,,0,1
BRAKE PADS,ADS 74233,BLUE PRINT BREAKPADS,LEGACY,0,1
BRAKE PADS,KD2735,ASIMCO,HILUX,1500,1
BRAKE PADS,KD2755,Asimco,,0,5
BRAKE PADS,KD 1740,ASIMCO,TIIDA,1300,15
BRAKE PADS,KD 2060,ASIMCO,ALPHARD,1550,3
HAND PUMP,,,,0,0
BRAKE PADS,KD 1517,ASIMCO,CRV,1800,1
BRAKE PADS,KD 2764,ASIMCO,,1220,29
BRAKE PADS,KD 1744,ASIMCO,,1650,2
RBI ARM BUSH,4010A013,RBI UPP,,0,8
BRAKE PADS,KD 1095,ASIMCO,,0,3
BRAKE PADS,KD 3049,ASIMCO,ATENZA,2100,3
BRAKE PADS,KD 1746,ASIMCO,,1400,4
BRAKE PADS,KD 2086,ASIMCO,,0,0
BRAKE PADS,KD 1702,ASIMCO,,1000,5
BRAKE PADS,KD 3715,ASIMCO,FORESTER,1300,4
BRAKE PADS,KD 3511,ASIMCO,,0,7
BRAKE PADS,KD 4719,ASIMCO,"LANCER, MIRAGE",1300,2
BRAKE PADS,KD2753,Asimco,,1600,3
BRAKE PADS,KD 1710,ASIMCO,SKY LINE,1500,1
BRAKE LINING,K 2381,,SHARK,0,0
BRAKE PADS,KD 3064,ASIMCO,,1650,1
BRAKE PADS,KD1711W,ASIMCO,"FIT, CIVIC",1250,0
BRAKE PADS,KD4264,Asimco,,1450,5
ENGINE MOUNTING FR,11220-JN00C,FEBEST,TEANA,0,2
BRAKE PADS,A-654WK,BK3000X,,0,1
BRAKE PADS,KD2605,ASIMCO,HIACE,1400,13
BRAKE PADS,KD3074,ASIMCO,,1250,1
SO.HQ BEARINGS,DAC 346437,SO.HQ,MIRA,0,2
SO.HQ BEARINGS,DAC 366833,SO.HQ,SWIFT,0,0
SO.HQ BEARINGS,DAC407236,SO.HQ,SWIFT,0,0
SO.HQ BEARINGS,DAC 287436,SO.HQ,WINGROAD,0,1
STEERING RACK,42450-60040,,,0,1
SO.HQ BEARINGS,DAC 357037,SO.HQ,PASSO,0,2
SO.HQ BEARINGS,DAC 255242,SO.HQ,"ALTO, SWIFT",0,1
SO.HQ BEARINGS,DAC 255237,SO.HQ,"NOTE, MARCH",0,1
SO.HQ BEARINGS,DAC 498450ZZ,SO.HQ,"CROWN, ALTEZA",0,0
SO.HQ BEARINGS,35750018/25,SO.HQ,,0,2
SO.HQ BEARINGS,DAC 346248,SO.HQ,RENAULT,0,0
SO.HQ BEARINGS,DAC437945,SO.HQ,X TRAIL,0,2
SO.HQ BEARINGS,35680036/39,SO.HQ,MARCH,0,2
SO.HQ BEARINGS,35680030/33,SO.HQ,STARLET,0,2
BEARING,506849/10,ITN,,0,0
SO.HQ BEARINGS,11955-6N20B,SO.HQ,X TRAIL,0,3
SO.HQ BEARINGS,43770041/45,SO.HQ,HILUX,0,2
SO.HQ BEARINGS,16603-31010,SO.HQ,,0,3
BEARINGS,DAC356437,ITN,PASSO,0,1
BEARINGS,3972W40549,KOYO,DEMIO,0,1
TOYOTA BEARINGS,90369-45003,TOYOTA,,0,1
BEARINGS,DAC4074W,JTEKT,,0,0
NSK BEARINGS,40BWD12,NSK,,0,1
NSK BEARINGS,ZA-28BWK12,NSK,,0,2
NISSAN WHEEL HUB,51KWH01,NISSAN GP,,0,1
TOYOTA BEARINGS,43570-60011,TOYOTA,,2000,3
SO.HQ BEARINGS,35640037,SO.HQ,,0,1
BEARINGS,255237,KOYO,,0,0
BEARINGS,356437,KOYO,,0,0
BEARINGS,38700037,KOYO,RUSH,0,0
NSK BEARING,43BWD06CA133,NSK,"VOXY, NOAH",0,3
BEARINGS,25550048,KOYO,,0,0
BEARINGS,37720037,KOYO,"NOTE, MARCH",0,1
NSK BEARINGS,40BWD17,NSK,RACTIS,0,0
STEERING RACK,44200-28510,SOHQ,NOAH AZR60,0,1
NSK BEARINGS,38BWD01 908,NSK,,0,0
NSK BEARINGS,4BWD06 CA133,NSK,,0,1
NSK BEARINGS,ZA43BWD14AI,NSK,,0,1
NSK BEARINGS,ZA-43BWD06 BCA133,NSK,HARRIER,0,0
NSK BEARINGS,ZA-HO-42BWD06-JB-01,NSK,,0,0
NSK BEARINGS,ZA-4BWD03 CA133,NSK,RAV 4,0,1
NISSAN BEARINGS,43210-AG000,NISSAN,,0,4
NISSAN BEARINGS,40210-2Y000,NISSAN,,0,3
TOYOTA BEARINGS,31230-71050,TOYOTA,,0,1
TOYOTA BEARINGS,31230-71011,TOYOTA,,0,0
SO.HQ HUB,55BWKH12,SO.HQ HUB,"LEGACY,OUTBACK",0,4
SO.HQ HUB,42450-42010,SO.HQ HUB,"RAV 4, VOXY, NOAH",0,1
SO.HQ HUB,HUB119T-12,SO.HQ HUB,"X TRAIL, JUKE. SERENA",0,5
SO.HQ HUB,3DACF041-3DR,SO.HQ HUB,"RAV 4, HARRIER, VANGUARD",0,22
SO.HQ HUB,58BWK04,SO.HQ HUB,"IMPREZA, FORESTER",0,1
SO.HQ HUB,092T-27,SO.HQ HUB,"LANCER, FORTIS",0,1
SO.HQ HUB,HUB 2943,SO.HQ HUB,"FIT,JAZZ",0,1
SO.HQ HUB,HUB 146T-6,SO.HQ HUB,"HONDA, CRV",0,1
SO.HQ HUB,54KWH02,SO.HQ HUB,HIACE,0,3
SO.HQ HUB,28373-FG000,SO.HQ HUB,FORESTER,0,2
SO.HQ HUB,82450-52060,SO.HQ HUB,"YARIS, RACTIS",0,0
SO.HQ HUB,43570-60030,SO.HQ HUB,LAND CRUISER,0,3
SO.HQ HUB,43550-42020,SO.HQ HUB,"RAV 4, MARK X",0,1
SO.HQ HUB,43560-26010,SO.HQ HUB,HIACE,0,2
SO.HQ HUB,42410-52060,SO.HQ HUB,"AXIO, RACTIS, FIELDER",0,1
SO.HQ HUB,42450-52060,SO.HQ HUB,"VITZ, YARIS, RACTIS",0,1
CONTROL ARM L,UC3C-34-250D,SO HQ,,0,1
WHEEL HUB,DACF2146B,MAX PART,,0,1
RACK END,SR-6650,555,,0,4
RACK END,SR-3940,555,HARRIER,0,4
RACK END,SR-4910,555,"XTRAIL , T50",0,4
RACK END,SR-T120,555,LAND CRUISER,0,0
RACK END,SR-3970,555,HIACE,0,6
RACK END,SR-T400,555,GX 460,0,7
RACK END,SR-3560,555,PRADO 95,0,2
RACK END,SR-A120,555,FORTUNER,0,3
KYB SHOCKS,349002,KYB REAR/,ALPHARD,0,2
RACK END,SR-N330,555,MICRA 4,0,2
RACK END,SR-T020,555,VITZ,0,6
RACK END,RED 410FR,THAILAND,X TRAIL,0,0
RACK END,SR-6680,555,FORESTER,0,4
RACK END,SR-T720,555,,0,2
RACK END,SR-3901,555,,0,4
RACK END,SR-4050,555,TIIDA,0,0
RACK END,SR-4950,555,TIIDA,0,0
RACK END,SR-1860,555,CX 5,0,2
RACK END,SR-B010,555,LANCER 8,0,2
RACK END,SR-3600,555,PROBOX,0,2
RACK END,SR-T220,555,RAV 4,0,1
RACK END,SR-3640,555,NZE,0,3
RACK END,SR-2960,555,AE 100,0,2
OIL SEAL,T0003,,,0,2
RACK END,SR-2920 (45503-29215),555,TOWN ACE,0,2
RACK END,SR-3880,555,VIGO,0,0
RACK END,SR-1800,555,DEMIO,700,2
RACK END,SR-3840 (45503-39265),555,PRADO 120,850,2
RACK END,SR-4970,555,CRAVAN,0,2
RACK END,SRD 160,555,PAJERO 10,0,2
RACK END,SR-N230,555,Z51,0,0
RACK END,SR-3930,555,COROLLA,0,4
RACK END,SR-A330,555,RUSH,0,2
RACK END,SR-H150,555,GM 2,0,0
RACK END,SR-3680,555,CALDINA,0,3
RACK END,45503-49105,JOKITO,IPSUM,0,2
RACK END,1005630,THAILAND,T31,0,2
RACK END,1003365,THAILAND,GRX 120,0,2
RACK END,1003363,THAILAND,KDH 200,0,0
RACK END,45503-0R030,THAILAND,,0,6
TIE ROD END,45046-49195,DAIKO,RAV 4,0,2
TIE ROD END,T32,FEBEST,,0,4
TIE ROD END,2FFF,FEBEST,,0,2
TIE ROD END,SE-5361 (8-97304-928-0),555,D MAX,0,9
TIE ROD END,SE-N331R,555,NOTE,0,5
TIE ROD END,SE-T221 (45047-49135),555,RAV 4,0,3
TIE ROD END,SE-3601,MASKO,VITZ,0,1
TIE ROD END,SE-3641 L (45047-19115),555,ZZE,0,2
TIE ROD END,SE-1801,555,MAZDA 2,750,0
TIE ROD END,SE-3931R,555,COROLLA,0,1
TIE ROD END,SE-4641 L/R,555,NISSAN E24,0,4
TIE ROD END,SE-N581R,555,T 32,0,2
TIE ROD END,SE-N341 R,555,F15,0,9
TIE ROD END,SE-N221,555,C 25,0,4
TIE ROD END,SE-2921,555,TOWNACE,0,4
TIE ROD END,SE-3841,555,LAND CRUISER,0,6
TIE ROD END,SE-4951 R,555,TIIDA,0,2
TIE ROD END,SE-N331,MASKO,"NOTE, MARCH",0,0
TIE ROD END,SE-3881,MASKO,,0,1
TIE ROD END,SE-3931,MASKO,NZE,0,0
TIE ROD END,SE-T401,MASKO,,0,2
TIE ROD END,SE-3561 R,MASKO,,0,0
TIE ROD END,SE- 3931 L,MASKO,,0,4
TIE ROD END,SE-T121 R,MASKO,,0,2
TIE ROD END,SE-1861,MASKO,,0,2
TIE ROD END,SE- 6561,MASKO,,0,2
TIE ROD END,SE-3681,MASKO,,0,4
TIE ROD END,SE-2931,MASKO,,0,2
BALL JOINT,SB-3602,555,"PROBOX, VITZ",0,7
BALL JOINT,SB-3972 (43330-29565),THAILAND,HIACE KDH 200 2WD,0,4
BALL JOINT,SB- N162(40160-AX00B),555,MARCH,0,6
BALL JOINT,SB-4942,555,TIIDA,0,2
BALL JOINT,SB-4952,555,X TRAIL,0,4
BALL JOINT,SB-5302,555,D MAX,0,0
BALL JOINT,SB-3882 (43330-09295),555,VIGO,0,2
BALL JOINT,SB-2962,555,,0,6
BALL JOINT,SB-2931,555,,0,2
BALL JOINT,SB-T402,555,,900,2
BALL JOINT,SB-4592,555,B12/B13,0,4
BALL JOINT,SB-1802,555,DEMIO,650,4
BALL JOINT,SB-T112,555,"NOAH, VOXY",0,4
BALL JOINT,SB-2942 L,555,,0,3
BALL JOINT,SB-7841,555,,0,0
BALL JOINT,SB-3752R (43330-29405),555,,0,0
BALL JOINT,43308-59035,555,SUCCEED,0,8
BALL JOINT,SB-3841,555,PRADO,700,19
BALL JOINT,SB-4972 (40160-VW000),555,CARAVAN,0,8
BALL JOINT,SB-T222 (43330-19245/49095),555,AURIS,0,6
BALL JOINT,SB-3881 (43310-09015),555,HILLUX,0,0
BALL JOINT,SB-3812,555,GX 470,0,6
BALL JOINT,SB-N332,555,MICRA,0,0
STABILIZER LINK,SL-2990R,555,,0,2
STABILIZER LINK,SL-3890 R,555,VIGO,0,2
STABILIZER LINK,SL-T020,555,VITZ,0,0
STABILIZER LINK,SL-T220,555,AURIS,0,2
STABILIZER LINK,SL-3750,555,HARRIER,0,6
STABILIZER LINK,SL-3600,555,PROBOX,0,0
STABILIZER LINK,SL-3845,555,,0,2
STABILIZER LINK,SL-N150,555,X TRAIL,0,0
STABILIZER LINK,SL-1860,555,ESTATE,0,2
STABILIZER LINK,SL-N270,555,TIIDA,0,0
STABILIZER LINK,SL-48820,555,RACTIS,0,2
STABILIZER LINK,E25,RBI,,0,2
STABILIZER LINK,48810-20020,PERFECT,,0,2
STABILIZER LINK,BP4K-28 170E,THAILAND,,0,5
STABILIZER LINK,48802-60100,RBI,,0,2
STABILIZER LINK,MR374521,RBI,PAJERO,0,1
STABILIZER LINK,48820-60032,RBI,,0,4
STABILIZER LINK,48820-42010,LOTAS,RAV 4,0,2
STABILIZER LINK,48820-28050,LOTAS,CAMRY,0,3
STABILIZER LINK,54618-ED00A,LOTAS,"TIIDA, DEMIO",0,2
STABILIZER LINK,48820-47010,LOTAS,NZE,0,0
STABILIZER LINK,54668,LOTAS,X TRAIL,0,2
STABILIZER LINK,51320,LOTAS,HONDA,0,2
STABILIZER LINK,51320,LOTAS,CRV,0,4
AIR FILTER,17801-46080,KEYSTAR,,500,1
AIR FILTER,17801-46060,NITONO,,0,0
AIR FILTER,A541,JS,,0,1
AIR FILTER,17801-30070,JS,,1500,2
AIR FILTER,17801-52020 (A1548),JS,,2000,2
AIR FILTER,A547J,JS,,0,1
AIR FILTER,17220-RSA-J00,JS,,0,1
AIR FILTER,A3019,JS,,0,1
AIR FILTER,17220-RLF-000 (A8521),JS,,1000,7
AIR FILTER,PAH9-13-3A0A (A2532),JS,,0,1
AIR FILTER,28030,JS,,0,1
AIR FILTER,28040,JS,,800,1
AIR FILTER,17801-35020 (A171J),JS,,500,1
AIR FILTER,13780M72R00 (A2919),JS,,1100,1
AIR FILTER,17220-55A-Z01 (A8528),JS,,0,3
TOYOTA AIR FILTER,17801-45031,TOYOTA,,2500,1
TOYOTA AIR FILTER,17801-20040,TOYOTA,,0,4
TOYOTA AIR FILTER,17801-21060,TOYOTA,,1300,1
TOYOTA AIR FILTER,17801-22020,TOYOTA,,300,4
TOYOTA AIR FILTER,17801-21050,TOYOTA,,300,8
TOYOTA AIR FILTER,17801-23030,TOYOTA,,300,2
TOYOTA AIR FILTER,17801-21030,TOYOTA,,300,9
TOYOTA AIR FILTER,17801-31140,TOYOTA,,2500,0
TOYOTA AIR FILTER,17801-31131,TOYOTA,,2000,1
TOYOTA AIR FILTER,17801-31120,TOYOTA,,600,12
TOYOTA AIR FILTER,17801-31110,TOYOTA,,2000,1
TOYOTA AIR FILTER,17801-31150,TOYOTA,,2000,1
TOYOTA AIR FILTER,17801-30060,TOYOTA,,2200,1
TOYOTA AIR FILTER,17801-25020,TOYOTA,,2000,6
TOYOTA AIR FILTER,17801-38011,TOYOTA,,2200,1
TOYOTA AIR FILTER,17801-0L040,TOYOTA,,1200,2
TOYOTA AIR FILTER,17801-38030,TOYOTA,,1500,9
TOYOTA AIR FILTER,17801-38051,TOYOTA,,2800,0
TOYOTA AIR FILTER,17801-52020,TOYOTA,,2800,0
TOYOTA AIR FILTER,17801-52010,TOYOTA,,0,1
TOYOTA AIR FILTER,17801-1113O,TOYOTA,,1000,3
AIR FILTER,17801-21060,ZYC/ KOWA,,250,19
AIR FILTER,17801-31140,ZYC,,0,6
AIR FILTER,17801-11090,ZYC,,0,1
AIR FILTER,17220-R0A-000,ZYC,,0,1
AIR FILTER,17801-54170,ZYC,,0,5
AIR FILTER,B21150,ZYC,,0,2
AIR FILTER,17801-74060,ZYC,TOYOTA,0,1
AIR FILTER,13780-73KA0,ZYC,,370,1
AIR FILTER,17220-PNB-003,ZYC,,0,0
AIR FILTER,AJ57-13-Z40,ZYC,,400,4
AIR FILTER,MR-266849,ZYC,,0,1
AIR FILTER,MR 571476/404847,ZYC,,0,13
AIR FILTER,MR 993226,ZYC,,370,1
AIR FILTER,17801-21060,DIGUE,TOYOTA,300,63
AIR FILTER,17801-23030,DIGUE,,0,32
AIR FILTER,17801-20050,DIGUE,,0,1
AIR FILTER,17801-31130,DIGUE,,0,20
AIR FILTER,17801-31110,DIGUE,,0,4
AIR FILTER,17801-30060,DIGUE,,0,3
AIR FILTER,LFBL-13-Z40,DIGUE,,0,0
AIR FILTER,17801-25020,DIGUE,,0,7
AIR FILTER,17801-38010,DIGUE,,0,4
AIR FILTER,17801-38050,DIGUE,,0,14
AIR FILTER,17801-50060,DIGUE,,600,5
AIR FILTER,17220-PWA-J10,DIGUE,,400,0
AIR FILTER,17220-RBJ-000,DIGUE,,0,0
AIR FILTER,17220-RB0-000,DIGUE,,400,15
AIR FILTER,17220-R0A-003,DIGUE,,0,1
AIR FILTER,17801-11090,DIGUE,,0,4
AIR FILTER,B1010,DIGUE,,0,5
WATER PUMP,GWT-142A,GMB,,0,2
AIR FILTER,17801-15070,DIGUE,,0,17
AIR FILTER,17801-97402,DIGUE,,0,0
AIR FILTER,17220-PWA-003,DIGUE,,0,1
AIR FILTER,13780-81PA0,DIGUE,,0,6
AIR FILTER,17220-P2J-00,DIGUE,,400,2
AIR FILTER,17220-R6A-J00,DIGUE,,0,3
AIR FILTER,17220-RSA-A00,DIGUE,,0,0
AIR FILTER,17220-RNA-000,DIGUE,,0,7
AIR FILTER,PY8W-13-3A0,DIGUE/KOWA,,550,25
AIR FILTER,16546-JA00A,DIGUE,,0,10
AIR FILTER,16546-1HK0A,DIGUE,,0,2
AIR FILTER,MR968274,DIGUE,,0,0
AIR FILTER,1500A023,DIGUE,,0,10
AIR FILTER,MR266849,DIGUE,,0,1
AIR FILTER,1500A098,DIGUE,,0,2
AIR FILTER,17801-21060,SAKURA,,450,1
AIR FILTER,17801-31120,SAKURA,,0,1
AIR FILTER,17801-38030,SAKURA,,1200,1
AIR FILTER,28113-22600,KOWA,,0,0
AIR FILTER,17801-21050,KOWA,,200,19
AIR FILTER,17801-21030,KOWA,,0,12
AIR FILTER,17801-30040,KOWA,,0,0
AIR FILTER,AB 39-9601-AB,KOWA,,0,1
AIR FILTER,B2050,KOWA,,0,11
AIR FILTER,17801-70010,ALL PARTS,TOYOTA,450,1
AIR FILTER,13780-74L00,ALL PARTS,,200,1
AIR FILTER,13780-71L00,KOWA,,270,3
AIR FILTER,13780-65J00,KOWA,,0,2
AIR FILTER,17220-SR0-008,KOWA,,0,1
AIR FILTER,PE07-13-3A0A,KOWA,,0,10
CONTROL ARM,48066-29225,SO HQ,,0,0
AIR FILTER,16546-V0100,KOWA,,0,18
AIR FILTER,MD620837,KOWA,,0,1
AIR FILTER,MR188657,KOWA,,300,9
AIR FILTER,1500A098,KOWA,,0,0
AIR FILTER,16546-AA150,KOWA,,0,0
BRAKE PADS,AF-732,CERAMIC,,0,6
MITSUBISHI AIR FILTER,MR571476,MITSUBISHI,,0,0
MITSUBISHI AIR FILTER,1500A190,MITSUBISHI,,2000,0
SUBARU AIR FILTER,16546AA140,SUBARU,,1455,1
TOYOTA GEAR BOX FILTER,35330-28020,TOYOTA GEAR BOX FILTER,,2500,1
SUBARU AIR FILTER,16546AA150,SUBARU,,0,6
SUBARU AIR FILTER,16546AA020,SUBARU,,450,4
CV BOOT,43447-28020,NAKAMOTO,,0,5
CV BOOT,43448-12020,NAKAMOTO,,0,0
CV BOOT,39741-6N225,NAKAMOTO,,0,1
CV BOOT,43448-35030,NKM,,0,1
CV BOOT,43447-17041,PERFECT,,0,12
CV BOOT,43448-25051,PERFECT,,0,1
DRIVE SHAFT BOOT,43447-20030,KOWA,,0,1
STEERING BOOT,45535-60020,NAKAMOTO,,0,2
SHOCK BOOT,48341-12140,KOWA,,0,7
STEERING BOOT,45535-26030,RBI,,0,5
STEERING BOOT,48204-VW025,RBI,,0,1
STEERING BOOT,45535-60020,RBI,,0,2
STEERING BOOT,45535-12070,RBI,,0,0
STEERING BOOT,45535-35030,RBI,,0,5
STEERING BOOT,45535-33050,RBI,,0,3
SHOCK BOOT,48831-12140,TEX,,0,1
STEERING BOOT,48204-4M525,RBI,,0,3
DRIVE SHAFT BOOT,48203-27N26,TEX,,0,19
CABIN FILTER,87139-30040/06050,DIGUE,TOYOTA,250,162
CABIN FILTER,87139-30100,DIGUE,,0,1
CABIN FILTER,80291-T5A-J01,DIGUE,,0,8
CABIN FILTER,80291-T6A-J01,DIGUE,,0,3
CABIN FILTER,27277-4BR0A,DIGUE,,500,1
CABIN FILTER,27277-RDF0A,DIGUE,,0,2
CABIN FILTER,27277-EN000,DIGUE,NISSAN,400,16
TOYOTA CABIN FILTER,87139-30040,TOYOTA,,0,0
CABIN FILTER,87139-47010,SAKURA,,0,2
CABIN FILTER,D651-61-J6X,KOWA,,400,3
CABIN FILTER,KD45-61-J6X,KOWA,,0,7
CABIN FILTER,87139-12010,KOWA,,0,10
CABIN FILTER,72880-FG000,KOWA,,0,14
CABIN FILTER,MM006,BOSCH,,0,1
CABIN FILTER,AC206J,JS,,0,1
CABIN FILTER,87139-48030 (AC104J),JS,,650,2
CABIN FILTER,27277-4M400,,,0,22
CABIN FILTER,87139-38010 (AC111J),JS,,650,5
CABIN FILTER,AC3502,JS,,0,1
CABIN FILTER,AC0157,JS,,0,2
CABIN FILTER,FE000 (AC902J),JS,SUBARU,550,1
CABIN FILTER,95860-80J00 (AC982J),JS,,900,1
CABIN FILTER,72880-FL000 (AC9329),JS,,1000,6
CABIN FILTER,AC3502,JS,,0,1
TRANSMISSION FILTER,JT437K,JS,,0,2
TRANSMISSION FILTER,JT426K,JS,,0,1
TRANSMISSION FILTER,JT321K,JS,,0,1
TRANSMISSION FILTER,JT394K,JS,,0,1
TRANSMISSION FILTER,JT282K,JS,,0,1
AIR FILTER,UFA 584,UNIFILTERS,,0,3
WATER PUMP,GWN-89A,GMB,"MARCH, MICRA, NOTE, TIIDA",0,6
WATER PUMP,GWT-150A,GMB,LAND CRUISER,0,1
WATER PUMP,GWT-119A,GMB,"RAV4, AVENSIS, ALION, ALPHARD",0,3
WATER PUMP,GWT-101A,GMB,,0,7
TOYOTA CLUTCH RELEASE BEARING,31230-71011,TOYOTA,,0,0
TOYOTA CLUTCH RELEASE BEARING,31230-71050,TOYOTA,,0,1
TOYOTA IDLER BEARING,13505-67042,TOYOTA,,0,1
TOYOTA CLUTCH RELEASE BEARING,31230-60200,TOYOTA,,0,4
TOYOTA CLUTCH RELEASE BEARING,31230-36200,TOYOTA,,0,1
TOYOTA IGNITION COIL,90919-02240,TOYOTA,,0,4
FUEL FILTER,AMCO 5001,AMCO,,0,1
TOYOTA FUEL FILTER,23220-74022,TOYOTA,,0,0
TOYOTA GP FUEL PUMP,23220-74021,TOYOTA GP,,0,0
TOYOTA FUEL FILTER,23220-75020,TOYOTA,,0,1
FUEL FILTER,JT520,JS,,0,1
FUEL FILTER,HC0014,JS,,850,4
FUEL FILTER,FS3204,JS,,0,1
FUEL FILTER,FS8015,JS,,0,0
FUEL FILTER,FC184J,JS,,0,1
FUEL FILTER,FS6302,JS,,0,2
FUEL FILTER,FS6301,JS,,0,0
FUEL FILTER,FS6313A,JS,,0,1
FUEL FILTER,FS3301,JS,,0,1
FUEL FILTER,FE3502,JS,,0,2
FUEL FILTER,FS9120,JS,,0,2
FUEL FILTER,FS9094,JS,,0,3
FUEL FILTER,FS3303,JS,,0,2
FUEL FILTER,23300-21010,KOWA,,0,1
FUEL FILTER,AB39-9176-AC,KOWA,,0,1
FUEL FILTER,K034,KOWA,,0,3
FUEL FILTER,23300-74230,KOWA,,0,1
NISSAN FUEL FILTER,15208-20N00,NISSAN,SUNNY,0,1
FUEL FILTER,16403-59E00,DIGUE,,0,6
FUEL FILTER,16403-Z7000,DIGUE,,0,6
FUEL FILTER,8-2798847-0,DIGUE,,0,1
FUEL FILTER,8-98036321-0,DIGUE,,0,0
FUEL FILTER,23390-64450,DIGUE,,0,9
FUEL FILTER,23390-64480,DIGUE,,0,1
FUEL FILTER,16405-02N10,DIGUE,,0,1
FUEL FILTER,FC321J,SAKURA,,0,1
FUEL FILTER,FS 18300,SAKURA,,0,1
FUEL FILTER,ME132525,FULL,,0,1
FUEL FILTER,23300-19465,MICRO,,0,1
FUEL FILTER,23300-19465,HK,,0,1
FUEL FILTER,FS1112,SAKURA,,0,1
FUEL FILTER,23300-16330,ZYC,,0,1
FUEL FILTER,23300-16290,ZYC,,0,1
FUEL FILTER,AP-FF-008,ALL PARTS,,0,1
FUEL FILTER,AP-FF-007,ALL PARTS,,0,1
OIL FILTER,O-3155,OSK,,0,1
OIL FILTER,1-ON5049,FULL,,0,2
OIL FILTER,C-1403,SAKURA,,0,3
OIL FILTER,EO-1802,SAKURA,,0,3
OIL FILTER,15208-H8916,DIGUE,,0,0
OIL FILTER,8-973099270-0,DIGUE,,0,0
OIL FILTER,MD069782,DIGUE,,0,4
OIL FILTER,C2075,JS,,0,3
OIL FILTER,OE584J,JS,,0,1
OIL FILTER,OE205J,JS,,0,2
OIL FILTER,C0001,JS,,0,1
OIL FILTER,OE080,JS,,0,2
OIL FILTER,MD001445,KOWA,,0,1
OIL FILTER,O 222-13-470,KOWA,,0,1
OIL FILTER,90915-03004,KOWA,,0,1
OIL FILTER,ME-013343,KOWA,,0,2
OIL FILTER,15208-H8911,DECOSE,,0,1
ISUZU OIL FILTER,1-87618051-0,ISUZU,,0,0
OIL FILTER,ADT32112,BLUEPRINT,,0,1
OIL FILTER,260340-0660,DENSO,,0,2
OIL FILTER,260340-0500,DENSO,,0,1
OIL FILTER,OFR403HK,HK,,0,1
AIR FILTER,17020,,,0,0
OIL FILTER,ME014833,SOLID,,0,1
TIMING BELT,13568-39016,TOYOTA GP,,0,0
TIMING BELT,13568-19106,TOYOTA,,0,1
TIMING BELT,13568-69085,TOYOTA,,0,0
TIMING BELT,13568-29025,TOYOTA,,0,1
TIMING BELT,13568-19046,TOYOTA,,0,0
TIMING BELT,13568-19195,TOYOTA,,0,2
TIMING BELT,13568-19175,TOYOTA,,0,2
TIMING BELT,HTD-1120-8M,TRANS FLEX,,0,1
TIMING BELT,94763,DAYCO,,0,1
TOYOTA TOP COVER GASKET,11213-22050,TOYOTA,,0,5
TOYOTA BRAKE PADS,04465-02220,TOYOTA,,6000,0
TOYOTA TOP COVER GASKET,11213-28041,TOYOTA,,0,4
TOYOTA TOP COVER GASKET,11213-75030,TOYOTA,,0,0
TOYOTA TOP COVER GASKET,11213-23030,TOYOTA,,0,0
TOYOTA TOP COVER GASKET,11213-16040,TOYOTA,,0,0
TOYOTA TOP COVER GASKET,11214-31020,TOYOTA,,0,0
TOYOTA TOP COVER GASKET,11213-37020,TOYOTA,,0,5
TOYOTA TOP COVER GASKET,11213-21011,TOYOTA,INZ,0,9
TOYOTA TOP COVER GASKET,11214-31010,TOYOTA,,0,0
TOYOTA TOP COVER GASKET,11213-47020,TOYOTA,,0,0
TOYOTA TOP COVER GASKET,11213-23020,TOYOTA,,0,7
TOYOTA TOP COVER GASKET,11213-21020,TOYOTA,,0,2
TOYOTA TOP COVER GASKET,11214-50011,TOYOTA,,0,2
TOYOTA TOP COVER GASKET,11213-70040,TOYOTA,,0,0
TOYOTA TOP COVER GASKET,11213-20030,TOYOTA,,0,1
TOYOTA TOP COVER GASKET,11213-31050,TOYOTA,,0,1
TOYOTA TOP COVER GASKET,11213-17010,TOYOTA,,0,1
TOYOTA TOP COVER GASKET,11213-31040,TOYOTA,,0,1
TOYOTA TOP COVER GASKET,11213-15070,TOYOTA,,0,2
TOYOTA TOP COVER GASKET,11213-30020,TOYOTA,,0,4
TOYOTA TOP COVER GASKET,11213-74020,TOYOTA,,0,1
TOYOTA TOP COVER GASKET,11213-28021,TOYOTA,1AZ,300,0
TOYOTA TOP COVER GASKET,11213-50031,TOYOTA,,0,1
TOYOTA TOP COVER GASKET,11214-31030,TOYOTA,,750,0
TOYOTA TOP COVER GASKET,11214-20030/20050,TOYOTA,,0,0
TOYOTA TOP COVER GASKET,11213-0Q010,TOYOTA,,0,1
NISSAN TOP COVER GASKET,13270-8H301,NISSAN,,0,3
NISSAN TOP COVER GASKET,13270-1H00A,NISSAN,,0,2
NISSAN TOP COVER GASKET,13270-ED000,NISSAN,,0,1
NISSAN TOP COVER GASKET,13270-EN200,NISSAN,,0,1
SUZUKI TOP COVER GASKET,J20A,SUZUKI,,0,2
HONDA TOP COVER GASKET,12030-PWC-000,HONDA,,0,1
MITSUBISHI TOP COVER GASKET,1035A583,MITSUBISHI,,0,3
SUBARU TOP COVER GASKET,13270-4M500,SUBARU,,0,1
TOYOTA TOP COVER GASKET,13270-4M500,TOYOTA,,0,0
TOYOTA GEAR BOX FILTER,35330-52060,TOYOTA GEAR BOX FILTER,,2500,3
TOYOTA GEAR BOX FILTER,35330-52030,TOYOTA GEAR BOX FILTER,,2500,0
TOYOTA GEAR BOX FILTER,35330-60040,TOYOTA GEAR BOX FILTER,,0,0
TOYOTA GEAR BOX FILTER,35330-52010,TOYOTA GEAR BOX FILTER,,0,0
TOYOTA GEAR BOX FILTER,35330-60050,TOYOTA GEAR BOX FILTER,,0,1
TOYOTA GEAR BOX FILTER,35330-60070,TOYOTA GEAR BOX FILTER,,2500,1
TOYOTA GEAR BOX FILTER,35330-0W060,TOYOTA GEAR BOX FILTER,,2500,9
TOYOTA GEAR BOX FILTER,35330-0W080,TOYOTA GEAR BOX FILTER,,2500,0
TOYOTA GEAR BOX FILTER,35330-0W010,TOYOTA GEAR BOX FILTER,,0,1
TOYOTA GEAR BOX FILTER,35330-60050(JS426K),TOYOTA GEAR BOX FILTER,,2500,1
TOYOTA GEAR BOX FILTER,35303-52020(JS282K),TOYOTA GEAR BOX FILTER,,0,1
TOYOTA GEAR BOX FILTER,35330-38050/48020 (JS394K,TOYOTA GEAR BOX FILTER,,0,0
NISSAN GEAR BOX FILTER,31726-3JX0A,NISSAN GEAR BOX FILTER,,0,0
NISSAN GEAR BOX FILTER,31728-80X04/80L01(JT321K),NISSAN GEAR BOX FILTER,,2500,1
NISSAN GEAR BOX FILTER,31728-AA030,NISSAN GEAR BOX FILTER,,0,2
MAZDA GEAR BOX FILTER,FNC1-21-500,MAZDA GEAR BOX FILTER,,2500,2
MAZDA GEAR BOX FILTER,FZ11-21-500,MAZDA GEAR BOX FILTER,,2500,0
MAZDA GEAR BOX FILTER,FZ01-21-500,MAZDA GEAR BOX FILTER,,0,0
SUBARU GEAR BOX FILTER,31835-AA030(JT520),SUBARU GEAR BOX FILTER,,0,1
STABILIZER LINK,SL-1860,555 TAIWAN,,0,0
OIL FILTERS,15208-65F00,DIGUE/TEX/KOWA/HK,NISSAN,160,5
NISSAN OIL FILTERS,15208-65F00,NISSAN,,0,76
NISSAN OIL FILTERS,15208-BN30A,NISSAN,,1200,0
NISSAN OIL FILTERS,15209-2W200,NISSAN,,850,0
OIL FILTERS,90915-10001/YZZE1,KOWA,TOYOTA,0,3
STABILIZER BUSH,48815-60260,RBI,,0,6
OIL FILTERS,04152-38010,DIGUE,,0,1
OIL FILTERS,MD135737,KOWA,,0,10
OIL FILTERS,04152-37010/40060,DIGUE/TESON/KOWA,TOYOTA,250,10
OIL FILTERS,04152-38020,DIGUE,TOYOTA,0,5
OIL FILTERS,90915-30002 8T,DIGUE,TOYOTA,0,0
OIL FILTERS,04152-38010,SAKURA,,0,6
TOYOTA OIL FILTERS,04152-37010,TOYOTA,,350,24
TOYOTA OIL FILTERS,90915-YZZE2,TOYOTA,,300,39
TOYOTA OIL FILTERS,90915-YZZE1,TOYOTA,,0,88
TOYOTA OIL FILTER,04152-31090,TOYOTA,,350,2
TOYOTA OIL FILTERS,04152-38010/YZZA5,TOYOTA,,0,44
TOYOTA OIL FILTERS,04152-38020,TOYOTA,,500,24
TOYOTA OIL FILTERS,90915-30002 8T,TOYOTA,,600,21
TOYOTA OIL FILTERS,90915-YZZD4,TOYOTA,,350,17
TOYOTA OIL FILTER,90915-YZZD2,TOYOTA,,350,61
TOYOTA OIL FILTERS,90915-10010,TOYOTA,,1200,5
SUBARU OIL FILTERS,15208AA100,SUBARU,,500,50
SUZUKI OIL FILTERS,16510-61A31,SUZUKI,,500,0
MAZDA OIL FILTERS,SHO1-14-302A,MAZDA,,500,6
MAZDA OIL FILTERS,PE01-14-302A,MAZDA,,500,5
MITSUBISHI OIL FILTERS,MZ690115,MITSUBISHI,,350,21
MITSUBISHI OIL FILTERS,MD 352626,MITSUBISHI,,1800,1
MITSUBISHI OIL FILTERS,1230A045,MITSUBISHI,,2500,0
TOYOTA FUEL FILTERS,23303-64010,TOYOTA,,0,45
TOYOTA FUEL FILTERS,23300-31160,TOYOTA,,2500,1
TOYOTA FUEL FILTERS,23390-0L041,TOYOTA,,400,5
TOYOTA FUEL FILTERS,23390-51030,TOYOTA,,800,5
TOYOTA FUEL FILTERS,23390-51020,TOYOTA,,400,4
TOYOTA FUEL FILTERS,23390-0L050,TOYOTA,,500,2
OIL FILTER,90915-20001/03002/YZZD2/03006,TESON/KOWA,,0,58
FUEL FILTERS,23390-51020,DIGUE,,0,1
FUEL FILTERS,23390-01050(FE 1502),JS,,0,1
MAZDA FUEL FILTERS,S51C-13-ZA5B,MAZDA,,0,1
RBI ARM BUSH,8-97220043-0,RBI UP,D MAX,0,4
RBI ARM BUSH,59391-55A-024,RBI,"CV 2001, CRV 2002",0,2
RBI ARM BUSH,MN125871,RBI,"LANCER, 2007",0,1
RBI ARM BUSH,54506-B9500,RBI,,0,0
RBI ARM BUSH,4013A311,RBI,"MIRAGE, ATTRAGE",0,1
RBI ARM BUSH,54570-EE500,RBI LOWER BIG,"TIIDA C11, LATIO",750,19
RBI ARM BUSH,48632-60030,RBI,"UZJ 200, URJ 2001",0,0
RBI ARM BUSH,54560-8H300,RBI,"XTRAIL, T30",0,6
RBI ARM BUSH,48655-42040,RBI,"RAV4, ACA20",0,4
RBI ARM BUSH,20204 AG011,RBI,"LEGACY, XV 2011",0,8
RBI ARM BUSH,48654-0D040,RBI,VIOS,0,1
RACK END,SR-3920,TAIWAN,RAV4,0,4
ARM BUSH,54560-1HJ0A,PERFECT,MARCH K13,0,9
ARM BUSH,48655-28020,PERFECT,"CAMRY, ALPHARD",0,0
ARM BUSH,48655-0D060,PERFECT,"VIOS, PLATZ, PROBOX",0,3
ARM BUSH,48654-12120,PERFECT,"ALTIS, ZZE121",0,36
ARM BUSH,B45A-34-460,PERFECT,MAZDA 3,0,20
ARM BUSH,D651-34-300,PERFECT,"DEMIO, FIESTA",0,11
ARM BUSH,48655-42060,PERFECT,"RAV4, ACA 30",450,10
ARM BUSH,48654-12020,PERFECT,"ALTIS, ZZE",0,0
ARM BUSH,48655-0D051,PERFECT,"VIOS, NCP93",0,82
ARM BUSH,48655-12170,PERFECT,"ALTIS,ZZE",0,2
SUSPENSION BUSH,48725-02240/12560,RBI,NZE,0,12
RBI ARM BUSH,48655-28020,RBI,,0,13
ARM BUSH,48654-28060,PERFECT,,0,12
ARM BUSH,20204-AG011,PERFECT,,0,2
ARM BUSH,54570-1HJ0A,PERFECT,,0,11
BRAKE PADS,KD 2457,ASIMCO,,1300,1
ARM BUSH,D651-34-470,PERFECT,,350,0
ARM BUSH,48655-60040,PERFECT,,0,4
SUSPENSION BUSH,48706-60011,PERFECT,,0,4
ARM BUSH,48655-42040,PERFECT,,0,0
ARM BUSH,MR 403441,PERFECT,,0,2
ARM BUSH,48061-60010,PERFECT,,0,2
ARM BUSH,48702-60050,PERFECT,,0,8
ARM BUSH,51391-T5A-J01,PERFECT,,0,4
ARM BUSH,51392-T7A-A01,PERFECT,,0,10
ARM BUSH,KD35-35-470,PERFECT,MAZDA 3,0,2
ARM BUSH,54560-EE530,PERFECT,,0,2
ARM BUSH,48655-42040,NAKAMOTO,,0,2
ARM BUSH,48655-0K040,NAKAMOTO,,0,2
ARM BUSH,48702-35070,MITOYO,,0,4
ARM BUSH,48654-0D060,THAILAND,,0,1
ARM BUSH,48655-28020,NAKAMOTO,,0,2
ARM BUSH,54570-EE500,NAKAMOTO,,0,6
ARM BUSH,48061-26010,NAKAMOTO LOWER,,0,4
ARM BUSH,48655-0D050,NAKAMOTO,,0,3
ARM BUSH,48702-52020,THAILAND,,0,0
RBI ARM BUSH,MR 510417S,RBI,PAJERO V75,0,4
RBI ARM BUSH,MR403441,RBI,"CEDIA, C53, C55, C59",0,17
RBI ARM BUSH,45540-63J00,RBI,"SWIFT, RS415",0,1
RBI ARM BUSH,51391-SEL-T01,RBI,CITY 2003,0,4
RBI ARM BUSH,48655-12050,RBI,"EE100, AE101",0,2
RBI ARM BUSH,48654-20190,RBI,ST 191,0,10
RBI ARM BUSH,48655-12010,RBI,EE90,0,3
RBI ARM BUSH,20204A-000,RBI,IST,0,5
RBI ARM BUSH,54570-1HJ0A,RBI,MARCH,0,35
RBI ARM BUSH,48061-60010,RBI,LAND CRUISER,0,0
RBI ARM BUSH,48632-60010,RBI,"LX470, FZJ100",0,4
RBI ARM BUSH,54560-25600,RBI,"D22, 4WD",0,3
RBI ARM BUSH,54560-EE530,RBI,,0,24
RBI ARM BUSH,54570-8H300,RBI,XTRAIL,0,10
RBI ARM BUSH,51391-SYY-010,RBI,FREED,0,4
RBI ARM BUSH,KD35 34 460,RBI,MAZDA 3,0,4
RBI ARM BUSH,54570-4M410,RBI,"NEO, WINGROAD",0,4
RBI ARM BUSH,48061-6010,RBI,,0,2
RBI ARM BUSH,48655-19190,RBI,,0,1
RBI ARM BUSH,B45A-34 460,RBI,MAZDA 3,0,14
RBI ARM BUSH,48706-60040,RBI,,0,4
RBI ARM BUSH,54525-AX002B,RBI,TIIDA,0,9
RBI ARM BUSH,00060-48654,RBI,YARIS,0,2
RBI ARM BUSH,8-97364174-0,RBI,,0,4
RBI ARM BUSH,48655-12170-02100,RBI,"ALTIS, ZZE",0,56
SUSPENSION BUSH,48702-35040,RBI,VZJ95,0,0
SUSPENSION BUSH,48720-0K050-2,RBI,"FORTUNER, INOVA",0,2
SUSPENSION BUSH,48714-35010,RBI,PRADO,0,19
SUSPENSION BUSH,48702-60050,RBI,LAND CRUISER,740,4
RBI ARM BUSH,51460-S04-023,RBI,,0,12
SUSPENSION BUSH,48725-12150,RBI,EE90,0,5
SUSPENSION BUSH,48702-60090,RBI,,0,8
SUSPENSION BUSH,48720-0K050-1,RBI,"FORTUNER, INOVA",0,2
SUSPENSION BUSH,54467-JD00A,PERFECT,"XTRAIL, TEARA",0,9
SUSPENSION BUSH,48770-20020,PERFECT,"WISH, FIELDER",0,2
SUSPENSION BUSH,48760-41010-1,PERFECT,,0,3
SUSPENSION BUSH,48725-35020,PERFECT,,0,0
OIL FILTERS,04152-38010,TESON,,0,24
SUSPENSION BUSH,48714-35010,PERFECT,PRADO,0,2
SUSPENSION BUSH,48725-0D040,PERFECT,,0,0
SUSPENSION BUSH,54466-JD000,PERFECT,,0,4
ENGINE BUSH,12372-0D050,PERFECT,,0,8
RBI SHOCK BUSH,48536-60010,RBI,,0,20
SHOCK BUSH,90389-T0001,PERFECT,VIGO,0,0
DRIVE SHAFT BOOT,C92DA-JE32J,RBI,XTRAIL,0,5
DRIVE SHAFT BOOT,43448-20020,RBI,CAMRY,0,7
DRIVE SHAFT BOOT,44017-T9A-T01,RBI,"CITY, JAZZ",0,7
DRIVE SHAFT BOOT,75430-N0574,RBI,KDJ120,0,1
DRIVE SHAFT BOOT,39241-V125,RBI,A33,0,1
DRIVE SHAFT BOOT,39241-0F000,RBI,TERRAMO,0,1
DRIVE SHAFT BOOT,43448-35020,RBI,HILUX,0,1
DRIVE SHAFT BOOT,39741-02A01,RBI,B12,0,2
DRIVE SHAFT BOOT,43448-12020,RBI,"ALTIS, ZZE",0,5
CV BOOT,43447-28020,TEX,,0,4
DRIVE SHAFT BOOT,C9241-EE70A,RBI,TIIDA,0,2
DRIVE SHAFT BOOT,43448-10020,RBI,EP70,0,6
DRIVE SHAFT BOOT,43448-0K010,RBI,,0,2
DRIVE SHAFT BOOT,43448-12120,RBI,"ALTIS, ZZE",0,0
DRIVE SHAFT BOOT,39241-01E25,RBI,B13,0,4
DRIVE SHAFT BOOT,39741-01E25,RBI,B13,0,1
DRIVE SHAFT BOOT,39241-50A00-,RBI,B12,0,2
TEST,,,,0,0
DRIVE SHAFT BOOT,43448-28051,RBI,"WISH, ALPHARD",0,0
DRIVE SHAFT BOOT,43447-0K020,RBI,,700,6
DRIVE SHAFT BOOT,43447-58080,RBI,,0,11
DRIVE SHAFT BOOT,43448-17041,TEX,,150,5
DRIVE SHAFT BOOT,43448-12040,TEX,,150,13
DRIVE SHAFT BOOT,43447-0D140,POP,YARIS,0,2
DRIVE SHAFT BOOT,43447-23020,POP,WISH,0,2
DRIVE SHAFT BOOT,43448-35030,POP,PRADO,0,2
SUBARU FUEL FILTER,42072AA011,SUBARU,,0,1
NISSAN FUEL FILTER,16400-ES60C,NISSAN,,0,0
TOYOTA FUEL FILTER,23300-31100,TOYOTA,,0,1
GMB UNIVERSAL JOINTS,GUT-21,GMB UNIVERSAL JOINTS,,0,24
GMB UNIVERSAL JOINTS,ST-1640,GMB UNIVERSAL JOINTS,,0,4
GMB UNIVERSAL JOINTS,GUIS-71,GMB UNIVERSAL JOINTS,,0,1
TOYOTA UNIVERSAL JOINTS,GUT-24,TOYOTA UNIVERSAL JOINTS,,0,1
GMB UNIVERSAL JOINTS,GUN-46,GMB UNIVERSAL JOINTS,,0,2
GMB UNIVERSAL JOINTS,GUM-43,GMB UNIVERSAL JOINTS,,0,1
GMB UNIVERSAL JOINTS,GU-1100,GMB UNIVERSAL JOINTS,,0,2
GMB UNIVERSAL JOINTS,GUT-29,GMB UNIVERSAL JOINTS,,0,7
GMB UNIVERSAL JOINTS,GUT-20,GMB UNIVERSAL JOINTS,,0,9
TOYOTA TENSIONER,13540-67020,TOYOTA,,0,0
TOYOTA TENSIONER,13540-17011,TOYOTA,,0,1
TOYOTA TENSIONER,13505-17011,TOYOTA,,0,1
SPARK PLUGS,K16TR11 (90919-01192),(VERSATILE) TOYOTA SPARK PLUGS,,150,9
SPARK PLUGS,SC20HR11 (90919-02153),(VERSATILE) TOYOTA SPARK PLUGS,,350,4
SPARK PLUGS,SC20HR11 (90919-01253),(A1) TOYOTA SPARK PLUGS,,1080,10
SPARK PLUGS,SK20HR11 (90919-01191),(A1) TOYOTA SPARK PLUGS,,1080,0
SPARK PLUGS,K16RU11 (90919-01164),(UNITRON) TOYOTA SPARK PLUGS,,250,18
SPARK PLUGS,FK20HR11 (90919-01247),(UNITRON) TOYOTA SPARK PLUGS,,680,0
SPARK PLUGS,FK16HR11 (90919-01243),(UNITRON) TOYOTA SPARK PLUGS,,680,16
SPARK PLUGS,FC16HR-Q8 (90919-01289),(UNITRON) TOYOTA SPARK PLUGS,,680,2
SPARK PLUGS,ILMAR7A8,(UNITRON) SUZUKI SPARK PLUGS,,680,4
SPARK PLUGS,SK20R11 (90919-01210),(UNITRON) TOYOTA SPARK PLUGS,,680,12
SPARK PLUGS,SK20BGR11 (90919-01221),(UNITRON) TOYOTA SPARK PLUGS,,680,16
SPARK PLUGS,FK20HBR11 (90919-01263),(UNITRON) TOYOTA SPARK PLUGS,,680,2
SPARK PLUGS,SC16HR11 (90919-01275),(UNITRON) TOYOTA SPARK PLUGS,,680,1
SPARK PLUGS,22401-8H516 (LFR6A-11),(UNITRON) NISSAN SPARK PLUGS,,400,18
SPARK PLUGS,22401-JD01B (FXE20HR11),(UNITRON) NISSAN SPARK PLUGS,,680,6
SPARK PLUGS,22401-1VA1C (DILKAR7DHH),(UNITRON) NISSAN SPARK PLUGS,,680,0
SPARK PLUGS,ZY51-18-110 (FK16PR11),(UNITRON) MAZDA SPARK PLUGS,,0,2
SPARK PLUGS,L3Y4-18-110 (ITR6F-13),(UNITRON) MAZDA SPARK PLUGS,,0,6
SPARK PLUGS,12290-RB0-J11 (DIFR6D13),(UNITRON) HONDA SPARK PLUGS,,0,2
SPARK PLUGS,SK20HR11 (90919-01191),(UNITRON),,0,13
SPARK PLUGS,1822A068 (DIFR5C11),(UNITRON) MITSUBISHI SPARK PLUGS,,0,6
SPARK PLUGS,22401-AA630 (ILFR6B),(UNITRON) SUBARU SPARK PLUGS,,0,6
SPARK PLUGS,22401-AA781 (SILZKAR7B11),(UNITRON) SUBARU SPARK PLUGS,,0,0
SPARK PLUGS,BP6EY,(UNITRON) NGK SPARK PLUGS,,0,36
SPARK PLUGS,BKR6EYA-11,NGK SPARK PLUGS,,220,32
SPARK PLUGS,1LKAR7B11,(UNITRON) NGK SPARK PLUGS,,0,4
SPARK PLUGS,BKR5E1X,NGK SPARK PLUGS,,940,4
SPARK PLUGS,IFR6T11,(UNITRON) NGK SPARK PLUGS,,0,16
SPARK PLUGS,IXUH22,(UNITRON) NGK SPARK PLUGS,,0,13
SPARK PLUGS,LFR5A1X-11,NGK SPARK PLUGS,,0,40
BEARINGS,HI-CAP30304AJR,JTEKT,,0,0
SPARK PLUGS,VHK20,(UNITRON) DENSO SPARK PLUGS,,0,6
BEARINGS,JLM 506 849E/10E,JTEKT,,0,0
BEARINGS,HI-CAPLM501349/10,KOYO,,0,1
BEARINGS,HI-CAPLM501349/10,JTEKT,,0,0
BEARINGS,HC30211JR,JTEKT,,0,1
BEARINGS,HC32210JR,JTEKT,,0,1
BEARINGS,HI-CAP32009JR,JTEKT,,0,1
BEARINGS,HI-CAPJLM104948,JTEKT,,0,1
BEARINGS,12749/10,KOYO,,0,8
BEARINGS,6202ZZCM,JTEKT,,0,1
CV JOINT,T0-080,HDK,2KD,0,0
BEARINGS,6303 2RS SC3,ITN,,0,1
NSK BEARINGS,LM11949R/91,NSK,,0,0
NSK BEARINGS,6000ZZC MN575,NSK,,0,1
NSK BEARINGS,608221,NSK,,0,4
BEARINGS,C014,KOYO,,0,1
BEARINGS,JTC-630141,KOYO,,0,1
BEARINGS,HI-CAP 117449R,KOYO,,0,1
BEARINGS,63012RSCM,KOYO,,0,1
BEARINGS,HC 30305JR,KOYO,,0,1
BEARINGS,68149/10,KOYO,,0,7
HUB BEARING,42450-52130,SO HQ,,0,2
BEARINGS,6206 2RS,NACHI,,0,0
BEARINGS,6000 ZZE,NACHI,,0,1
BEARINGS,15BC0451855U,NACHI,,0,1
BEARINGS,LM11949R/91,NTN,,0,1
BEARINGS,L68149/L68110,NTN,,0,1
BEARINGS,JL 693491 JL 69310,NTN,,0,0
TOYOTA BEARINGS,90363-12010,TOYOTA,,0,2
BEARINGS,B10-500,PF1,,0,1
PROTONO COOLANT,GREEN 5 LITRE,PROTONO,,0,73
PROTONO COOLANT,RED 5 LITRE,PROTONO,,0,72
PROTONO COOLANT,GREEN 1 LITRE,PROTONO,,0,15
ROYAL COOL COOLANT,RED 1 LITRE,ROYAL COOL,,0,8
ROYAL COOL COOLANT,GREEN 1 LITRE,ROYAL COOL,,0,3
PROTONO COOLANT,RED 1 LITRE,PROTONO,,0,0
FAN BELT,6PK 1820,BELT,,0,1
FAN BELT,6PK 1540,BELT,,0,3
HYDRAULIC OIL,AW68,AXABULL,,0,1
AIR FILTER,17801-74020,DIGUU,,0,0
ENGINE OIL,5W-30 SN 4L,IDEMITSU,,0,1
ATF FLUID,DW-1,HONDA,,0,1
ATF FLUID,MATIC J 4L,NISSAN,,0,0
CVT FLUID,SYNTHETIC GREEN,REINOL,,0,2
ATF FLUID,M-V 4L,MAZDA,,0,2
AFT FLUID,FZ 4L,MAZDA,,0,7
ENGINE OIL,SAE 10W-40 4L,EURO ATLANTIC,,0,1
AISIN,AFW 4L,AISIN,,0,1
ATF FLUID,SP-3 4L,MITSUBISHI,,0,1
ENGINE OIL,5W 30 SN,NISSAN,,0,2
CVT FLUID,NS-3 4L,NISSAN,,0,1
CVT FLUID,NS-2 4L,NISSAN,,0,0
STABILIZER BUSH,48815-25050,THAILAND,,0,14
ATF FLUID,ATF T-IV 4L,TOYOTA,,0,99
CVT FLUID,CVT FE 4L,TOYOTA,,0,0
ARM BUSH,45201-85K10B,THAILAND BIG,SUZUKI ALTO,0,6
FAN BELT,6PK 1890,BELT,,0,1
ATF FLUID,T4 4L,AKINAWA,,0,4
ATF FLUID,HMMF 4L,HONDA,,0,0
CVT FLUID,HCF-2 4L,HONDA,,0,1
ENGINE VALVE,13711-54040,3L/5L,,0,0
FAN BELT,6PK 1840,BELT,,0,4
FAN BELT,3PK 875,BELT,,0,2
FAN BELT,3PK 1050,BELT,,0,1
FAN BELT,3PK 1225,BELT,,0,3
FAN BELT,3PK 1200,BELT,,0,8
FAN BELT,3PK 1110,BELT,,0,3
CVT FLUID,FE 1L,TOYOTA,,0,4
FAN BELT,3PK 950,BELT,,0,3
ENGINE OIL,20W-50 1L,AXABULL,,0,84
FAN BELT,6PK 1590,BELT,,0,1
FAN BELT,3PK 870,BELT,,0,3
FAN BELT,3PK 550,BELT,,0,3
FAN BELT,3PK 850,BELT,,0,2
ATF FLUID,MATIC J 1L,AKLINAWA,,0,1
ATF FLUID,ATF FZ 1L,AKLINAWA,,0,1
CVT FLUID,HMMF 1L,AKLINAWA,HONDA,0,2
CVT FLUID,CVT FE 1L,AKLINAWA,TOYOTA,0,2
ENGINE OIL,0W-20,AKLINAWA,,0,2
ENGINE OIL,15W-40 1L,AKLINAWA,,0,3
ENGINE OIL,0W-20 4L,AKLINAWA,,0,1
FAN BELT,3PK 990,BELT,,0,4
FAN BELT,3PK 1000,BELT,,0,3
ENGINE OIL,20W-50 4L,AKINAWA,,0,16
AIR FILTER,16546-5WK0A,DIGUE,NISSAN,0,0
AIR FILTER,16546-ED500,DIGUE,NISSAN,250,20
TOYOTA TOP COVER GASKET,11213-62020,TOYOTA,,0,1
BEARING,HI-CAP LM102949,JTEKT,,0,0
TOYOTA BRAKE PADS,04465-35280,TOYOTA,PRADO 95,0,0
FAN BELT,7PK 1690,BELT,,0,1
FAN BELT,5PK 1150,BELT,,0,0
FAN BELT,4PK 1460,BELT,,0,2
FAN BELT,4PK 770,BELT,,0,0
FAN BELT,7PK 1920,BELT,,0,0
FAN BELT,7PK 2040,TOYOTA,,0,1
FAN BELT,7PK 995,BELT,,0,1
FAN BELT,7PK 1200,BELT,,0,5
FAN BELT,7PK 1165,BELT,,0,9
FAN BELT,7PK 1240,BELT,,0,5
FAN BELT,7PK 1935,BELT,,0,4
FAN BELT,7PK 1550,BELT,,0,0
FAN BELT,7PK 2105,BELT,,0,1
FAN BELT,7PK 1950,BELT,,0,1
FAN BELT,5PK 880,BELT,,0,2
FAN BELT,5PK 1080,BELT,,0,2
FAN BELT,5PK 1360,BELT,,0,1
TOYOTA IGNITION COIL,90919-02239,TOYOTA,,0,1
FAN BELT,5PK 1090,BELT,,0,1
KYB SHOCKS,339199,KYB/,XTRAIL T31,0,1
FAN BELT,4PK 1150,BELT,,0,3
FAN BELT,4PK 800,BELT,,0,0
FAN BELT,4PK 1190,BELT,,0,0
FAN BELT,4PK 1165,BELT,,0,0
FAN BELT,4PK 810,BELT,,0,2
FAN BELT,4PK 975,BELT,,0,1
FAN BELT,4PK 1238,BELT,,0,0
FAN BELT,4PK 1050,BELT,,0,1
FAN BELT,4PK 1710,BELT,,0,1
FAN BELT,4PK 880,BELT,,0,2
FAN BELT,4PK 845,BELT,,0,0
FAN BELT,4PK 1060,BELT,,0,1
FAN BELT,4PK 825,BELT,,0,0
FAN BELT,4PK 1185,BELT,,0,1
FAN BELT,4PK 890,BELT,,0,1
CVT FLUID,NS-3 4L,NISSAN,,0,0
FAN BELT,3PK 855,BELT,,0,2
FAN BELT,3PK 890,BELT,,0,1
FAN BELT,3PK 900,BELT,,0,2
FAN BELT,7PK 2285,BELT,,0,1
FAN BELT,7PK 1140,BELT,,0,5
KYB SHOCKS,341815,KYB REAR,AVENSIS,0,0
TOYOTA BRAKE PADS,04466-28520,TOYOTA,ALPHARD,0,0
FAN BELT,3PK 630,BELT,,0,2
CV BOOT,43447-28020,RBI,,0,0
FAN BELT,6PK 2245,BELT,,0,5
FAN BELT,6PK 1880,BELT,,0,1
FAN BELT,6PK 2155,BELT,,0,2
FAN BELT,6PK 2000,BELT,,0,1
FAN BELT,6PK 1805,BELT,,0,2
FAN BELT,6PK 1473,BELT,,0,1
FAN BELT,6PK 1750,BELT,,0,2
FAN BELT,6PK 1700,BELT,,0,1
FAN BELT,6PK 1215,BELT,,0,0
FAN BELT,6PK 1110,BELT,,0,2
FAN BELT,6PK 1180,BELT,,0,0
FAN BELT,6PK 1026,BELT,,0,1
FAN BELT,6PK 1165,BELT,,0,2
DRIVE SHAFT BOOT,43448-0D350,RBI,NCP93,0,4
FAN BELT,6PK 2040,BELT,,0,2
FAN BELT,6PK 940,BELT,,0,1
FAN BELT,6PK 1810,BELT,,0,6
FAN BELT,6PK 2100,BELT,,0,0
TOYOTA TOP COVER GASKET,11213-17030,TOYOTA,,0,0
ENGINE MOUNTING FR,MR554244IN,THAILAND,LANCER,0,1
STABILIZER LINK,SL-T220,555,,570,4
TIE ROD END,SE-T401,555,70 SERIES,750,4
DRIVE SHAFT BOOT,43448-0D140,PERFECT,,250,9
DRIVE SHAFT BOOT,43447-0D140,NKM,,250,1
DRIVE SHAFT BOOT,43447-0D140,RBI,,0,1
CABIN FILTER,87139-47010,DIGUE,,250,15
TOYOTA FUEL FILTER,23390-0L070,TOYOTA,,800,11
AIR FILTER,17801-BZ150,ZYC,TOYOTA,420,2
AIR FILTER,16546-5TA0A,DIGUE,,0,5
TIMING BELT,163S8M27,,,0,1
TOYOTA AIR FILTER,17801- 51020,TOYOTA,,2800,5
TOYOTA AIR FILTER,17801-17010,TOYOTA,,1300,4
TOYOTA AIR FILTER,17801-61030/68020,TOYOTA,,1250,1
TOYOTA AIR FILTER,17801-0C010,TOYOTA,,1500,2
ENGINE MOUNTING,12361-0D040,RBI,"NZE,ZZE,121/2",0,1
GEARBOX FILTER,35330-06010,TOYOTA,,2500,0
AIR FILTER,16546-JD20B,ZYC,NISSAN,0,1
AIR FILTER,16546-JG30A-C148,NISSAN,NISSAN,1100,1
AIR FILTER,16546-41B00,DIGUE,NISSAN,0,0
AIR FILTER,16546-HA000,DIGUE,NISSAN,350,2
AIR FILTER,16546-EJ70A,DIGUE,NISSAN,450,1
AIR FILTER,16546-EB70A,DIGUE,NISSAN,0,6
AIR FILTER,16546-ED000 (A-1878),SAKURA,NISSAN,400,1
AIR FILTER,13780-57B00,KOWA,SUZUKI,0,1
AIR FILTER,13780-78R00,KOWA,SUZUKI,420,3
AIR FILTER,13780-77E00,KOWA,SUZUKI,0,1
AIR FILTER,16546-06J00 (A-1834),SAKURA,,1000,2
AIR FILTER,17801-B2050,DIGUE,,250,3
SUBARU AIR FILTER,1656AA020,SUBARU,,450,2
SUBARU AIR FILTER,72880-FG000,SUBARU,,2000,1
AIR FILTER,16546AA090,DIGUE,SUBARU,350,37
AIR FILTER,SH01-13-3A01,MAZDA,,2000,10
AIR FILTER,17801-0C010,DIGUE,TOYOTA,600,21
AIR FILTER,16546-02N00,DIGUE,NISSAN,550,0
AIR FILTER,17801-31100/31170,DIGUE,TOYOTA,550,0
STABILIZER LINK,48840/48830-42010,PERFECT,,900,3
AIR FILTER,17801-21050,DIGUE,TOYOTA,200,110
OIL FILTER,90915-10001/10003,DIGUE,TOYOTA,150,13
AIR FILTER,17801-20040,DIGUE,TOYOTA,350,20
AIR FILTER,17801-68020/61030,DIGUE,TOYOTA,550,12
AIR FILTER,17801-30040,DIGUE,TOYOTA,500,27
AIR FILTER,17801-30070/11130,DIGUE,TOYOTA,0,4
CABIN FILTER,AY684-NS018,DIGUE,,450,0
OIL FILTER,MD135737,DIGUE,MITSUBISHI,170,23
AIR FILTER,17801-22020,DIGUE,TOYOTA,200,38
AIR FILTER,17801-31120,DIGUE,TOYOTA,400,6
CABIN FILTER,87139-0K090/58010/0K050,DIGUE,TOYOTA,350,30
AIR FILTER,17801-21030,DIGUE,TOYOTA,200,38
AIR FILTER,17220-5RO-008,DIGUE,HONDA,450,10
BRAKE LINING,K2417,NIBK,TOYOTA,2800,4
AIR FILTER,17801-54100/75010,DIGUE,TOYOTA,500,0
BRAKE LINING,K2288,MK,,1250,1
BRAKE PADS,KD4045,ASIMCO,MITSUBISHI,1430,0
BRAKE LINING,K2392,ASIMCO,,1600,0
BRAKE LINING,K2342,MK,,2200,2
BRAKE LINING,K2041,ASIMCO,,2380,0
TOYOTA AIR FILTER,17801-30040/50040,TOYOTA,,700,6
BRAKE PADS,D2268,MK,RAV4 / VANGUARD,2300,8
BRAKE PADS,D3171,MK,CX5 REAR,2600,1
BRAKE PADS,D2023,MK,,1020,6
BRAKE PADS,KD2746,ASIMCO,,1200,5
BRAKE PADS,KD2281,ASIMCO,"PRADO 95,120",1000,29
BRAKE PADS,KD2208,Asimco,,1400,16
BRAKE PADS,KD1551,Asimco,,1620,3
BRAKE PADS,D7055,MK,,3550,6
BRAKE PADS,KD1016,ASIMCO,,1620,0
BRAKE PADS,KD3726,ASIMCO,,1580,3
BRAKE LINING,K4732 / K4301,ASIMCO,,2470,1
CABIN FILTER,KD45-61-J6X,DIGUE,,0,12
BRAKE PADS,KD2505,ASIMCO,,1400,3
BRAKE PADS,KD2739,ASIMCO,WISH,1500,3
TOYOTA TOP COVER GASKET,11213-40030,TOYOTA,,750,1
AIR FILTER,16546-VB300(A2502),JS,,1163,1
HEAD GASKET,11115-28012,TOYOTA,2AZ,400,10
BRAKE LINING,K2006,Asimco,,1900,2
AIR FILTER,16546-ED500,KOWA,NISSAN,250,3
CABIN FILTER,27891-ED025,KOWA,NISSAN,480,0
STABILIZER BUSH,48815-30060,RBI,AT171,110,2
TOYOTA STABILIZER BUSH,48849-60040,TOYOTA,PRADO 150,500,0
TOYOTA STABILIZER BUSH,48815-0K090,TOYOTA,HILUX/FORTUNER,500,2
TOYOTA STABILIZER BUSH,48818-60040,TOYOTA,PRADO 150,500,2
TOYOTA STABILIZER BUSH,48815-20290,TOYOTA,WISH/ALLION,500,5
TOYOTA STABILIZER BUSH,48815-42050,TOYOTA,RAV4,500,2
TOYOTA STABILIZER BUSH,48815-60111,TOYOTA,LC100,500,0
TOYOTA STABILIZER BUSH,48815-60320,TOYOTA,PRADO 150,500,4
TOYOTA STABILIZER BUSH,48815-60020,TOYOTA,LC,500,2
TOYOTA STABILIZER BUSH,48815-60140,TOYOTA,LC100,500,4
TOYOTA STABILIZER BUSH,48815-60241,TOYOTA,LC200,500,0
TOYOTA STABILIZER BUSH,48815-42100,TOYOTA,RAV4,500,0
TOYOTA STABILIZER BUSH,48815-28150,TOYOTA,ALPHARD,500,1
SUBARU STABILIZER BUSH,20414-SG000,SUBARU,,500,0
NISSAN STABILIZER BUSH,54613-JG03A,NISSAN,XTRAIL/JUKE,0,3
TOYOTA STABILIZER BUSH,48815-60250,TOYOTA,LC,500,5
TOYOTA STABILIZER BUSH,48815-52070,TOYOTA,PROBOX,500,3
TOYOTA STABILIZER BUSH,48815-12340,TOYOTA,COROLLA,500,7
TOYOTA STABILIZER BUSH,48815-60380,TOYOTA,PRADO 150,500,6
TOYOTA STABILIZER BUSH,48815-60170,TOYOTA,LC,500,2
TOYOTA STABILIZER BUSH,48815-60160,TOYOTA,LC100,500,2
TOYOTA STABILIZER BUSH,48815-28080,TOYOTA,TOWNACE,500,2
TOYOTA STABILIZER BUSH,48818-60030,TOYOTA,PRADO 150/FJ,500,0
TOYOTA STABILIZER BUSH,48815-60221,TOYOTA,LC200,500,2
TOYOTA STABILIZER BUSH,48815-42090,TOYOTA,RAV4,500,0
TOYOTA STABILIZER BUSH,48815-35100,TOYOTA,PRADO 90,500,2
STABILIZER BUSH,MR554271,MITSUBISHI GP,,500,0
STABILIZER BUSH,ADN18073,BLUE PRINT,PATROL Y61,500,1
TOYOTA BRAKE PADS,04465-42180,TOYOTA,,6000,1
STABILIZER BUSH,54613-EE500,PERFECT,,150,1
STABILIZER BUSH,48815-20290,PERFECT,,150,0
STABILIZER BUSH,48815-26020,POP,,250,0
STABILIZER BUSH,48815-60010,RBI,,150,2
STABILIZER BUSH,54613-2S600,RBI,,150,4
STABILIZER BUSH,48818-42010,FROTIS,,200,0
STABILIZER BUSH,48815-AE030,FROTIS,,200,0
STABILIZER BUSH,48815-42100,RBI,,0,6
STABILIZER BUSH,48815-42090,RBI,,0,6
STABILIZER BUSH,48818-20080,RBI,,0,2
STABILIZER BUSH,48815-42040,RBI,,0,4
STABILIZER BUSH,48815-B1010,,,0,0
STABILIZER BUSH,42412-78K00,,,0,10
SHOCK ABSORBER BUMPER,48331-12210,RBI,,400,4
STABILIZER BUSH,54613-4V00A,,,0,2
AIR FILTER,16456-4BA1A,DIGUE,,450,7
GEARBOX FILTER,35330-73010,TOYOTA GP,,2500,0
GEARBOX FILTER,35330-0W020,TOYOTA GP,,2500,0
STABILIZER BUSH,54613-AU717,RBI,,0,4
FR SPRING SHACKLE RUBBER,90385-T0003,RBI,,80,20
ARM BUSH,51392-T5A-J01,PERFECT,,0,2
STABILIZER BUSH,48815-12230,RBI,,0,4
SPRING BUSH,90385-18021,,,740,11
STABILIZER BUSH,54613-32G00,RBI,,0,4
STABILIZER BUSH,48818-12260,RBI,,0,4
STABILIZER BUSH,55046-01G00,KS,,0,4
SPRING BUSH,90385-T0002,RBI,,0,57
TOYOTA COIL IGNITION,90919-02244,TOYOTA,,0,0
SPRING BUSH,90385-13008,RBI,,100,49
STABILIZER BUSH,48815-28170,NAKAMOTO,,0,7
STABILIZER BUSH,48815-52030,RBI,,90,0
STABILIZER BUSH,48815-26020,RBI,,95,12
STABILIZER BUSH,48815-60100,RBI,,0,10
STABILIZER BUSH,48815-42010,RBI,,50,0
STABILIZER BUSH,55046-VW000,RBI,,0,6
STABILIZER BUSH,54613-8M620,RBI,,0,6
STABILIZER BUSH,48815-33090,RBI,,0,3
STABILIZER BUSH,MB025153,RBI,,0,10
STABILIZER BUSH,511876,GSP,,0,4
STABILIZER BUSH,54613-JG02A,RBI,,380,16
ITEMS,,,,0,0
EXHAUST PIPE SUPPORT,17567-61030,POP,,250,3
STABILIZER BUSH,48815-0D110,PERFECT,,150,0
STABILIZER BUSH,48849-60040,RBI,,250,0
SUSPENSION BUSH,55045-EE500,RBI,,1500,4
STABILIZER BUSH,48815-26060,RBI,,150,6
STABILIZER BUSH,54613-AU718,RBI,,120,14
STABILIZER BUSH,48818-12150/20070,RBI,,0,2
STABILIZER BUSH,48815-26250/60140,RBI,,0,6
STABILIZER BUSH,48674-26040,RBI,,0,6
STABILIZER BUSH,4056A079,RBI,,0,0
STABILIZER BUSH,20414-AG010,RBI,,130,12
STABILIZER BUSH,51306-TF0-003,RBI,,200,4
STABILIZER BUSH,48815-14140,RBI,,0,2
STABILIZER BUSH,48818-06180/21030,RBI,,0,4
STABILIZER BUSH,48815-60170,RBI,,250,8
TOYOTA BRAKE PADS,04465-60280,TOYOTA,,6000,2
STABILIZER LINK,54618-ED00A (SL-N270),TEX,,480,0
NISSAN GEAR BOX FILTER,31728-1XF03,NISSAN GEAR BOX FILTER,,2500,0
LINK BUSH,90385-13009,TOYOTA,,0,2
LINK BUSH,90389-18002,RBI,,0,0
V BELT,90916-02452,TOYOTA,,0,2
V BELT,909332-11260,TOYOTA,,0,1
FAN BELT,3PK 885,BELT,,0,0
V BELT,10A1000,,,0,2
V BELT,A50/1314,MICRO,,0,2
V BELT,AX47,TOYOPOWER,,0,2
V BELT,B-39,TOYOPOWER,,0,1
V BELT,AX52LI,POWEROPE,,0,2
V BELT,AX48LI,POWEROPE,,0,2
V BELT,AVX13 X 1550La,CONTITECH,,0,1
V BELT,AX38Li,POWEROPE,,0,6
V BELT,AX51Li,MATSUSAKA,,0,1
V BELT,A35/BC,,,0,3
V BELT,AX 35,TOYOPOWER,,0,0
V BELT,AX 43Li,POWEROPE,,0,2
FAN BELT,3PK 795,BELT,,0,0
V BELT,10A900,TOYOPOWER,,0,2
V BELT,A-50,MATSUSAKA,,0,1
V BELT,AX44,,,0,4
V BELT,13X836 A-33,MITSUBOSHI,,0,1
V BELT,A-44,STAR BRAND,,0,0
OIL FILTER,15208-W1116 (15205-BN30A),KOWA,,350,3
SPARK PLUGS,22401AA570 (NGK PFR5B-11),(UNITRON) SUBARU SPARK PLUGS,,0,2
AIR FILTER,16546-6A00B,JS,NISSAN,1200,1
BRAKE PADS,AN-791WK,BK3000X,CX-3,0,0
STABILIZER LINK,SL-N150 L,555,,600,2
RBI SHOCK BUSH,90389-T0001,RBI,VIGO,600,33
AIR FILTER,MR404847,DIGUE,,0,1
SPARK PLUGS,K16RU11 (90919-01164),(VERSATILE) TOYOTA SPARK PLUGS,,120,50
ENGINE BUSH,12363-0H03B,RBI,,0,3
BALL JOINT,SB-1521,555,BT50 RANGER,0,5
BRAKE PADS,KD 2754,ASIMCO,,1050,17
TOYOTA GEAR BOX FILTER,35330-0W040,TOYOTA GEAR BOX FILTER,,2500,0
BRAKE PADS,D2269,MK D2269,,2100,14
BRAKE PADS,D1288,MK,,2400,5
OIL SEAL,90310-89005,TOYOTA,,800,0
OIL SEAL,90311-T0013,TOYOTA,,800,0
OIL SEAL,90310-35010,TOYOTA,,350,2
OIL SEAL,90311-70011,TOYOTA,,650,2
OIL SEAL,90311-45027,TOYOTA,,500,0
OIL SEAL,90310-T0006,TOYOTA,,600,1
OIL SEAL,90311-25032,TOYOTA,,500,1
OIL SEAL,90311-99012,TOYOTA,,1150,1
OIL SEAL,90311-T0074,TOYOTA,,750,2
OIL SEAL,90312-T0001,TOYOTA,,750,1
OIL SEAL,90311-89003 (T1356),MUSASHI,,1100,4
OIL SEAL,90310-35001 (T1008),MUSASHI,,0,0
OIL SEAL,90311-48001 (T1080),MUSASHI,,250,1
OIL SEAL,90311-52059 (T1089),MUSASHI,,150,0
TOYOTA BRAKE PADS,04466-0E010,TOYOTA,,0,3
OIL SEAL,90311-62001,TOYOTA,,0,7
HUB BEARING,42450-52060,GT,"VITZ, YARIS, RACTIS",0,3
HEAD GASKET,11115-47030,TOYOTA,1 NR,0,1
HEAD GASKET,11115-21030,TOYOTA,"1NZ , 2NZ",500,9
HEAD GASKET,11044-6N202,NISSAN,,0,5
HEAD GASKET,11044-BC20A,NISSAN,,0,0
HEAD GASKET,11115-28023,TOYOTA,1 AZ,0,5
STEERING RACK,45510-28141,SOHQ,NOAH 4WD ZRR 75,18500,1
CABIN FILTER,87139-30040/06050,KOWA,TOYOTA,260,19
TOYOTA TOP COVER GASKET,11193-70010,TOYOTA,,300,0
FUEL FILTER,23300-19145/19285,,AE 100,0,0
STEERING RACK,45510-42060,SOHQ,RAV4/ VANGUARD/ HARRIER,0,3
RADIATOR CAP,16401-20353 (51010),TOYOTA GP,,700,2
RADIATOR CAP,C12,HKT,,350,7
RADIATOR CAP,C13,HKT,,0,10
RADIATOR CAP,C10,HKT,,0,5
PISTON RINGS,36059,TP,TOYOTA,3000,1
PISTON RINGS,31055,TP,DAIHATSU,0,2
PISTON RINGS,34136,TP,NISSAN,0,1
PISTON RINGS,13011-22221,TOYOTA,,0,1
CON BEARING,R718A (0.25),TAIHO,,1300,0
CON BEARING,R738A1 (STD),TAIHO,TOYOTA,0,5
CON BEARING,R723A (0.50),TAIHO,TOYOTA,0,3
CON BEARING,R027H (STD),TAIHO,TOYOTA,0,1
CON BEARING,R715A (STD),TAIHO,TOYOTA,0,5
MAIN BEARING,M715A (STD),TAIHO,TOYOTA,0,3
MAIN BEARING,M724 (STD),TAIHO,,0,1
MAIN BEARING,M726A (STD),TAIHO,TOYOTA/ DAIHATSU,0,4
CARB AND CHOKE CLEANER,400ML,CWORKS,,0,113
SILICONE 999,,ABRO,,400,38
ENGINE OIL,5W-40 1L,PETROVOIL,,0,67
ENGINE OIL,5W-40 4L,PETROVOIL,,0,134
OIL SEAL,T1341,MUSHASHI,,0,2
LSD OIL,75W-90 1L,AKINAWA,,0,25
ENGINE OIL,20W-50 1L,AKINAWA,,0,8
ENGINE OIL,0W-20 1L,AKINAWA,,0,2
CVT FLUID,CVT FE 1L,AKINAWA,TOYOTA,0,2
CVT FLUID,HMMF 1L,AKINAWA,HONDA,0,2
CVT FLUID,FZ 1L,AKINAWA,MAZDA,0,1
CVT FLUID,MATIC-J 1L,AKINAWA,NISSAN,0,1
POWER STEERING FLUID,PSF-2 1L,AKINAWA,,0,2
CVT FLUID,NS-2 1L,AKINAWA,NISSAN,0,1
CVT FLUID,TC 1L,AKINAWA,TOYOTA,0,6
ATF FLUID,T4 1L,AKINAWA,,0,0
CVT FLUID,J4 1L,AKINAWA,MITSUBISHI,0,0
CVT FLUID,3317 1L,ECSTAR,,0,0
CVT FLUID,CVT-FE 1L,TOYOTA,,0,1
ENGINE OIL,20W-50 1L,AXCL GT,,0,19
ENGINE OIL,5W-30 4L,PETROVOILL,,0,75
ENGINE OIL,10W-40 5L,AXABULL,,0,6
DIFF OIL,SAE 90 5L,MAX,,0,0
CVT FLUID,MERCON V 5L,FORD,,0,0
HYDRAULIC OIL,HYDRO AW68 5L,AXABULL,,0,0
DIFF OIL,SAE 40 5L,AKINAWA,,0,1
ENGINE OIL,20W-50 L,TESON,,0,0
ENGINE OIL,20W-50 4L,AKINAWA,,0,4
CVT FLUID,MULTI CVTF 4L,PETROVOIL,,0,1
FAN BELT,6PK 1640,BELT,,0,0
FAN BELT,6PK 1325,BELTS,,0,1
FAN BELT,6PK 2080,BELT,,0,1
FAN BELT,6PK 1500,BELT,,0,1
FAN BELT,6PK 1950,BELT,,0,1
FAN BELT,6PK 1900,BELT,,0,1
FAN BELT,6PK 1470,BELT,,0,1
FAN BELT,6PK 1720,BELT,,0,0
FAN BELT,6PK 1885,BELT,,0,0
FAN BELT,6PK 1335,BELT,,0,0
FAN BELT,6PK 1440,BELT,,0,3
FAN BELT,6PK 1980,BELT,,0,2
FAN BELT,6PK 1670,BELT,,0,3
FAN BELT,6PK 880,BELT,,0,2
FAN BELT,6PK 1450,BELT,,0,2
FAN BELT,6PK 1350,BELT,,0,3
FAN BELT,6PK 1740,BELT,,0,1
FAN BELT,6PK 1445,BELT,,0,2
FAN BELT,6PK 1765,BELT,,0,1
FAN BELT,6PK 1815,BELT,,0,1
FAN BELT,6PK 1210,BELT,,0,3
FAN BELT,5PK 1340,BELT,,0,1
FAN BELT,5PK 2425,BELT,,0,1
FAN BELT,5PK 910,BELT,,0,1
FAN BELT,5PK 1750,BELT,,0,2
FAN BELT,5PK 1225,BELT,,0,1
FAN BELT,5PK 1170,BELT,,0,1
FAN BELT,5PK 1270,BELT,,0,3
FAN BELT,5PK 955,BELT,,0,3
FAN BELT,5PK 950,BELT,,0,8
FAN BELT,5PK 1125,BELT,,0,1
FAN BELT,5PK 1050,BELT,,0,1
FAN BELT,5PK 940,BELT,,0,1
FAN BELT,5PK 915,BELT,,0,2
FAN BELT,5PK 920,BELT,,0,2
FAN BELT,5PK 1000,BELT,,0,3
FAN BELT,4PK 1020,BELT,,0,1
FAN BELT,7PK 1275,BELT,,0,2
FAN BELT,7PK 1475,BELT,,0,4
FAN BELT,7PK 1075,BELT,,0,0
FAN BELT,7PK 2120,BELT,,0,1
SO.HQ HUB,3DACF045D-0,SO.HQ HUB,,0,5
TOYOTA BRAKE PADS,04466-60090,TOYOTA,,0,3
ENGINE MOUNTING R,12035-28240,PERFECT,,3500,1
ENGINE OIL,5W-40 4L,AKINAWA,,0,10
ENGINE MOUNTING L,12372-28340,THAILAND,,4500,0
SHOCK MOUNTING FR,48609-0R020,THAILAND,,2200,0
CON BEARING,R720A (STD),TAIHO,1KZ1KD,1800,12
THRUST WASHER,T720A - STD,TAIHO,1KZ 1KD,1300,10
MAIN BEARING,M720A - STD,TAIHO,1KD 1KZ,2500,10
ENGINE MOUNTING,12361-0L030,RBI,1KD,2500,0
OVERHAUL GASKET,04111-30050,TOYOTA,1KD,10000,0
ENGINE OIL,15W-40 4L,AKINAWA,,4800,10
TOYOTA AIR FILTER,17801-30070,TOYOTA,,0,7
RBI ARM BUSH,55044-4M410,RBI,"NEO, WINGROAD",0,14
ENGINE MOUNTING R,11210-6N00,RBI,,0,0
PISTON RINGS,35986,TP,TOYOTA,0,3
MAIN BEARING,M723A (0.50),TAIHO,,0,4
AIR FILTER,13780-50M00,DIGUE,,0,5
CV JOINT,NI17,JOKITO,B-15,0,1
FAN BELT,7PK 1540,BELT,,0,1
SUBARU STABILIZER BUSH,20414-SG001,SUBARU,,0,0
BRAKE DISC,42431-60200,ALBA,PRADO95 PRADO120,0,2
ATF FLUID,DEXRON III 5L,AXABULL,,0,32
KYB SHOCKS,3340197,KYB,VITZ NEW MODEL,0,4
KYB SHOCKS,3340196,KYB,VITZ NEW MODEL,0,4
TIE ROD END,SE-2752RX,555,PRADO 79,0,4
PISTON RINGS,35974,TP,TOYOTA,0,7
CON BEARING,R327 (0.50),TAIHO,TOYOTA,0,1
WD-40,450ML,CWORKS,,0,60
WHEEL NUT WASHER TYPE,,,,0,5
AIR FILTER,ME-422880,DIGUE,CANTER 4P10,0,1
ARM BUSH,54560-ET000,PERFECT,,0,36
OVERHAUL GASKET,04111-17011,TOYOTA,,0,0
TIE ROD END,SE-T531R (45046-B9210),555,PASSO,0,1
RACK ENDS,SR 7020,,,0,1
CV BOOT,45535-B2010,RBI,,0,0
GREASE,TEX,TEX,,0,94
TIE WRAPS / ZIP TIE,,,,0,821
SEAL,T011,,,0,2
NSK BEARING,32BWD05,NSK,,0,4
ARM ASSEMBLY,42010,,,0,0
RBI ARM BUSH,AG001,RBI,,0,0
RBI ARM BUSH,AGE20,RBI,,0,0
RAV 4 ARM,ACA 21,,,0,1
ENGINE OIL,15W-40 DIESEL 5L,AXABULL,,0,104
ENGINE OIL,20W-50 4L,AXABULL,,0,191
BRAKE PADS,AF-796,CERAMIC,HONDA N-WGN,0,3
BRAKE PADS,AF-654WK/GDB-3294,CERAMIC,NISSAN XTRAIL R CERAMIC,0,2
BRAKE PADS,AF-635,CERAMIC,TOYOTA NZE R,0,2
AIR FILTER,AB39-9601-AB,KOWA,FORD RANGER,0,3
OIL FILTER,1720612/6744-BA,KOWA,FORD RANGER/MAZDA,0,3
BRAKE PADS,D-1676,CERAMIC,FORD RANGER 4X4,0,5
BRAKE PADS,D-822,CERAMIC,TOYOTA,0,8
BRAKE LINING,BS-K1743,ALL PARTS,,0,1
RBI ARM BUSH,48725-42080,RBI,RAV 4,0,4
CON BEARING,R113A (0.25),TAIHO,,0,3
HUB BEARING,D651-2615XB,MAZDA,DEMIO,0,1
VALVE SEAL,90913-02066,TEKIN,3S/ 5AF,0,1
PISTON RINGS,35954,TP,TOYOTA,0,3
BRAKE PADS,AF-696WK,CERAMIC,SUBARU FORESTER/IMPREZA R,0,2
BRAKE PADS,AF-672,CERAMIC,SUBARU F,0,6
BRAKE LINING,K-0642,CERAMIC,PRADO120/150,0,1
BRAKE PADS,KD 0260,ASIMCO,SUBARU,0,6
AIR FILTER,LFRL-13-240,DIGUE,,0,4
SPARK PLUGS,L3Y2-18-110,MITSUBISHI,,0,6
RACK END,SR-B160M,555,MITSUBISHI,0,4
OVERHAUL GASKET,04111-0J110,TOYOTA,3SZ,0,1
ENGINE MOUNTING FR,11220-01J02,GSP,NISSAN,0,0
WATER PUMP,GWN-60A,GMB,TD 42,0,0
MAIN BEARING,M327 (0.50),TAIHO,,0,1
SPARK PLUGS,ILKAR7B11 (SC20),NGK,,0,21
PRESSURE PLATE,CTX-088,AISIN,5A,0,1
CLUTCH PLATE,DT-124V,AISIN,AE100,0,0
STABILIZER BUSH,48915-58010,RBI,,0,0
STABILIZER LINK,SL-3750,555,,0,0
TOYOTA BRAKE PADS,04465-48150,TOYOTA,,0,1
OVERHAUL GASKET,04111-50540,TOYOTA,,0,0
BRAKE PADS,A366WK,CERAMIC,IO,0,0
CABIN FILTER,7803-A028,DIGUE,,0,0
PRESSURE PLATE,CTX-125,AISIN,HILUX,0,3
TOP COVER ASSEMBLY,13264-8H303,NISSAN,QR 20,0,0
AIR FILTER,16546-V0100/193,DIGUE,,0,25
OIL FILTER,PH8A,DIGUE,,0,10
OIL FILTER,15208-02N01,,,0,1
WATER PUMP,GWM-59A,GMB,,0,0
CLUTCH PLATE,DTX-172,AISIN,HILUX,0,3
OIL FILTER,152000 0071N,,BOLERO,0,2
AIR FILTER,IF01A01,,BOLERO,0,2
BRAKE PADS,AF-742,CERAMIC,TOYOTA,0,8
ENGINE OIL,15W-40 DIESEL 1L,AXABULL,,0,52
BRAKE PADS,D-2260M,CERAMIC,TOYOTA,0,2
BRAKE PADS,KD1739,Asimco,,0,11
BRAKE DISC,42431-48041,ALBA REAR,,0,2
BRAKE DISC,43512-60210,ALBA FRONT,,0,2
ENGINE MOUNTING R,12362-28020,THAILAND,,0,1
BRAKE PADS,KD1764,Asimco,,0,0
BRAKE FLUID,500 ML,PROTONO,,0,14
AIR FILTER,8-98140265-0,DIGUE,,0,17
OIL FILTER,8-98165071-0,DIGUE,,0,7
FUEL FILTERS,23390-0L041,DIGUE,,0,9
SUBARU BRAKE PADS,26296FJ020,SUBARU,,0,2
SUBARU BRAKE PADS,2669AG031,SUBARU,,0,0
CABIN FILTER,72880-FG000,DIGUE,,0,13
SUBARU AIR FILTER,16546AA090,SUBARU,,0,4
SPARK PLUGS,SK16HR11,TOYOTA,,0,5
MITSUBISHI BRAKE PADS,MR510544,MITSUBISHI,,0,0
TOYOTA AIR FILTER,17801-11130,TOYOTA,,0,3
BRAKE PADS,MKD-2296,CERAMIC,TOYOTA AVENSIS R,0,1
BRAKE PADS,AF-761WK,CERAMIC,NISSAN NOTE/TIIDA,0,5
SO.HQ HUB,30BWK10 (DACF1072B-1),SO.HQ HUB,ST 190,0,6
STABILIZER BUSH,48815-0D110,RBI,,0,14
RBI ARM BUSH,48655-42060,RBI,"RAV4, ACA 30",0,61
ENGINE MOUNTING R,12305-37050,THAILAND,,0,6
ENGINE MOUNTING,12372-37030,THAILAND,,0,0
SPARK PLUGS,91588,,,0,1
BRAKE MASTER CYLINDER,47028-60030,SO HQ,,0,1
SUBARU STABILIZER BUSH,AG000,SUBARU,,0,0
ARM BUSH,48645-30300,THAILAND LOWER,,0,2
ARM BUSH,2021-FA060,THAILAND,,0,5
ENGINE MOUNTING RR,11360-ED000,RBI,,0,0
CVT FLUID,J1 4L,MITSUBISHI,,0,1
CVT FLUID,CVT TC 4 L,TOYOTA,,0,2
THRUST WASHER,T140 STD,TAIHO,4D56,0,0
PISTON RINGS,33862,TP,,0,1
BRAKE LINING,K1731,Asimco,,0,0
NSK BEARINGS,45BWD10CA86,NSK,,0,4
BRAKE LINING,K4731,ASIMCO,,0,2
SILICONE BIG GREY,,85G TESON,,0,30
SILICONE SMALL GREY,,35G TESON,,0,18
RBI ARM BUSH,54560-1HJ0A,RBI,MARCH,0,46
STABILIZER LINK,48830-60030,PERFECT,PRADO,0,6
STABILIZER BUSH,48815-60180/60160,RBI,,0,20
BEARING,DAC4074W,KOYO,NZE,0,28
AIR FILTER,16546-S0100,DIGUE,NISSAN,0,4
RBI ARM BUSH,48654-0K080,RBI,REVO 4WD,0,8
RBI ARM BUSH,48655-0D051,RBI,"VIOS, NCP93",0,87
ENGINE BUSH,12372-16351,RBI,ST191,0,2
RACK END,SR-T050,555,,0,4
TIE ROD END,SE-T051,555,,0,6
STEERING BOOT,45535-13010,RBI,,0,4
BRAKE LINING,46540-42020,POWER KING,"ACA33,T31",0,1
TOYOTA STABILIZER BUSH,48815-60180,TOYOTA,PRADO 120/SURF,0,6
DRIVE SHAFT BOOT,43447-N074,RBI,,0,2
BALL JOINT,SB-3842,555,,0,6
ENGINE OIL,15W-40 1L,AKINAWA,,0,60
BRAKE PADS,D6128,MK,,0,1
CAPLESS BULB,,,,0,10
TOYOTA BRAKE LINING,46550-60070,TOYOTA,,0,1
BALL JOINT,SB-332 (40160-1HJ0A),555,MARCH,0,4
STABILIZER BUSH,48815-30551,RBI,MARK X,0,8
AIR FILTER,17801-67060,DIGUE,,0,0
WATER PUMP,GWT-83A,GMB,"4A,5AFE",0,3
STABILIZER LINK,SL-1750,555,DEMIO,0,4
RBI ARM BUSH,MR-102013 (MR864964),RBI REAR,,0,28
TOYOTA BRAKE PADS,04465-60320,TOYOTA,,0,3
AIR FILTER,17801-31090,DIGUE,PRADO,0,1
CABIN FILTER,D09W-61-J6X-H,DIGUE,CX3,0,7
AD BLUE 5L,AD BLUE,,,0,6
OVERHAUL GASKET,04111-BZ600,3SZ,,0,1
BRAKE LINING,FN-2809/2395,CERAMIC,VIGO 4X4,0,3
SO.HQ BEARING,28BWK12/DACF1076,SOHQ,,0,7
TIE ROD END,SE-7841 R,555,L200,0,4
BALL JOINT,SB H112 (51220-TK6-A01),555,HONDA,0,4
TOYOTA SHOCKS,48530-60062,TOYOTA FRONT,,0,1
SUSPENSION BUSH,48725-58010,RBI,,0,0
TIE ROD END,SE-T221 (45046-49195),555,RAV 4,0,2
WATER PUMP,GWT-100A,GMB,,0,7
WATER PUMP,GWT-144A,GMB,,0,5
WATER PUMP,GWT-142A,GMB,,0,0
BRAKE PADS,KD 3792/4200,ASIMCO,,0,1
STABILIZER LINK,54618-ED00A,PERFECT,"TIIDA, DEMIO",0,6
STABILIZER BUSH,54613-1HA0A,NISSAN,MARCH/NOTE/SUNNY,0,0
BRAKE FLUID,DOT 4 500ML,TESON,,0,0
BRAKE FLUID,DOT 4 200ML,TESON,,0,5
CARB AND CHOKE CLEANER,CARB CLEANER 200ML,TESON,,0,33
SUSPENSION BUSH,48760-42010-1,PERFECT,,0,0
RBI ARM BUSH,MR-102012,RBI REAR,,0,16
TOYOTA FUEL FILTERS,23390-51070,TOYOTA,,0,14
TOYOTA BRAKE LINING,04495-52040,TOYOTA,,0,0
TOYOTA BRAKE PADS,04465-52260,TOYOTA,,0,0
ENGINE MOUNTING L,12372-21240,THAILAND,,0,1
BRAKE PADS,AN-769 WK,CERAMIC,,0,1
ATF FLUID,T4 4L,TOYOTA,,0,9
AIR FILTER,8-94156052-0(A7314),KOWA,ISUZU NPR 4.3,0,10
OIL FILTER,15208-H8911/6,OIL FILTER,,0,2
TIMING COVER,11301-17030,TAIWAN,,0,1
TIMING BELT,13568-79235,TOYOTA,1G FE,0,1
FRONT SPRINGS,,OZONE,PROBOX,0,0
REAR SPRINGS,,OZONE,PROBOX,0,0
FLUSHING OIL,,RAM G,,0,13
BRAKE PADS,KD4223,CERAMIC,,0,0
TIMING BELT,83ZA19,,MITSUBISHI,0,1
BRAKE PADS,AF-714,CERAMIC,TOYOTA,0,9
GREASE 3KG RED,AXABULL,AXABULL,,0,5
BEARING,28584/21,NIS,,0,2
CABIN FILTER,72880-SA000 (AC9322),JS,,0,7
MAIN BEARING,M1050 (0.25),TAIHO,,0,6
CON BEARING,R1050 (0.50),TAIHO,,0,4
CLUTCH MASTER CYLINDER,30610-JR80B,KOWA,,0,1
SUSPENSION BUSH,48725-02240/12560,PERFECT,NZE,0,4
DRIVE SHAFT BOOT,43448-28051,NKM,"WISH, ALPHARD",0,0
RBI ARM BUSH,48655-0D060,RBI,"VIOS, PLATZ, PROBOX",0,2
RBI ARM BUSH,48061-35040,RBI LOWER,,0,14
RBI ARM BUSH,54560-EN001,RBI LOWER,"T31,T32",0,18
BEARING,28985YA/20,KOYO,,0,2
MAIN BEARING,M140 (STD),TAIHO,,0,1
CON BEARING,R113A (STD),TAIHO,,0,0
TIMING BELT,119RU25,,,0,0
OVERHAUL GASKET,,,4D56,0,0
CV JOINT,T0-67,URW,,0,4
STABILIZER LINK,SL-3600,555,,0,0
ENGINE MOUNTING RR,12372-0M030,THAILAND,,0,1
BEARING,32207JR,KOYO,,0,1
OIL SEAL,60*82*12,NKR,,0,3
OIL SEAL,46*94.5*8,,NKR,0,1
OIL SEAL,77*102*10/19,,NKR,0,0
BRAKE PADS,KD2756,ASIMCO,,0,1
AIR FILTER,16546-73C10,DIGUE/KOWA,,0,20
AIR FILTER,17801-70050,DIGUE,,0,3
AIR FILTER,ZJ01-13-Z40,DIGUE,,0,10
FAN BELT,6PK 1200,BELT,,0,0
RBI ARM BUSH,48655-0K010,RBI,VIGO 4WD,0,4
RBI ARM BUSH,48654-0K010,RBI,VIGO 2WD,0,11
RBI ARM BUSH,48632-0K010,RBI UP,VIGO 2WD,0,12
STABILIZER LINK,SL-3560,555,,0,1
AIR FILTER,16546-AA070,,,850,2
SHOCKS,341397,OZONE FRONT/,HILUX,0,2
RBI ARM BUSH,48655-0K080,RBI,REVO 4WD,0,4
RBI ARM BUSH,48632-0K040,RBI UP,VIGO 2WD,0,30
TIE ROD END,SE A121,555,,0,0
HUB BEARING,43202-ED000,SOHQ,,0,0
STABILIZER LINK,54618-ED00A,RBI,"TIIDA, DEMIO",0,3
FUEL FILTERS,23300-31090,DIGUE,,0,4
CONTROL ARM L,48069-B1070,SO-HQ,,0,0
CONTROL ARM R,48068-B1010,SO-HQ,,0,3
WHEEL BEARING,2DACF044R/44BWKH02R,SO-HQ,,0,0
ENGINE MOUNTING,12363-28020,JOKITO,,0,5
WATER PUMP,GWM-23A,GWM,,0,0
FAN BELT,4PK 1200,BELTS,,0,8
FAN BELT,4PK 1210,BELT,,0,0
FAN BELT,7PK 1945,BELT,,0,1
FAN BELT,4PK 1180,BELT,,0,5
BRAKE MASTER CYLINDER,47201-IA330,BRINFARO,,0,0
BELCOT FR BEARING (MAGNETIC),DAC40750039M,BELCOT,,0,25
SHOCK MOUNTING BEARING FR,48619-42010,BELCOT,RAV 4 ACA33,0,0
SHOCK MOUNTING RR,48750-42040/48050,THAILAND,HARRIER,0,0
SHOCK MOUNTING FR,48609-97402,THAILAND,PASSO,0,2
GEARBOX FILTER,35330-28010,TOYOTA,,0,0
NYLON BUSH,48716-12040/48730-33020,THAILAND REAR,HARRIER,0,0
WATER PUMP,GWT-101A,TEX,"1NZ, 2NZ",0,0
REAR SHOCK DUST COVER,48341-12180,RBI,,0,2
SHOCK DUST COVER,48341-12180,TEX,,0,24
STEERING BOOT,45535-B2010,THAILAND,,0,31
REAR SHOCK DUST COVER,48341-12180,PERFECT,,0,15
CV JOINT,T0-72 ABS,URW,,0,4
TIMING BELT,94ZA19,,4A,0,1
OIL FILTER,90915-10001/10003/03001,TESON,TOYOTA,0,176
JINBO SHOCKS,334399,Jinbo/,HARRIER,0,1
STEERING BOOT,45535-09110,RBI,,0,3
STABILIZER LINK,48820-47010,PERFECT,NZE,0,20
CV BOOT,39741-6N225,RBI INNER,,0,4
BRAKE PADS,D2349,MK,"LEXUS,ALPHARD,VELLFIRE",0,2
STEERING RACK,44200-60090,THAILAND,,0,1
BRAKE DISC,42431-60280,ALBA REAR,,0,2
BRAKE DISC,43512-60191,TOYOTA FRONT,,0,0
SPARK PLUGS,BKR6EIX-11,NGK SPARK PLUGS,,0,126
SPARK PLUGS,LFR6AIX-11,,,0,32
KYB SHOCKS,345022,KYB FRONT/,LC100,0,4
RBI ARM BUSH,48632-60020,RBI UPPER,,0,28
RBI ARM BUSH,48655-60030,RBI,,0,8
RBI ARM BUSH,48654-60030,RBI,,0,8
BRAKE PADS,AF-789,CERAMIC,HONDA,0,2
TOYOTA BEARINGS,90363-T0003,TOYOTA,,0,0
PISTON RINGS,12033-4M520,GENUINE,NISSAN,0,4
ENGINE MOUNTING,50890-SWA-A81,,,0,1
NISSAN GEARBOX FILTERS,31728-3JX0C,NISSAN,,0,1
KYB SHOCKS,341455,KYB FRONT,LANCER,0,0
LOWER ARM,45066-29025,SO-HQ,,0,0
BOLT,BOLT,,,0,0
BOOT SHOCK,48341-47010,,,0,2
ARM BUSH,48076-30020,THAILAND LOW LEFT,,0,2
ARM BUSH,48075-30020,THAILAND LOW RIGHT,,0,4
BALL JOINT,SB-3752L (43340-29175),THAILAND,,0,6
BALL JOINT,SB-3752R (43330-29405),THAILAND,,0,4
BALL JOINT,43330-60R00,THAILAND,,0,6
WHEEL CYLINDER,47550-09090,THAILAND,,0,4
RACK END,SR-3920,555,RAV4,0,4
CONTROL ARM UP,48770-42040,S0-HQ REAR,,0,7
CONTROL ARM,48710-42040,S0-HQ,,0,4
ENGINE BUSH,MR244836,RBI,,0,2
ARM BUSH,48704-42050,LOW REAR,,0,15
STABILIZER LINK,SL-T225,555,,0,0
NYLON BUSH,42210-42020,THAILAND REAR,,0,19
RBI ARM BUSH,48654-12120,RBI,"ALTIS, ZZE121",0,13
BALL JOINT,KD35-34-350,THAILAND,MAZDA,0,7
KYB SHOCKS,340057,KYB,LEGACY,0,0
CV JOINT,TO-76,URW,PASSO,0,2
ENGINE MOUNTING R,12305-21130,PERFECT,,0,2
PISTON RINGS,35913,TP,TOYOTA,0,6
SOLENOID CONTACT,MT 12540,KARSONS,,0,0
VALVE SEAL,90919-02111,,,0,11
HEAD GASKET,11115-15090,,,0,1
GRINDING PASTE,,ABRO,,0,22
CONTROL ARM UP L,48790-42020,SO-HQ,,0,7
FR LOWER ARM LH,D651-34-350D,SO HQ,,0,1
CV BOOT,43447-17041,RBI,,0,8
KYB SHOCKS,334323,KYB/,"NZE,WISH",0,3
SHOCK MOUNTING,48609-12240,THAILAND,,0,0
GREASE,AK,AK,,0,20
WIPER BLADES,14 INCH,UNIPOINT,,0,2
WIPER BLADES,16 INCH,UNIPOINT,,0,2
WIPER BLADES,18 + 20 INCH,UNIPOINT,,0,0
WIPER BLADES,24 INCH,UNIPOINT,,0,3
WIPER BLADES,22 INCH,UNIPOINT,,0,2
WIPER BLADES,26 INCH,UNIPOINT,,0,1
WIPER BLADES,14 INCH,GOOD JOURNEY,,0,0
WIPER BLADES,16 + 22 INCH,GOOD JOURNEY,,0,0
WIPER BLADES,20 INCH,GOOD JOURNEY,,0,1
WIPER BLADES,22 INCH,GOOD JOURNEY,,0,0
WIPER BLADES,26 INCH,GOOD JOURNEY,,0,2
MITSUBISHI FUEL FILTER,MB 220900,MITSUBISHI,,0,1
ARM BUSH,48655-60050,TOYOTA BIG,,0,2
ARM BUSH,48654-60050,TOYOTA SMALL,,0,2
BRAKE MASTER CYLINDER,47201-52061,THAILAND,,0,0
CV BOOT,A-25148,NAKAMOTO,,0,0
STABILIZER LINK,48830-33040,RBI,,0,4
BRAKE PADS,KD 6365,FORD RANGER,,0,3
RACK END,SR-T530,555,PASSO,0,4
TIE ROD END,SE-T531L (45047-B9150),555,PASSO,0,1
TIE ROD END,SE-2751RX,555,70 SERIES,0,1
JINBO SHOCKS,332141,JINBO,MARCH/NOTE,0,0
KYB SHOCKS,335069,KYB FRONT/,"VOXY,NOAH",0,0
KYB SHOCKS,335068,KYB FRONT/,"VOXY,NOAH",0,1
WHEEL BEARING,AU0844-1LL/L588,NTN FRONT,,0,4
RACK END,SR-2961,555,AE110 SHORT,0,4
BEARING,603049/11,KOYO,FRONT,0,2
BRAKE PADS,AN-753,CERAMIC,,0,0
BRAKE PADS,AF-753,CERAMIC,,0,7
BRAKE PADS,AN-783WK,CERAMIC,,0,0
LOWER ARM L,48069-B1110,S0-HQ,,0,4
LOWER ARM R,48068-B1110,S0-HQ,,0,5
MAIN BEARING,MS-1190GP (STD),NDC,,0,3
CON BEARING,CB-1190 (STD),NDC,,0,6
HEAD GASKET,11044-43G01,GP,,0,4
CONTROL ARM L,48069-B1010,SO-HQ,,0,1
WATER PUMP,GWHO-61A,GMB,HONDA,0,1
BRAKE PADS,KD-2781,ASIMCO,,0,2
JINBO SHOCKS,343295,JINBO REAR/,VITZ/PLATZ,0,2
RBI ARM BUSH,20204AG030,RBI LOWER,,0,22
ATF FLUID,346 ML,TEX,,0,16
STABILIZER LINK,SL-N150 R,TAIWAN,,0,10
STABILIZER BUSH,48815-28200,RBI,,0,9
STABILIZER BUSH,48815-28210,RBI,,0,9
SPARK PLUGS,BKR6EGP,NGK SPARK PLUGS,,0,28
SPARK PLUGS,BKR5EGP,NGK SPARK PLUGS,,0,13
CV JOINT,TO-80,URW,,0,3
STABILIZER LINK,SL-4910,555,,0,0
BRAKE PADS,AN-690WK,CERAMIC,120,0,1
BRAKE PADS,A-337K,CERAMIC,120 REAR,0,5
BALL JOINT,SB-7232,555,IO,0,12
PRESSURE PLATE,CTX 064,AISIN,,0,3
PRESSURE PLATE,CTX-084,AISIN,,0,2
C.V JOINT,21-02102N ABS (T0-72),URW,,0,10
BRAKE PADS,AF-758,CERAMIC,TOYOTA,0,3
KYB SHOCKS,334360,KYB FRONT/,T30,0,1
KYB SHOCKS,334361,KYB FRONT/,T30,0,2
PISTON RINGS,35991 (STD),TP,TOYOTA,0,2
CLUTCH PLATE,DT-068,AISIN,,0,3
KYB SHOCKS,338067,KYB/,NISSAN NOTE,0,1
BRAKE PADS,AN-727K,CERAMIC,,0,0
SHOCKS,333390,OZONE/,TIIDA,0,1
SHOCKS,333391,OZONE/,TIIDA,0,1
FR SHOCK BEARING,54325-ED00A,,,0,7
BRAKE PADS,KD-2701,ASIMCO,,0,18
AIR FILTER,P501-13-3AO,DIGUE,,0,10
BRAKE LINING,K2708,ASIMCO,,0,0
SHOCK MOUNTING,54321-JD00B,THAILAND,,0,5
SHOCK MOUNTING,54320-JD00B,THAILAND,,0,3
SHOCK MOUNTING,48609-12420,THAILAND,,0,8
ARM BUSH,21395-SWA-A02-B,THAILAND LOWER,,0,0
STABILIZER LINK,48802-60090,THAILAND,,0,6
HEAD GASKET,12033-4M400,YBD,,0,0
TIE ROD END,45046-09800,THAILAND,,0,12
ARM BUSH,51395-SWA-A02-B,THAILAND LOWER,,0,4
BRAKE PADS,AF-727K,CERAMIC,,0,12
TOP COVER GAS KAT,11189-50M00,,,0,0
BRAKE PADS,AF-783,CERAMIC,CX-5,0,2
THRUST WASHER,T080H1 (STD),TAIHO,1KZ 1KD,0,5
BEARINGS,DAC 346437 ABS,KOYO,,0,2
HUB BEARING,40202-ED000,SOHQ,,0,7
TOYOTA SHOCKS,48530-69535,TOYOTA REAR,PRADO 150,0,0
FAN BELT,6PK 1875,BELT,,0,0
FUEL FILTERS,23303-64010,DIGUE,,0,0
GEAR BOX OIL,SAE140 1L,TESON,,0,14
RBI ARM BUSH,DL33-34-470,RBI,MAZDA,0,22
RELEASE BEARING,31230-60270,GP,,0,0
SHOCK MOUNTING,54320-ED000,PERFECT,,0,10
STEERING RACK,44200-35031,S0-HQ,,0,0
HEAD GASKET,11044-01M00,ERISTIC,E-13,0,0
CV JOINT,NI89,JOKITO,,0,2
RELEASE BEARING,50SCRN41P,NACHI,,0,0
LOCK DOOR,,EX,,0,0
BRAKE LINING,GDB-7619,CERAMIC,HILUX O/M,0,1
BRAKE DISC,43512-12610,SO-HQ FRONT,,0,4
AIR FILTER,8-97941655-0/8-97310442-0,DIGUE,D/MAX O/M,0,3
STABILIZER LINK,48830-42020,LOTAS,RAV 4,0,4
AIR FILTER,17801-77050,DIGUE,,0,1
CV JOINT,NI69,JOKITO,XTRAIL,0,1
AIR FILTER,13780-71L00,DIGUE,,0,8
AIR FILTER,17801-0L040,DIGUE,,0,14
ENGINE BUSH,12372-0D050,RBI,,0,13
PISTON RINGS,35963 (STD),TP,,0,3
STABILIZER BUSH,48815-44010,RBI,,0,18
RBI ARM BUSH,KD35 34 470,RBI LOWER,MAZDA 3,0,2
WIPER BLADE,14 INCH,,,0,1
BALL JOINT,SB-4981,555,D40,0,7
KYB SHOCKS,340067,KYB FRONT,NAVARA,0,0
CABIN FILTER,27277-4BA0A,DIGUE,,0,8
BRAKE PADS,D1339,MK,,0,2
RACK END,SR-2990,555,,0,4
JINBO SHOCKS,332142,JINBO,MARCH/NOTE,0,0
RBI ARM BUSH,48655-B1020,RBI LOW,,0,4
SPARK PLUGS,K16TR11 (90919-01192),(PREMIER) TOYOTA SPARK PLUGS,,0,32
THRUST WASHER,T022A (STD),,,0,3
CON BEARING,R068H (STD),,,0,6
SHOCK MOUNTING,54321-ED000,PERFECT,,0,6
CV JOINT,NI69,URW,XTRAIL,0,2
KYB SHOCKS,345044,KYB/,LC 79,0,2
CLUTCH PLATE,31250-60223,GP,,0,0
TIE ROD END,SE-N201R,TAIWAN,X TRAIL T31,0,2
GEARBOX MOUNTING,12371-17080,THAILAND,,0,0
PILOT BEARING,90363-12010,GP,,0,0
MAIN BEARING,M043A (STD),TAIHO,"3A,4A,5A",0,1
HEATER PLUGS,CP73,HKT,,0,5
CON BEARING,R043A (0.75),TAIHO,3A4A5A,0,2
CV JOINT,T0-35 ABS (21-021-00N),URW,PROBOX,0,6
BEARINGS,DAC356437,MCB,PASSO,0,1
CRANK SHAFT SEAL,N2266(13042-42L00),TESON,,0,9
GEARBOX SEAL,T1175,JAPAN,,0,4
GEARBOX SEAL,T1196,,,0,8
OIL FILTERS,15208-65F00,TESON,,0,48
BRAKE PADS,KD 3732,ASIMCO,,0,4
SUSPENSION BUSH,48725-44051,RBI,,0,8
STABILIZER LINK,48830-42020,PERFECT,RAV 4,0,2
KYB SHOCKS,341440,KYB FRONT,PICK UP,0,0
KYB SHOCKS,339016,KYB REAR,COROLLA CAMRY,0,0
FULE FILTER,ME006066,DIGUE,,0,0
OIL FILTER,ME014838,DIGUE,,0,1
STABILIZER BUSH,48815-16170,RBI,,0,0
AIR FILTER,KF7006M,,,0,1
SEAL,MB161152,,,0,0
FAN BELT,9.5 600LA,MATSUSAKA,,0,1
FAN BELT,6PK 2565,BELT,,0,1
CON BEARING,R740A (0.25),TAIHO,4 GR,0,1
BRAKE LINING,K2335,ASIMCO,,0,0
RACK END,SR-N120,555,Z50,0,0
BALL JOINT,SB-7721,555,PAJERO,0,4
BALL JOINT,SB-7722 R,555,PAJERO,0,3
OIL SEAL,35*50*8,NAK,,0,3
RBI ARM BUSH,54560-ET000,RBI,,0,0
FR WHEEL BEARING,40202-4BA0A,THAILAND,,0,2
STABILIZER LINK,20420-AA004,THAILAND,SUBARU,0,12
ENGINE MOUNTING FR,NM-J32RFR,FEBEST,,0,1
BRAKE PIPE,90947-02581,,TOYOTA HILUX,0,0
BRAKE PADS,AF-364,CERAMIC,,0,1
CONTROL ARM LOW R,DD32-34-300D,,,0,0
CONTROL ARM LOW L,DD32-34-350D,FRONT,,0,0
CVT FLUID,CVTF-J4 4L,AKINAWA,,0,15
STABILIZER LINK,SL-3640 (48820-47010),555,,0,7
ATF FLUID,WS 4L,TOYOTA,,0,9
BRAKE LINING,K 1167,CERAMIC,,0,0
PISTON RINGS,34096 TD27-2 STD,TP,NISSAN,0,1
GEARBOX MOUNTING,12372-02160,THAILAND,VITZ SCP10/PROBOX NCP55,0,4
GEARBOX/ENGINE MOUNTING,12371-21240,THAILAND,NZE 141/XRE142/ZRT260,0,4
EXHAUST MOUNTING,17567-17020,THAILAND,"HZJ75,HZJ78/79,HZJ105",0,3
TIE ROD END,SE-N201L,555,X TRAIL T31,0,0
OIL FILTER,03L115562,FEBI,VW/AUDI,0,1
DRIVE SHAFT BOOT,6232-07032,RBI INNER,SUBARU,0,4
DRIVE SHAFT BOOT,6232 07052,RBI OUTER,SUBARU,0,2
DRIVE SHAFT BOOT,7232-22022,RBI INNER,SUBARU,0,2
DRIVE SHAFT BOOT,6232-07184,RBI OUTER,SUBARU,0,1
TIE ROD END,D8520-1HJ0A,TAIWAN,NOTE NEW,0,4
TIE ROD END,SE-3641 R (45046-19265),555,,0,0
FUEL FILTER,04234-68010,TESON,L/CRUISER,0,3
OIL FILTER,8-973099270-0,TESON,D-MAX,0,3
OIL FILTER,8-98165071-0,TESON,D-MAX N/M,0,8
STABILIZER LINK,48819-26050,PERFECT,,0,3
TIE ROD END,SE-1671,,"MAZDA BONGO, VANNETTE",0,2
RBI ARM BUSH,0 S083 34 840,RBI UPP,,0,10
RBI ARM BUSH,0 S083 34 830,RBI UPP,,0,4
AIR FILTER,ME017242,DIGUE,4D32 CANTER,0,1
BEARING,43560-28010,GENUINE,,0,4
SHOCKS,335051,OZONE FRONT/,RAV 4,0,2
RBI ARM BUSH,8-97947087-1,RBI LOW,DMAX (2012),0,4
STABILIZER BUSH,8-97235784-0,RBI,,0,22
GASKET SHELLAC,,,,0,12
HUB BEARING,43202-ED305,SOHQ,,0,5
OIL FILTER,15400-PLM-A01,GP,HONDA,0,1
BEARING,DU47880055,BELCOT,FORD,0,6
STABILIZER LINK,SL 5400,555,,0,0
SHOCK BUSH,MRP 2575,KARSONS,,0,25
LINK BUSH,MRP 2273,KARSONS,,0,49
RELEASE BEARING,50SCRN34,NACHI,3L,0,1
WHEEL NUT + STUD,,,,0,87
STABILIZER LINK,48810-60040,GP,,0,0
STABILIZER LINK,48820-60050,GP,,0,0
BALL JOINT,43330-60040,GP,,0,0
STABILIZER LINK,SL H021,THAILAND,,0,0
OVER HAUL GASKET,10101-01M25,NISSAN,,0,1
AIR FILTER,17220-RZA-000,KOWA,,0,0
ENGINE MOUNTING FR,12361-35050,RBI,HILUX,0,7
BRAKE PADS,AN-553,CERAMIC,,0,0
RELEASE BEARING,TKS60-30K,MRK,,0,0
CLUTCH PLATE,5-87610083-1,ISUZU GP,,0,0
PRESSURE PLATE,58-87610082-0,ISUZU GP,,0,0
LOWER ARM,54501-CN00A,,,0,0
ENGINE MOUNTING,11210-CN00A,THAILAND,,0,1
TIE ROD END,SE-N121,555,,0,0
RR SHOCK,344439,,,0,0
CLUTCH MASTER CYLINDER,30610-2S40A,KOWA,,0,0
CLUTCH MASTER CYLINDER,30620-T8004,,,0,4
STRUT BUSH,48674-26010,RBI,,0,24
STABILIZER BUSH,48815-30100,RBI,,0,26
CV JOINT,T0-111,JOKITO,,0,1
TIE ROD END,SE-5281 (SET),,,0,1
BRAKE PADS,AF-713/690/D2228,CERAMIC,TOYOTA L/C,0,13
BRAKE PADS,PN-0822/AF-533/D1677,CERAMIC,DMAX 4WD N/M,0,2
BRAKE PADS,04465-0K240/ GDB 2221,CERAMIC,DMAX 4WD N/M,0,3
TIE ROD END,SE-N201L,TAIWAN,X TRAIL T31,0,3
TIE ROD END,SE-N201R,555,X TRAIL T31,0,0
STABILIZER LINK,SL-3640 (48820-47010),TEX,,0,0
HUB BEARING,40202-1KA0A/JG000,GT,,0,8
RR DIFF MOUNTING (BIG),52380-42082,THAILAND,RAV 4,0,0
BRAKE LINING,46530-30021,POWERKING,MARK X GRX 120/CROWN GRS182,0,1
WHEEL CYLINDER,8-97319-300-0,THAILAND,ISUZE DMAX,0,0
LHS CORNER LAMP ASSEMBLY,XT10263,,,0,1
RHS CORNER LAMP ASSEMBLY,XT10264,,,0,1
RBI ARM BUSH,8-94408840-2,RBI UPP,"TFR,KB26",0,8
RBI ARM BUSH,48655-12120,RBI LOW,,0,0
KYB SHOCKS,444104,KYB FRONT,HIACE,0,0
KYB SHOCKS,444055,KYB/,HARDBODY,0,8
BEARING,12649/10,KOYO,,0,4
BALL JOINT,SB 5143,555,,0,2
SHOCK MOUNTING,48609-42010,,,0,0
PROTONO COOLANT,GREEN 1 LITRE,PROTONO,,0,21
DIFF OIL,SAE 90 1L,AXABULL,,0,1
RBI ARM BUSH,48655-60050,RBI BIG,,0,20
ARM BUSH,48654-60050,THAILAND SMALL,,0,10
STABILIZER LINK,SL-3890,555,,0,6
STABILIZER LINK,SL-3845,555,,0,0
RBI ARM BUSH,MR 510417B,RBI LOWER BIG,,0,4
ARM BUSH,MR 519398,UPPER,,0,0
BRAKE PADS,KD 4203,ASIMCO,,0,3
STABILIZER BUSH,MR418547,RBI REAR,,0,6
STABILIZER BUSH,MR150094,RBI FRONT,,0,2
BONNET SHOCKS,,,,0,0
BEARING,6308,KOYO,,0,4
GEARBOX FILTER,35330-53010,,,0,0
BALL JOINT,SB 3986,555,,0,0
ENGINE MOUNTING R,,DEMIO,,0,0
BRAKE PADS,KD1529,Asimco,,0,3
SEAL,13207-8H600,GP,,0,4
BRAKE PADS,PN 25000,NIBK,,0,4
RADIATOR,T31 XTRAIL,,,0,0
ARM BUSH,48704-52010,PERFECT REAR LOW,,0,10
OIL PUMP,15100-15060,AISIN,,0,1
PISTON RINGS,33924,TP,4G63,0,0
HUB BEARING,52KWH01(VKBA7412),SOHQ,,0,3
STEERING RACK,48001-ED01A/4V60B/JJ00A,SO HQ,,0,1
KYB SHOCKS,348070,KYB REAR,NISSAN NOTE,0,0
SUSPENSION BUSH,48714-35010,THAILAND,PRADO,0,10
SUSPENSION BUSH,48725-35020,THAILAND,,0,9
CV JOINT,T0-68,JOKITO,,0,2
CV JOINT,T0 82,JOKITO,PROBOX N/M,0,0
BRAKE PADS,D1353,MK,,0,2
BRAKE PADS,KD2524,Asimco,DYNA,0,3
SEAL,40*55*8,NAK,,0,1
BRAKE PADS,D 1244,MK,,0,11
MAIN BEARING,MS-1190 (STD),JAPAN,TD 25/27,0,3
ARM BUSH,54570-EE500,PERFECT,"TIIDA C11, LATIO",0,18
THRUST WASHER,TW 1028 (STD),NDC,,0,0
STABILIZER LINK,SL-N220,TAIWAN,,0,7
RACK END,SR-T220 (45503-42030),TAIWAN,RAV 4,0,9
JINBO SHOCKS,444055,JINBO/,HARDBODY,0,6
BALL JOINT,SB-4952 (40160-ED00A),TAIWAN,X TRAIL,0,11
PISTON RINGS,35937 (STD),TP,TOYOTA,0,4
PISTON RINGS,35954-3F (STD),TP,TOYOTA,0,6
PISTON RINGS,35920-3F (STD),TP,TOYOTA,0,2
PISTON RINGS,34096 (THIN) STD,TP,NISSAN TD27-2 STD,0,1
BRAKE DISC,43512-28190,ALBA,ALPHARD,0,2
DIFF OIL,SAE 90 5L,AXABULL,,0,7
DIFF OIL 5L,SAE 140 5L,AXABULL,,0,6
STABILIZER LINK,SL-N150 L,TAIWAN,,0,13
FAN BELT,7PK 1520,BELT,,0,2
STABILIZER LINK,SL-N150 R,555,,0,2
WIPER BLADE,12 INCH,,,0,0
AIR FILTER,13780-78K00,DIGUE,SUZUKI,0,3
JINBO SHOCKS,444132,JINBO FRONT/,VANETTE,0,4
WD 40,WD 40 120ML,TESON,,0,29
DIFF OIL,SAE/ EP90 5L,RAM G,,0,13
BRAKE DISC,43512-30310,ALBA FRONT,,0,1
WHEEL CYLINDER,D651-26-610,THAILAND REAR,MAZDA DEMIO,0,7
CLUTCH MASTER CYLINDER,30610-2S40A,THAILAND,NISSAN NAVARA/HARDBODY,0,1
BRAKE PADS,D2082-01,MK,95 FRONT,0,3
BRAKE ADJUSTER REPAIR KIT,YB-KITBA-001R,THAILAND,TOYOT HILUX KUN25 (WITH SPRINGS AND SHOE LOCKS),0,1
BRAKE ADJUSTER REPAIR KIT,YB-KITBA-001L,THAILAND,TOYOT HILUX KUN25 (WITH SPRINGS AND SHOE LOCKS),0,3
KYB SHOCKS,341372,KYB FRONT/,VIGO KUN50 4WD,0,9
MAIN BEARING,M024A (0.25),TAIHO,,0,2
CON BEARING,R710A (STD),,,0,4
OIL SEAL,M2349,,,0,1
H4 BULB,H4,KOITO,,0,0
12V ROUND BULB,,,,0,0
BRAKE DISC,42431-60311,TOYOTA REAR,,0,0
BRAKE DISC,43512-0K060,TOYOTA FRONT,,0,0
OIL FILTER,1-87810372 (O-1519),SAKURA,,0,2
OIL FILTER,1-87810075 (O-1301),SAKURA,,0,2
FUEL FILTER,9-88511191 (F-1303),SAKURA,,0,2
FUEL FILTER,1-13240194 (F-1507),SAKURA,,0,2
AIR FILTER,16546-JD20B,DIGUE,NISSAN,0,5
OIL FILTERS,90915-30002 8T,TESON,,0,0
FUEL FILTERS,23303-64010,TESON,,0,25
ENGINE MOUNTING FR R,12363-20111,TENACITY,,0,1
WHEEL STUD,,,,0,92
CYLINDER LINER,11012-2S000,IZUMI,TD27,0,0
WATER PUMP,GWT 84,GMB,,0,2
THRUST WASHER,T1050A (STD),,,0,4
PISTON RINGS,34134,TP,,0,1
MAIN BEARING,M1050 (STD),TAIHO,NAVARA,0,1
CON BEARING,R 2600A,,,0,0
OVERHAUL GASKET,,,YD 25,0,0
KYB SHOCKS,339031,KYB/,ACA 3#,0,2
CON BEARING,R724A (STD),TAIHO,TOYOTA,0,5
HEAD GASKET,11115-28011,TOYOTA,2AZ,0,0
PISTON RINGS,36042,TP,2 AZ,0,4
WATER PUMP FLANGE,16307-50012,GP,,0,0
CONTROL ARM L,0224-Z50,FEBEST,,0,1
CONTROL ARM R,0224-Z50,FEBEST,,0,1
ARM BUSH,MGB-014,BELCOT LOW,,0,2
BRAKE PADS,D-4075MH,CERAMIC,DMAX N/M,0,2
WATER DISPLACEMENT SPRAY,,,,0,0
RELEASE BEARING,50SCRN40P,NACHI,3L,0,0
SHOCK MOUNTING FR,48609-0R040,THAILAND,,0,1
STABILIZER BUSH,54613-1VA6A,THAILAND,,0,2
ARM BUSH,MZAB-CX5,FEBEST LOW,,0,6
GEARBOX MOUNTING,12372-28390,THAILAND,"ALPHARD, ESTIMA",0,3
STABILIZER BUSH,48815-28150,THAILAND,,0,0
ARM BUSH,48655-60050,THAILAND BIG,,0,11
ENGINE MOUNTING R,12305-21060/21020,THAILAND,,0,3
ARM BUSH,48702-60050,THAILAND,,0,18
TIE ROD END,SE-6651,THAILAND,SUBARU,0,6
RACK END,SR-3901,THAILAND,HARRIER,0,4
STABILIZER BUSH,54613-CA00A,THAILAND,,0,6
PISTON RINGS,35987,TP,TOYOTA,0,4
TIE ROD END,SE-T401 (45046-69245),TAIWAN,70 SERIES,0,5
SPARK PLUGS,BKR6EKB-11,NGK SPARK PLUGS,,0,40
GMB UNIVERSAL JOINTS,GUN-27,GMB UNIVERSAL JOINTS,,0,3
FUEL FILTER,23304-78222,DIGUE,DYNA,0,1
BRAKE LINING,K9999,LOTAS,SUZUKI ALTO,0,1
OIL FILTERS,04152-31090,DIGUE,,0,0
FUEL FILTERS,23390-51070,DIGUE,,0,6
TOYOTA GEAR BOX FILTER,35303-97201,TOYOTA GEAR BOX FILTER,,0,1
CLUTCH PLATE,TYC17,,,0,1
PRESSURE PLATE,TY17,,,0,1
PISTON RINGS,31056 (STD),TP,1KR,0,0
STABILIZER BUSH,54613-CA000,RBI,,0,6
RACK END,SR-6660,555,,0,4
BRAKE PADS,AF-703,CERAMIC,,0,3
STABILIZER LINK,48830-0K030,PERFECT,VIGO 4WD,0,8
JINBO SHOCKS,349015,JINBO REAR/,VIGO 2WD/4WD,0,4
BRAKE PADS,KD3707,Asimco,,0,1
FAN BELT,7PK 1250,BELT,,0,3
WHEEL BEARING,46T080704X,KOYO FRONT,,0,7
STABILIZER LINK,SL-T220 (48820-42030),TAIWAN,,0,26
STABILIZER LINK,48810-0K010,PERFECT,,0,1
TIE ROD END,SE-3903 (45460-49075),TAIWAN,HARRIER,0,2
RBI ARM BUSH,51391-S5A-024,RBI,,0,14
OIL FILTER,15600-41010,,,0,3
OIL FILTER,90915-03004/10004,TESON,,0,24
OIL FILTERS,MD135737,TESON,,0,57
STEERING BOOT,45535-26030,PERFECT,,0,29
PRESSURE PLATE,NSC 632,,,0,4
CLUTCH PLATE,NSD 109,,,0,1
TENSIONER,11955-6N20B,SO-HQ,,0,0
BALL JOINT,43330/43340-0N010,THAILAND,,0,4
KYB SHOCKS,341307,KYB REAR/,NZE,0,4
STABILIZER BUSH,48815-20290,RBI,,0,6
TENSORNER,6F55,,,0,0
TOP COVER GAS KAT,MD343563,GP,,0,0
AIR FILTER,17801-31131,ZYC,,0,0
BRAKE PADS,KD2386,ASIMCO,,0,1
V BELT,AX 55,POWER ROPE,,0,1
HEAD GASKET,11044-43GX3,GP,,0,0
BEARINGS,DAC 3872W,TAIWAN,,0,0
KYB SHOCKS,334399,KYB FRONT/,"HARRIER, LEXUS",0,2
KYB SHOCKS,334400,KYB FRONT/,"HARRIER, LEXUS",0,3
KYB SHOCKS,339032,KYB/,ACA 3#,0,3
EXHAUST MOUNTING BRACKET,17506-15070,RBI,AE100,0,1
BEARING,LM102949,KOYO,,0,6
BEARING,LM102948,KOYO,,0,0
MAIN BEARING,M723A (STD),TAIHO,,0,5
MAIN BEARING,M723A (0.25),TAIHO,,0,4
CON BEARING,R723A (0.25),TAIHO,TOYOTA,0,3
MAIN BEARING,M715A (0.50),TAIHO,TOYOTA,0,2
CON BEARING,R715A (0.50),TAIHO,TOYOTA,0,2
MAIN BEARING,M715A (0.25),TAIHO,TOYOTA,0,2
CON BEARING,R715A (0.25),TAIHO,TOYOTA,0,2
MAIN BEARING,M042A (STD),TAIHO,3L,0,1
CON BEARING,R039A (STD),TAIHO,3L,0,3
MAIN BRG,M720A - 0.25,TAIHO,1KD 1KZ,0,6
MAIN BRG,M720A - 0.50,TAIHO,1KD 1KZ,0,5
CON BEARING,R720A (STD),TAIHO,1KZ1KD,0,6
CON BEARING,R720A (STD),TAIHO,1KZ1KD,0,4
MAIN BEARING,M043A (0.25),TAIHO,"3A,4A,5A",0,2
MAIN BEARING,M043A (0.50),TAIHO,"3A,4A,5A",0,2
CON BEARING,R043A (0.25),TAIHO,3A4A5A,0,2
CON BEARING,R043A (0.50),TAIHO,3A4A5A,0,2
LINK BUSH,48817-52010,RBI,,0,8
MAIN BEARING,M757A (STD),TAIHO,1NR,0,2
CON BEARING,R757A (STD),TAIHO,1NR,0,2
CON BEARING,R729A (STD),TAIHO,2 TR,0,2
MAIN BEARING,M729A (STD),TAIHO,2 TR,0,2
CON BEARING,R726A (STD),TAIHO,TOYOTA/ DAIHATSU,0,2
THRUST WASHER,T378A,TAIHO,,0,1
PISTON RINGS,36046,TP,TOYOTA,0,4
PISTON RINGS,35892,TP,TOYOTA,0,1
PISTON RINGS,35929,TP,TOYOTA,0,3
PISTON RINGS,36049,TP,TOYOTA,0,1
PISTON RINGS,35960,TP,TOYOTA,0,1
PISTON RINGS,31060,TP,TOYOTA,0,3
PISTON RINGS,33952,TP,,0,1
MAIN BEARING,M726A (0.25),TAIHO,TOYOTA/ DAIHATSU,0,1
CON BEARING,R726A (0.25),TAIHO,TOYOTA/ DAIHATSU,0,1
OVERHAUL GASKET,,,1KZ,0,0
OVERHAUL GASKET,,,3 RZ,0,1
OVERHAUL GASKET,,,3S FE,0,0
OVERHAUL GASKET,,,5A FE,0,1
FUEL FILTERS,23390-51070,KOWA,,0,8
BRAKE LINING,FN-1174/1176,CERAMIC,NISSAN E24/E25/SAHARA,0,3
BRAKE PADS,D-7078,CERAMIC,,0,2
TIMING BELT,117 MY 21,,5AFE,0,2
AIR FILTER,MR968274,KOWA,,0,10
CARB CLEANER 120ML,CARB CLEANER 120ML,POWEREAGLE,,0,8
HEATER PLUG,CP 22 (19850-67020/030),HKT,,0,0
FAN CLUTCH,16210-50051,GMB,,0,1
KYB SHOCKS,3340066/65,KYB FRONT,NZE N/M,0,0
AIR FILTER,1500A190,DIGUE,,0,5
BRAKE DISC,43512-60150,ALBA FRONT,PRADO 120,0,7
ENGINE OIL,5W-40 4L,LEXUS,,0,4
ENGINE MOUNTING FR,MN-184094,RBI,,0,1
TIE ROD END,SE-3903 (45460-49075),555,,0,1
CABIN FILTER,88568-60010,DIGUE,,0,4
SUSPENSION BUSH,48702-60100,RBI,,0,13
ENGINE MOUNTING,11220-EW800,THAILAND,NISSAN,0,2
GEARBOX MOUNTING,12371-0H130B,THAILAND,RAV 4 ACA 33,0,13
ENGINE MOUNTING,11220-1HC0C,JOKITO,NISSAN,0,0
ARM BUSH,D10E-34-460,THAILAND,MAZDA DEMIO/ CX 3,0,4
ARM BUSH,48655-B4011,THAILAND FRONT,TOYOTA RUSH/TERIOS,0,6
BRAKE DISC,42431-60311,ALBA REAR,,0,1
NOZZLE SEAL,2W201,,,0,0
OIL FILTER,11428570590,VIKA,,0,0
AIR FILTER,13718513944,MD,,0,0
CABIN FILTER,64116823724,BLUEPRINT,,0,0
BRAKE PADS,34216859917,BB,,0,0
ENGINE BUSH,12371-0D060,RBI,,0,14
STEERING RACK,44250-20890,THAILAND,TOYOTA ALLION,0,1
FR SHOCK,334043,,HONDA,0,0
AIR FILTER,RDB 000,,,0,0
ENGINE MOUNTING,12372-28020,JOKITO,,0,5
ENGINE MOUNTING FR,12361-28100,THAILAND,,0,2
AIR FILTER,17801-38030,DIGUE,,0,9
WHEEL CYLINDER,47530-P5011,THAILAND,LANCER,0,2
ENGINE MOUNTING FR,,,LANCER,0,2
AIR FILTER,17801-62010,KOWA,,0,2
OIL FILTER,8-98018858-0,KOWA,ISUZU ELF 2.8,0,3
DIESEL FILTER,8-98162-897-0,KOWA,,0,2
STABLIZER LINK,SLN270,555,,0,6
DOOR HANDLE,,,MURANO,0,0
PISTON ASSEMBLY,13011-64150,,,0,0
PISTON RINGS,35693,,,0,0
TIMING BELT,39066,,,0,0
ARM BUSH,48725-48020,PERFECT,,0,0
V BELT,V 43,,,0,1
SPRING,,,SERENA,0,0
BRAKE PADS,AF-804,CERAMIC,DEMIO N/M,0,10
WIPER BLADES,SK18,SAKURA,,0,7
KYB SHOCKS,344463,KYB FRONT/,E25,0,2
KYB SHOCKS,333455,KYB FRONT/,Nze new model,0,3
KYB SHOCKS,333456,KYB FRONT/,COROLLA,0,3
ARM BUSH,48654-12120,NAKAMOTO LOWER,"ALTIS, ZZE121",0,10
SUSPENSION BUSH,48770-20020,RBI,"WISH, FIELDER",0,8
WATER PUMP,GWT-143A,GMB,"PORTE, PASSO",0,1
DRIVE SHAFT BOOT,43447-0K020,NKM,,0,2
TOYOTA BRAKE PADS,04466-0E070,TOYOTA,,0,0
CV BOOT,43447-35021,KOWA,,0,1
SHOCK MOUNTING FR,51920-SWA-A01,PERFECT,"CRV (RE,RM)",0,2
RBI ARM BUSH,51391-T5A-J01,RBI,HONDA FIT,0,4
ARM ASSY,54540-4F000,THAILAND,,0,0
SO.HQ HUB,3DACF026F(42450-52021),SO.HQ HUB,,0,8
BRAKE PADS,PN 1845,NIBK,,0,1
FUEL PUMP,,,,0,9
STABILIZER BUSH,H100,THAILAND,,0,4
BALL JOINT,SB-1802 (DE5F-34-350B),TEX,DEMIO,0,10
STABILIZER LINK,SL-5400R/L(8-97944-568/569),TAIWAN,D-MAX,0,14
PISTON RINGS,35950 STD,TP,TOYOTA,0,4
MAIN BRG,M707A - 0.25,TAIHO,1 HZ,0,2
CON BEARING,R735 (STD),TAIHO,1KR,0,1
CON BEARING,R707A (STD),TAIHO,1HZ,0,1
RELEASE BEARING,50SCRN31P,NACHI,AE100(5A),0,0
TENSIONER,PU255728CRR,KOYO,5A,0,2
BRAKE PADS,KD 1775,ASIMCO,,0,3
RR DRUMS,42431-60250,SO-HQ,,0,0
LINK BUSH,90385-11021,RBI,,0,12
LINK BUSH,90385-13009,,,0,0
STABILIZER BUSH,48815-12330,,,0,10
LONG SHACKLE,MT 12475,KARSON,,0,0
SHACKLE PINS,MT 12164,KARSONS,,0,0
"BRAKE ""LOCK"" PINS",MT 11860,KARSONS,,0,2
SPRING BUSH,90385-18022,,,0,6
BRAKE PADS,A-135K,CERAMIC,,0,1
BRAKE PADS,AF-135K,CERAMIC,HIACE,0,2
BRAKE PADS,AF-793,CERAMIC,XTRAIL T32 SHORT,0,2
BRAKE PADS,AF-794,CERAMIC,XTRAIL T32 F,0,2
SPRING BUSH,H100,,,0,1
MAIN BEARING,M735 (STD),TAIHO,1KR,0,2
PISTON RINGS,34118,TP,NISSAN,0,1
BEARINGS,48TKA3210,NIS,,0,1
PRESSURE PLATE,MBC 523,DAIKIN,MITSUBISHI,0,1
CLUTCH PLATE,MBD 022,DAIKIN,MITSUBISHI,0,0
CLUTCH PLATE,ISD113U,DAIKIN,ISUZU,0,0
PRESSURE PLATE,ISC531,DAIKIN,ISUZU,0,0
HEAD GASKET,11115-73010,ERISTIC,4Y,0,1
PRESSURE PLATE,NSC 545,DAIKIN,NISSAN,0,0
CLUTCH PLATE,NSD 036,DAIKIN,NISSAN,0,2
TIE ROD END,SE-5361 (8-97304-928-0),TAIWAN,D MAX,0,6
WHEEL CYL,RR-31049,ACCUMATE,BOLERO,0,2
BRAKE PADS,B-11002,ACCUMATE,BOLERO,0,1
SHOCK MOUNTING,20320-FG000,THAILAND,SUBARU,0,30
STABILIZER BUSH,48815-48040,,,0,16
ENGINE MOUNTING,12371-21120,THAILAND,,0,4
WHEEL CYLINDER,44100-05N10,BRINFARO,NISSAN,0,10
SUSPENSION BUSH,48706-60011,RBI,,0,6
GLOW PLUGS,PN-135,HKT,,0,19
OIL FILTER,8-94414796-3,IZUZU,,0,5
TOYOTA TOP COVER GASKET,11214-51010,TOYOTA,,0,0
TOYOTA TOP COVER GASKET,11213-51020,TOYOTA,,0,0
GP NOZZLE SEAL,23681-51010,,,0,0
BALL JOINT,SB-T222 (43330-19245/49095),TAIWAN,AURIS,0,7
TIE ROD END,SE- 3931 L (45047-09080),TAIWAN,,0,8
TIE ROD END,SE-3931R (45046-09200),TAIWAN,COROLLA,0,5
BALL JOINT,SB-4942 (40160-JG000),TAIWAN,T 31,0,3
STABILIZER LINK,48830-48010,PERFECT,"CAMRY, KLUGER",0,4
GLOW PLUGS,CP-22,HKT,,0,14
DRIVE SHAFT BOOT,43448-12040,RBI,,0,8
BEARINGS,30205,KOYO,,0,2
DRIVE SHAFT BOOT,JB3Z3B436A-I,RBI INNER,2018 FORD RANGER,0,2
DRIVE SHAFT BOOT,JB3Z3B436A-U,RBI OUTER,2018 FORD RANGER,0,6
ENGINE MOUNTING,11360-ED000,THAILAND,,0,10
GEARBOX FILTER,C307J,JS,MITSUBISHI,0,1
CV JOINT,T0 38,Jokito,,0,1
TIMING BELT,140 TEETH,,,0,0
AIR FILTER,A 194,JS,,0,3
FR WHEEL BEARING,50KWH06,,,0,0
HAND BRAKE CABLE,52030,,,0,0
WATER PUMP,GWT 91,GMB,1HZ,0,6
THRUST WASHER,T706 (STD),TAIHO,1HZ,0,2
WATER PUMP,GWT-96A,GMB,,0,1
BRAKE PADS,D7064,MK,,0,4
OIL SEAL,90913-T0002,MUSASHI,,0,4
FAN BELT,4PK 865,BELT,,0,0
CONTROL ARM,48710-42030,S0-HQ,,0,7
ENGINE MOUNTING FR,12362-28100,THAILAND,RH HARRIER,0,3
ENGINE MOUNTING FR,12361-28240,THAILAND,RAV 4,0,8
BRAKE PADS,D 4057,CERAMIC,DMAX N/M,0,5
BRAKE MASTER CYLINDER,47201-60680,THAILAND,BRAKE MASTER CYLINDER,0,2
WHEEL CYLINDER,47530-PS011,THAILAND REAR,PROBOX,0,4
CLUTCH SLAVE CYLINDER,31470-0K020,THAILAND,"TOYOTA HILUX, VIGO KUN 25",0,0
CLUTCH SLAVE CYLINDER,31470-30221,THAILAND,TOYOTA HILUX,0,1
WATER PUMP,GWMZ-57A,THAILAND,MAZDA DEMIO,0,1
ENGINE MOUNTING FR,12361-31100,THAILAND,,0,4
RBI ARM BUSH,DL33-34-460,RBI,MAZDA,0,7
BEARINGS,HI-CAPJLM104948,KOYO,,0,9
STABILIZER LINK,48802-60050,THAILAND,,0,0
OIL FILTER,90915-03004/10004,DIGUE,,0,3
AIR FILTER,8-98321413-0/K2025,DIGUE,ISUZU NMR,0,3
AIR FILTER,MR188657,DIGUE,,0,1
AIR FILTER,P301-13-3A0,DIGUE,"MAZDA DEMIO, AXELA",0,8
AIR FILTER,17220-RZA-000,DIGUE,,0,5
RBI ARM BUSH,D09H 34 350E,RBI LOWER,DEMIO,0,2
BALL JOINT,SB-N362,555,NISSAN VANETTE 2WD,0,2
BRAKE LINING,K-2378,CERAMIC,,0,2
STABILIZER BUSH,48815-25050,RBI,,0,0
WHEEL CYLINDERS,47550-60110,FROTISE,,0,0
ELECTRIC FUEL PUMP,HEP-02A,TEX,,0,4
AIR FILTER,17801-30080,GP,,0,0
SPRING SHACKLE BUSH,90389-12001,RBI,,0,2
BALL JOINT,SB-3642,555,,0,0
BALL JOINT,SB T082,555,RUSH,0,4
BUSH,55045-ED500,RBI,TIDA,0,7
STABILIZER LINK,48820-0D020 (SL-T020),PERFECT,VITZ N/M,0,25
BRAKE PADS,D2177,MK,,0,4
SUSPENSION BUSH,54467-AX001,RBI,TIIDA,0,4
JINBO SHOCKS,338075,Jinbo/,NISSAN SERENA,0,1
JINBO SHOCKS,338076,Jinbo/,NISSAN SERENA,0,2
ENGINE OIL,20W-50 4L,TESON,,0,1
TENSIONER,11750-2W200,SO HQ,,0,2
OVERHAUL GASKET,MD997052,TAIKIN,4D55,0,1
MAIN BEARING,M113/M141,TAIHO,,0,1
MAIN BEARING,M113/M141 (0.25),TAIHO,,0,1
MAIN BEARING,M113/M141 (0.50),TAIHO,,0,1
CON BEARING,R113A (0.50),TAIHO,,0,1
BEARINGS,6303 2RS,NACHI,,0,2
BEARINGS,6302 RMX,NIS,,0,4
SHOCKS,3340142,OZONE FRONT/,VEZEL,0,2
SHOCKS,3340143,OZONE FRONT/,VEZEL,0,2
KYB SHOCKS,344416,KYB REAR/,PRADO 120 RR,0,4
BALL JOINT,SB 7872,555,,0,2
GEAR BOX FILTER,35330-22040,G.P,,0,0
RBI ARM BUSH,48655-0K040,RBI LOWER,,0,19
RBI ARM BUSH,48654-0K040,RBI LOWER,,0,19
CONTROL ARM LOW,MB912511,SO HQ,MITSUBISHI,0,1
KYB SHOCKS,339636,KYB FRONT,CX 5,0,0
KYB SHOCKS,339637,KYB FRONT,CX 5,0,0
BRAKE PADS,D6108,MK,,0,3
CV JOINT,NI13,URW,,0,1
STABILIZER LINK,48819-52010,PERFECT,,0,19
SUSPENSION BUSH,48725-32250,RBI,,0,6
AIR FILTER,16546-02N00,ZYC,NISSAN,0,8
BRAKE PADS,AF-716,CERAMIC,,0,2
TRANSMISSION FILTER,JT498K,JS,,0,2
SHOCKS,338002,OZONE/,FIT,0,2
PULLEY TENSIONER,,FE BEST,PRADO 150 1KD,0,1
ARM BUSH,48655-0D051,THAILAND,"VIOS, NCP93",0,0
FR SHOCK BEARING,,,PROBOX,0,0
NISSAN FUEL FILTER,16400-EC00A,NISSAN,,0,0
STEERING BOOT,60320,RBI,,0,0
RBI SHOCK BUSH,90389-T0003,RBI,,0,0
CABIN FILTER,87139-12010,DIGUE,,0,17
BRAKE LINING,K4732 / K4301,LOTAS,,0,1
SEAL REAR WHEEL,34028,TKK,,0,2
PRESSURE PLATE,5876100820,GENUINE,DMAX 4*4,0,5
CLUTCH PLATE,5876100830,GENUINE,DMAX 4*4,0,5
RELEASE BEARING,TSK60-30K,MRK,DMAX,0,0
TOYOTA BRAKE LINING,04495-0K120,TOYOTA REAR,,0,1
BRAKE DISC,43512-0K060,ALBA FRONT,VIGO KUN25 4WD,0,10
BRAKE PADS,D2310-01,MK,,0,0
CUP KIT SEAL,TKM-838514R,B/K,,0,0
FAN BELT,4PK 950,BELT,,0,1
WATER PUMP,GWN-54W,GMB,,0,0
SHOCKS,333197,OZONE/,ST 190,0,1
AIR FILTER,17801-BZ080,DIGUE,TOYOTA,0,7
HEAD GASKET,11115-B0020,GP,,0,0
OIL FILTER,OE0107,JS,,0,3
ENGINE MOUNTING R,12362-22010,JOKITO,,0,1
PULLEY,0788-GRV,FE BEST,,0,1
BALL JOINT,SB-3342,TAIWAN,70/90 SERIES,0,6
TIMING BELT,117 MR 21,,COROLLA/STARLET,0,2
AIR FILTER,17801-56020,KOWA,,0,2
BRAKE DISC,43512-0K090,ALBA FRONT,"FORTUNER, VIGO",0,0
STABILIZER LINK,SLH130,555,,0,0
TIE ROD END,SET021R,555,,0,3
TIE ROD END,SET021L,555,,0,3
BRAKE PADS,KD 1508,ASIMCO,,0,3
FAN CLUTCH,16210-62030 (GFT-229),GMB,,0,0
PRESSURE PLATE,CT-045,AISIN,,0,0
FUEL FILTER,16400-V2700,KOWA,,0,4
AIR FILTER,13780-68P00,DIGUE,SUZUKI,0,3
CABIN FILTER,08975-B2000,KOWA,,0,8
GEARBOX FILTER,35330-30060,GENUINE,,0,0
ENGINE MOUNTING R,12305-0H050,THAILAND,,0,2
FAN BELT,4PK 920,BELTS,,0,1
BALL JOINT,SB-3602,TAIWAN,"PROBOX, VITZ",0,7
TIE ROD END,SE-3601L (45047-59026),TEX,,0,1
TIE ROD END,SE-3601R (45046-59026),TEX,,0,1
HEAD GASKET,11044-EN200,G.P,NISSAN,0,0
STABILIZER LINK,48820-0D020 (SL-T020),TEX,VITZ N/M,0,12
JINBO SHOCKS,230508,JINBO FRONT,TOWNACE,0,0
VALVE SEAL,90913-02066,G.P,TOYOTA,0,2
GLOW PLUGS,CP-25,HKT,,0,11
RACK END,SR-T090 (45503-29846),555,HIACE,0,4
SHOCK MOUNTING,48609-12420,PERFECT,,0,6
OIL FILTERS,15208-2W200,KOWA,,0,2
GEARBOX MOUNTING,12371-21040,THAILAND,PROBOX/IST/PLATZ,0,3
AXLE BUSH,42100-SMG-E06,THAILAND REAR,HONDA,0,4
STABILIZER LINK,20470-SA000,BRINFARO,SUBARU,0,2
SHOCK MOUNTING BEARING,54325-1HA0A,BELCOT,,0,12
STABILIZER BUSH,48815-26020,THAILAND,,0,5
HAND BRAKE CABLE,46430-PS022,SNG,,0,2
COIL SPRING FR,48131-52351,FROTISE,PROBOX,0,0
COIL SPRING RR,48131-52352,FROTISE,VITZ/PROBOX,0,4
BRAKE MASTER CYLINDER,47201-52061,BRINFARO,,0,4
AIR FILTER,ME-422879,ZYC,,0,3
FUEL FILTER,MK-667920,KOWA,,0,1
BRAKE PADS,AN-780WK,CERAMIC,,0,0
C.V JOINT,21-02131N,URW,HILUX,0,3
CLUTCH PLATE,DT-036,AISIN,,0,1
C.V JOINT,T0-54 (21-02118N),URW,NZE,0,0
BRAKE PADS,KD4718,ASIMCO,RUSH,0,3
BRAKE PADS,AF-780,CERAMIC,MITSUBISHI CANTER,0,0
ENGINE OIL,10W-40 5L,AKINAWA,,0,16
WATER PUMP,GWT-116A,GMB,1KZ WITHOUT HOUSING,0,4
CV JOINT,T054 ABS,HDK,2ZR-FE,0,2
CV JOINT,T055 ABS,HDK,1ZZ FE,0,2
HEAD GASKET,11115-30031,G.P,,0,0
CON BEARING,R027 (0.25),TAIHO,TOYOTA,0,1
MAIN BEARING,M027 (0.25),TAIHO,3E,0,1
THRUST WASHER,T027 (STD),,,0,1
SHOCKS,333258,OZONE/,"Vitz, Probox,",0,4
SHOCKS,334472,OZONE/,VITZ,0,1
SHOCKS,334473,OZONE/,"Vitz new, Ractis",0,1
SHOCKS,333455,OZONE/,NZE 141,0,2
SHOCKS,333456,OZONE FRONT/,NZE 141,0,2
SHOCKS,334191,OZONE REAR,FORESTOR,0,6
CLUTCH PLATE,MZ 28,,,0,1
SHOCKS,334399,OZONE FRONT/,"HARRIER, LEXUS",0,2
SHOCKS,334400,OZONE FRONT,"HARRIER, LEXUS",0,4
SHOCKS,333339,OZONE FRONT/,Nze old model,0,1
SHOCKS,3340215,OZONE FRONT/,WISH ZGE20,0,2
SHOCKS,3340216,OZONE FRONT/,WISH ZGE20,0,2
BRAKE LINING,K 1264,MK,,0,1
SHOCKS,339149,OZONE REAR/,FORESTER,0,1
SHOCKS,339150,OZONE REAR/,FORESTER,0,1
STABLIZER LINK,SL T270,555,,0,0
SHOCKS,334192,OZONE REAR,FORESTOR,0,5
SHOCKS,334189,OZONE REAR/,FORESTOR,0,2
SHOCKS,334190,OZONE REAR/,FORESTOR,0,2
T JOINT,3T-23,,,0,6
AIR FILTER,16546-AW002A,KOWA,HARDBODY,0,10
PISTON RINGS,F208B STD,N P R,SUZUKI,0,0
TIMING BELT,13568-59095,TOYOTA GP,,0,0
TOYOTA TENSIONER,13540-50030,TOYOTA,,0,1
IDLER BEARING,13505-50030,GENUINE,,0,0
ENGINE MOUNTING TOP,12305-37100,RBI,,0,0
DIESEL FILTER,FS0073,JS,,0,5
LH MOUNTING,D652-39-070,THAILAND,,0,1
MOUNTING,D 652-,THAILAND,,0,0
STABILIZER BUSH,D651-34-156,RBI,"DEMIO, FIESTA",0,0
PISTON RINGS,20120,NPR,SUZUKI,0,1
PISTON RINGS,35984,TP,TOYOTA,0,2
RBI ARM BUSH,48655-20140 (20221T),RBI LOWER,AT190 SMALL HOLE,0,4
RBI ARM BUSH,48655-20221T,RBI LOWER,ST 191,0,8
GLOW PLUGS,PT-158,HKT,,0,12
RED REFLECTOR (ROUND),,,,0,0
WHITE REFLECTOR (ROUND),,,,0,0
CHEVRON 1*1,,,,0,3
AMBER REFLECTOR,,,,0,1
BRAKE DISC,42431-60350,AKINAWA,,0,2
BRAKE DISC,43512-60290,TOYOTA GP,,0,0
SHOCKS,334405,OZONE FRONT/,MITSUBISHI PAJERO,0,2
AIR FILTER,17801-54100/75010,KOWA,TOYOTA,0,4
BUSH,55045-EN100,THAILAND,,0,10
TIE ROD END,0521-TC,FE BEST,,0,2
AXLE BUSH,55501-JG000,THAILAND REAR,"XTRAIL,QASHQAI,DUALIS",0,10
ARM BUSH,54400-4CB0B-1,THAILAND,,0,0
ARM BUSH,54400-4CB0B-2,THAILAND,,0,0
BRAKE PADS,AF-113,CERAMIC,TOYOTA,0,2
CVT FLUID,CVT-TC 4L,AKINAWA,TOYOTA,0,0
TOYOTA GEAR BOX FILTER,35330-60060,TOYOTA GEAR BOX FILTER,,0,2
ARM BUSH,48702-60130,GENUINE REAR UPP,,0,0
SPARK PLUGS,DILFR7K9G (90919-01276),(UNITRON) TOYOTA SPARK PLUGS,,0,2
RACK END,SR-3720,555,"FIELDER,VISTA 4WD",0,4
RBI ARM BUSH,54400-4CB0B-1,RBI,T32 LONG,0,12
RBI ARM BUSH,54400-4CB0B-2,RBI,T32 SHORT,0,12
SUSPENSION BUSH,48725-52010,RBI,NCP 12,0,9
FRONT DISK,43512-42050,ALBA,,0,0
ENGINE MOUNTING FR,41022-FA000,,BP9,0,0
CABIN FILTER,7803-A028,KOWA,,0,1
RBI ARM BUSH,48654-42040,RBI LOWER,,0,18
KYB SHOCKS,339002,KYB REAR,NISSAN,0,0
OIL FILTER,8-97288947-0,DIGUE,D MAX OLD MODEL,0,0
ENGINE MOUNTING FR R,12361-28230,THAILAND,,0,1
IDLER BRG,13503-50011,GENUINE,,0,2
ENGINE MOUNTING R,12362-22010,THAILAND,,0,5
ENGINE MOUNTING FR L,11220-ED000,THAILAND,NISSAN,0,2
ENGINE MOUNTING FR,12361-21020,THAILAND,,0,4
STABILIZER BUSH,48815-0K010,THAILAND,VIGO 4WD/ FORTUNER,0,6
FAN BELT,6PK 1230,BELT,,0,0
ENGINE MOUNTING L,D652-39-070,SNG,,0,1
SHOCK MOUNTING FR,MN103227,JOKITO,PAJERO IO,0,4
ARM BUSH,48655-0K080,THAILAND,REVO 4WD,0,2
STABILIZER LINK,51320-T5A-003,THAILAND,,0,4
STABILIZER LINK,51325-T5A-003,THAILAND,,0,2
STABILIZER LINK,20470-AJ010,THAILAND,SUBARU,0,2
BALL JOINT,MR161966,THAILAND,MITSUBISHI PAJERO,0,3
BRAKE LINING,MT 124226,KARSONS,150,0,0
TIE ROD END,53540-T5R-003,THAILAND,HONDA FIT/JAZZ,0,2
TIE ROD END,53560-T5R-003,THAILAND,HONDA FIT/JAZZ,0,0
SEAL,90311-47026,,150,0,0
ABRO COOLANT,RED 5 LITRE,ABRO,,0,14
OIL SEAL,OSL112FB,FB,REAR AXLE DRIVE SHAFT RH,0,2
FAN BELT,5PK 970,BELT,,0,1
AIR FILTER,17801-38030,ZYC/KOWA,,0,9
AIR FILTER,17801- 51020,ZYC/KOWA,,0,1
WHEEL BEARING FR,40202-4BA0A,KFS/LG,,0,2
GLOW PLUGS,PT-103,HKT,,0,9
BRAKE PADS,KD2776,Asimco,,0,2
STABILIZER BUSH,48815-0K010,RBI,VIGO 4WD/ FORTUNER,0,8
BUSH,55045-EN100,RBI,,0,44
UNIVERSAL JOINTS,GU-1000,TEX,,0,1
PISTON RINGS,31056 (STD),NPR,1KR,0,1
BALL JOINT,SB-N362,TAIWAN,NISSAN VANETTE 2WD,0,6
PISTON RINGS,36068,TP,TOYOTA,0,0
ARM BUSH,48725-20020,,,0,0
SPARK PLUGS,FK16RH11 (90919-0),TOYOTA SPARK PLUGS,,0,0
EXHAUST MOUNTING,17563-68020,RBI,,0,2
BRAKE CALIPER,,,CANTER,0,0
FUEL FILTER,FC158,JS,,0,3
FAN BELT,4PK 775,BELT,,0,0
FAN BELT,5PK 1350,BELT,,0,0
WHEEL BRG,04421-35188,BELCOT,,0,4
ENGINE MOUNTING FR,12361-0D030,RBI,,0,0
ENGINE MOUNTING R,12305-22170,RBI,,0,0
FAN BELT,7PK 1745,BELT,,0,0
BRAKE LINING,K 2788,ASIMCO,,0,1
BALL JOINT,SB 3506,555,95,0,0
RBI ARM BUSH,48632-35080,RBI UPP,,0,12
RBI ARM BUSH,48654-0D060,RBI,,0,7
GEAR BOX OIL,SAE 80W-90,TESON,,0,2
FLOOR MAT,,,,0,0
SCISSOR JACK,,,,0,0
DRIVE SHAFT BOOT,28323-AG010,THAILAND INNER,,0,32
BRAKE LINING,K-3434,CERAMIC,MAZDA DEMIO N/M,0,3
BRAKE PADS,KD 4747,ASIMCO,OUTLANDER,0,4
TIE ROD END,SE-3891,555,HILUX KUN 4WD,0,2
BALL JOINT,SB-3882 (43330-09295),TAIWAN,VIGO,0,9
BALL JOINT,SB-3881 (43310-09015),TAIWAN,HILLUX,0,22
RACK END,SR-3880,TAIWAN,VIGO,0,14
ARM BUSH,48655-0K010,PERFECT,VIGO 4WD,0,4
ARM BUSH,48654-0K040,PERFECT LOWER,,0,4
ATF FLUID,ATF DEXRON III 1L,AXABULL,,0,20
KYB SHOCKS,339198,KYB/,XTRAIL T31,0,1
FAN BELT,5PK 975,BELT,,0,2
BRAKE PADS,AF-641/D6127,CERAMIC,MITSUBISHI CEDIA,0,2
AIR FILTER,16546-EB300,DIGUE,NAVARA,0,10
AIR FILTER,PE07-13-3A0A,DIGUE,,0,7
FAN BELT,4PK 845,BELT,,0,0
TENSIONER,0187-GSU45,FEBEST,,0,0
ENGINE MOUNTING,12371-0D060 IE,RBI,,0,1
AIR FILTER,16546-6A00B,DIGUE,NISSAN,0,1
WHEEL BEARING,DAC295300372RS,MCB,,0,0
SPARK PLUGS,DCPR7E,NGK,,0,22
SHOCK MOUNTING,54320-4M400,THAILAND,,0,2
SHOCKS,333308,OZONE/,B15,0,1
STABILIZER LINK,SL2960,555,,0,0
BRAKE PADS,AF-394,CERAMIC,,0,2
ENGINE MOUNTING L,GHR9-39-070,THAILAND,CX 5,0,4
ARM BUSH,20204 AG011,THAILAND,"LEGACY, XV 2011",0,13
DRIVE SHAFT BOOT,7232-22022,THAILAND INNER,SUBARU,0,10
FUEL FILTER,42072-AA010,KOWA,SUBARU,0,2
FRONT ARM,51350-SLA-033B,THAILND,,0,2
CROSSMEMBER BUSHING,HAB-GJ1R,FEBEST,,0,2
BEARING,DAC295337,NIS,,0,1
WHEEL BEARING,DAC4382W,KOYO FRONT,,0,2
ENGINE MOUNTING,12371-0D060 IE,PERFECT,,0,1
BALL JOINT,SB-3806R,TAIWAN,,0,3
BALL JOINT,SB-3806L,TAIWAN,,0,3
STABILIZER LINK,SL-3560,TAIWAN,,0,8
DRIVE SHAFT BOOT,48203-27N26,RBI,,0,2
ENGINE MOUNTING R,12305-28120,RBI,,0,3
CV JOINT,H0-59,OZONE,,0,1
COIL SPRING RR,,THAILAND,RAV 4,0,0
BALL JOINT,SB-2502,555,,0,1
BRAKE PADS,KD 4201,ASIMCO,,0,2
AIR FILTER,8-97941655-0/8-97310442-0,KOWA,D/MAX O/M,0,6
FUEL FILTER,16403-Z7000,KOWA,,0,9
AIR FILTER,16456-4BA1A,KOWA,,0,17
ARM BUSH,20204-AG040,THAILAND,SUBARU,0,0
SUBARU STABILIZER BUSH,20414-AL000,SUBARU,,0,2
GP NOZZLE SEAL,23681-30010,,,0,0
OIL SEAL,23682-30010,VALVE COVER OIL SEAL,,0,0
NOZZLE WASHER,,GP,,0,0
AIR FILTER,16546-3HD0A,KOWA,,0,19
BRAKE DISC,K011-26-251A,SO HQ REAR,CX-5/6,0,2
BRAKE PADS,PN5822,NIBK,,0,2
CLUTCH KIT,04313-30100,GP,,0,0
BRAKE PADS,KD2086,TOYOTA,,0,1
BRAKE LINING,K 2789,ASIMCO,"FIELDER NEW, RACTIS, AXIO, WISH",0,2
RACK END,SR-1800 (D651-32-240),TAIWAN,DEMIO,0,12
STABILIZER LINK,SL2960 (48820-33010),TAIWAN,,0,6
RACK END,SR-3640 (45503-12130),TAIWAN,NZE,0,3
C.V JOINT,21-02101N ABS,URW,NZE,0,1
ENGINE MOUNTING,12371-0D060,PERFECT,,0,3
ENGINE MOUNTING R,12305-0D061,PERFECT,NZE,0,4
ENGINE MOUNTING FR,12361-0D030,PERFECT,,0,5
TIMING BELT,A416R075,SUN,,0,1
FAN BELT,4PK 884,BELT,,0,0
AIR FILTER,MD-603384,KOWA,MITSUBISHI,0,2
GMB UNIVERSAL JOINTS,GUT-27,GMB UNIVERSAL JOINTS,,0,2
BRAKE PADS,KD 2068,ASIMCO,,0,2
BRAKE PADS,D-6126,CERAMIC,MITSUBISHI,0,1
HEAD GASKET,1005B451,GP,,0,0
GLOW PLUGS,PT-157,HKT,,0,13
TIE ROD END,SE-3881,555,HILUX,0,3
KYB SHOCKS,333494,KYB/,Mazda Demio,0,1
OIL SEAL,95*115*9.5*12 (T1278),MUSASHI,"PRADO 1KZ,1HD",0,2
KYB SHOCKS,333495,KYB/,Mazda Demio,0,1
GMB UNIVERSAL JOINTS,GUT-23,GMB UNIVERSAL JOINTS,,0,4
BRAKE PADS,A-733K,CERAMIC,,0,0
ENGINE OIL,15W-40 4L,PETROVOIL,,0,8
BRAKE LINING,K-1276,CERAMIC,,0,1
AIR FILTER,16546-0W800,ZYC,,0,4
ATF FLUID,MATIC J,NISSAN,,0,0
PULLEY,16604-31010,GENUINE,,0,0
CONTROL ARM UP L,51460-S10-020,SOHQ,HONDA,0,2
CONTROL ARM UP,51450-S10-020 (RIGHT),SOHQ,HONDA,0,2
AIR FILTER,ME-033717,KOWA,MITSUBISHI FH,0,2
OIL FILTER,ME-034611,KOWA,MITSUBISHI FH215,0,1
DIESEL FILTER,ME-036478,KOWA,MITSUBISHI FH 215,0,1
CLUTCH PLATE,TYD 112,DAIKIN,TOYOTA,0,4
BALL JOINT,SB-2502 (43330-29175),TAIWAN,PAJERO,0,5
BRAKE LINING,FN-1276,CERAMIC,NV200,0,2
SHOCKS,331492,OZONE/,CRV,0,2
SHOCKS,343408,OZONE REAR,PAJERO IO,0,6
SHOCKS,341307,OZONE REAR/,NZE,0,9
BATTERY,NS-70,FUSION,,0,2
KYB SHOCKS,341445,KYB FRONT/,PAJERO,0,2
STABILIZER LINK,KD35-34-170,NAKAMOTO,,0,2
SO.HQ HUB,3DACF026F-7S(42450-12051),SO.HQ HUB,,0,3
SUSPENSION BUSH,48725-0D120,RBI,,0,2
SHOCKS,348001,OZONE REAR/,RACTIS,0,6
SHOCKS,341191,OZONE,EP 82,0,1
RBI ARM BUSH,48725-05041,RBI,,0,0
WHEEL BEARING,35BWD07CA123,NSK,STARLET,0,0
AIR FILTER,17801-31120,ZYC,TOYOTA,0,8
AIR FILTERS,17801-31100/31170,ZYC,TOYOTA,0,14
BRAKE PADS,D5128,MK,,0,0
STABILIZER BUSH,52306-S9A-005,RBI,,0,0
SHOCK MOUNTING,48609-0D080,PERFECT,,0,11
BRAKE DISC,40206-1HJ0A,ALBA,,0,6
AIR FILTER,17801-38050,ZYC,,0,4
BRAKE PADS,PN0544,NIBK,,0,4
SHOCK MOUNTING FR,51920-SWA-A01,THAILAND,"CRV (RE,RM)",0,8
STABILIZER LINK,20420-XA000,THAILAND,SUBARU,0,8
ENGINE MOUNTING R,12305-21130,BRINFARO,,0,2
AXLE BUSH,48725-12560,THAILAND REAR,,0,0
AXLE BUSH,48725-12560,BRINFARO REAR,,0,18
SUSPENSION BUSH,48725-30190,THAILAND,,0,10
SEAL,40-58-8/11,,,0,2
FAN BELT,7PK 1620,BELT,,0,0
AIR FILTER,MD620563,KOWA,L200,0,4
DIESEL FILTER,MD-220900,,,0,0
SHOCK BUSH,MRP 2305,KARSON,,0,8
H11 BULB,H11,,,0,3
GLOW PLUGS,PN-135V,HKT,,0,0
TOYOTA CLUTCH RELEASE BEARING,31230-71030,TOYOTA,,0,0
STABILIZER BUSH,48818-60020,RBI,,0,10
IDLER,13503-70080 (GT90250),GMB,,0,1
TOP COVER GASKET,11214-31010,ERISTIC,,0,1
TOP COVER GASKET,11213-31010,ERISTIC,,0,1
BRAKE PADS,AF-303 WK,CERAMIC,,0,3
BRAKE PADS,AF-337,CERAMIC,,0,8
OIL FILTER (WITH VALVE),8-97148-270-0/8-97096,KOWA,ISUZU 4.3,0,9
BRAKE LINING,FN-1170,CERAMIC,NISSAN B15/WINGROAD,0,1
BALL JOINT,SB-2381,555,TOWNACE,0,3
BALL JOINT,SB-2381,KOWA,TOWNACE,0,2
ENGINE MOUNTING,MN184355,RBI,,0,2
CON BEARING,R025A (STD),TAIHO,,0,5
MAIN BEARING,M025A (STD),TAIHO,,0,2
WHEEL BEARING,43401-74P00,SO HQ,,0,4
AIR FILTER,A-33410,SAKURA,MISTUBISI,0,0
V BELT,A331YO75,,,0,1
CABIN FILTER,AC108J,JS,,0,5
BRAKE PADS,PN8808,NIBK,,0,1
BRAKE PADS,KD2725,Asimco,,0,4
WATER PUMP,GWT-145,GMB,"1KD,2KD,7L",0,1
DRIVE SHAFT BOOT,43448-0K020,NKM,VIGO 4WD INNER,0,2
FR BEARING,DAC4075,NIS,,0,2
SPARK PLUGS,SK16R11,TOYOTA,,0,8
STABILIZER LINK,SL T226,555,,0,0
TIE ROD END,SE-3921 (45046-49095/49025),555,RAV4,0,1
AIR FILTER,17801-31130,zyc,,0,6
CLUTCH PLATE,DT-123,AISIN,AE90,0,2
CLUTCH PLATE,CT-014,INDONESIA,AE90 (2E) 4E,0,3
OIL FILTERS,04152-37010/40060,TESON,TOYOTA,0,8
STABILIZER LINK,KD35-34-170,RBI,,0,5
TIE ROD END,SE-3841 (45046-39505),TAIWAN,PRADO 120,0,10
TIE ROD END,SE-3921 (45046-49095/49025),TAIWAN,RAV4,0,1
ENGINE MOUNTING,12305-28230,PERFECT,"ALPHARD,VANGUARD",0,3
DRIVE SHAFT BOOT,48203-27N26,PERFECT,,0,3
HEAD GASKET,11115-11010,TESON,2E,0,6
AIR FILTER,A344J,JS,,0,2
OVERHAUL GASKET,04111-11140,ERISTIC,,0,2
KYB SHOCKS,5540001,KYB REAR,PRADO 150,0,0
WATER PUMP,GWT-93A,GMB,,0,1
T/WASER,T025A,TAHIO,,0,5
CLUTCH PLATE,DT-130,ASIN,,0,0
R/BEARING,50SCRN31PA,NACI,,0,7
ENGINE MOUNTING,11270-8H310,,,0,0
KYB SHOCKS,3448019,KYB REAR,AVENSIS,0,2
CENTER BEARING,37230-35061/80,,HILUX,0,2
STEERING RACK,45510-28122,SO HQ,VOXY ZR70 2WD,0,2
GEARBOX MOUNTING,12303-04121,,,0,0
FUEL FILTER,31090,,,0,0
MAIN BEARING,M025A (0.50),TAIHO,,0,2
CON BEARING,R025A (0.75),TAIHO,,0,2
GMB UNIVERSAL JOINTS,GUT-24,GMB UNIVERSAL JOINTS,,0,7
BRAKE PADS,A-605,CERAMIC,NAVARA SHORT,0,1
STABILIZER BUSH,20414-SG000,THIALAND,,0,0
ENGINE MOUNTING L,50850-T5H-003,THAILAND,,0,1
KYB SHOCKS,339213,KYB/,LEXUS,0,1
KYB SHOCKS,339212,KYB/,LEXUS,0,1
RBI ARM BUSH,48654-60050,RBI SMALL,,0,10
RACK END,SR-2920 (45503-29215),TAIWAN,TOWNACE,0,8
JINBO SHOCKS,444105,JINBO REAR/,7L,0,2
OIL FILTER,8-97309-927-0,TESON,D MAX,0,6
MOTOR HONEY,C162,CASITE USA,,0,16
OVERHAUL GASKET,04111-21040,TESON,1NZ/2NZ,0,0
BRAKE PADS,AF-605,CERAMIC,NAVARA,0,2
BRAKE DISC,40206-CY00A,SO HQ FRONT,,0,2
ENGINE MOUNTING R,11210-ED50A,JOKITO,,0,3
ENGINE MOUNTING,11360-ED000,JOKITO,,0,2
TIE ROD END,SE-3903 (45460-29435),THAILAND,,0,2
WHEEL CYLINDER,47550-60120,THAILAND REAR,,0,3
CLUCH MASTER CYLINDER,30610-01G00,THAILAND,NISSAN SAHARA,0,1
CON BEARING,R135 (STD),TAIHO,4G92,0,2
BEARING,DAC3874W-6CS84,KOYO,,0,0
BRAKE PADS,KD1765,Asimco,,0,1
BRAKE LINING,FN-0042,CERAMIC,,0,3
CLUTCH PLATE,31250-0K060/TYD145U,,VIGO 4*4,0,1
WIPER BLADES,18 INCH,UNIPOINT,,0,5
WIPER BLADES,20 INCH,UNIPOINT,,0,2
SHOCKS,339198,OZONE/,XTRAIL T31,0,1
SHOCKS,339199,OZONE/,XTRAIL T31,0,1
SHOCKS,3340117,OZONE/,PASSO SETTE N/M,0,2
SHOCKS,3340118,OZONE/,PASSO SETTE N/M,0,2
JINBO SHOCKS,333338,JINBO FRONT/,NZE,0,1
MAIN BEARING,M024A (STD),TAIHO,,0,3
RADIATOR,TIIDA,,,0,2
T-JUNCTION,T-JUNCTION,,,0,10
SO.HQ HUB,54KWH01 (43560-60010),SO.HQ HUB,120,0,4
RBI ARM BUSH,8-97220065-0,RBI LOWER,D MAX,0,8
RBI ARM BUSH,0-S083-34-840,RBI UP,KIA 2700/HI2402 SMALL,0,8
RACK END,SR-3930,TAIWAN,COROLLA,0,4
BRAKE LINING,K2020,Asimco,PASSO,0,1
DRIVE SHAFT BOOT,43447-17041,TEX,,0,17
HUB BEARING,43550-42010,GT,RAV 4,0,0
FAN CLUTCH,GFT-223,GMB,HDJ 100,0,1
BRAKE PADS,KD1792,Asimco,,0,1
BRAKE DISC,MR407116,ALBA FRONT,PAJERO V73-V78,0,0
SO.HQ HUB,42410-B1061,SO.HQ HUB,,0,0
BALL JOINT,SB-T502,555,UZJ 200,0,6
WATER PUMP,GWT-77A,GMB,"RAV 4 3S,4S",0,1
OVERHAUL GASKET,04111-74592,TESON,3SFE,0,1
RACK END,SR-3840 (45503-39265),TAIWAN,PRADO 120,0,14
BRAKE LINING,K3325,Asimco,MOVE/MIRA/PASSO,0,1
BRAKE MASTER CYLINDER,46010-4M400,THAILAND,,0,0
SO.HQ HUB,43402-57L50,SO.HQ HUB,VITARA/ESCUDO,0,6
SO.HQ HUB,28737-SC000/FL020,SO.HQ HUB,,0,0
NISSAN BRAKE PADS,D1060-4CA0A,Nissan,,0,1
BRAKE DISC,40206-JD00A,ALBA,,0,2
GEARBOX FILTER,31728-AA141,SUBARU,,0,0
GEARBOX FILTER,31728-AA130,SUBARU,,0,1
BRAKE PADS,AF-754,CERAMIC,,0,1
SHOCKS,48510-69405,GENUINE FRONT,,0,0
STABILIZER LINK,48810-60051,GENUINE,,0,0
SHOCKS,343442,OZONE REAR/,VITZ N/M,0,4
SHOCKS,551112,OZONE FRONT/,MARK X GRX 120/121,0,2
SHOCKS,551113,OZONE FRONT/,MARK X GRX 120/121,0,2
SHOCKS,551120,OZONE REAR/,MARK X GRX 120/121,0,4
BRAKE LINING,FN-3426,CERAMIC,NISSAN VANEETE,0,2
STABILIZER LINK,52320-SWA-A01,THAILAND,RE7,0,4
STABILIZER LINK,52321-SWA-A01,THAILAND,RE7,0,6
RACK END,48830-85K00,THAILAND,SUZUKI,0,4
ENGINE MOUNTING,12371-0M030,BRINFARO,,0,4
STABILIZER BUSH,48815-52070,RBI,,0,10
HUB SEAL,43204-60032,TOYOTA,,0,0
FREE WHEEL HUB,43530-60130,TOYOTA,,0,0
VALVE SEAL,90919-02066,GENUINE,1KD,0,0
CABIN FILTER,AC980,JS,,0,3
HUB SEAL,MJ 1951,KARSONS,,0,4
SHOCKS,48510-69355,GENUINE FRONT,,0,0
SHOCKS,332120,OZONE FRONT,PASSO,0,11
BRAKE FLUID,DOT 4 5 LTR,,,0,2
TRACTOR KIT,MT 11995,KARSON,,0,2
ARM BUSH,48725-48071,GSP REAR,,0,2
CLUTCH RELEASE BEARING,23820-64J00 (HYDRAULIC),SO HQ,,0,2
BALL JOINT,SB 7842,555,PAJERO,0,4
WHEEL HUB,DAC438040,SO HQ,,0,2
RBI ARM BUSH,MR 992256,RBI LOWER,,0,4
STABILIZER LINK,48802-52050,THAILAND,PROBOX NCP55,0,4
TIE ROD END,45047-B9220,JOKITO,,0,2
TIE ROD END,45046-B9270,JOKITO,PASSO,0,2
FREE WHEEL CLUTCH,43530-60130,THAILAND,,0,13
WHEEL CYLINDER,44100-4M400,THAILAND,NISSAN,0,7
KYB SHOCKS,340033,KYB FRONT,L200,0,0
RBI ARM BUSH,48654-28060,RBI,,0,17
RBI ARM BUSH,MR519398,RBI UPP,,0,8
STABILIZER LINK,0223-C24,FEBEST,,0,2
STABILIZER BUSH,MR992317,RBI,,0,0
MAIN BEARING,M733 (STD),TAIHO,,0,1
CON BEARING,R733 (STD),TAIHO,,0,2
PISTON RINGS,36028 (STD),TP,TOYOTA,0,2
ARM BUSH,KB7W-34-300A,THAILAND LOWER,,0,4
STABILIZER LINK,55619-JD00A,RBI,,0,0
BEARING,43BWD06CA133,TAIWAN,"VOXY, NOAH",0,1
BEARINGS,45BWD10,TAIWAN,KLUGER,0,3
CV.JOINT,MA-56,URW,MAZDA DEMIO,0,4
MAIN BRG,M707A (STD),TAIHO,1 HZ,0,1
BEARINGS,6203,NACHI,,0,4
C/BOLT LONG,48190-0K030,THAILAND,,0,12
C/BOLT SHORT,48190-0K010,THAILAND,,0,6
STABILIZER BUSH,48815-12310,RBI,,0,0
SHOCKS,343358,OZONE,TOWNACE,0,2
ARM BUSH,54560-ED500,THAILAND,,0,1
TIE ROD END,SE-7641,555,SX4,0,3
RACK ENDS,SR-7640,555,,0,2
RBI ARM BUSH,45261-68300,RBI,,0,0
STABILIZER LINK,SL-T660,555,,0,0
STABILIZER BUSH,42412-65J00,,,0,0
RR UPP ARM,48710-60160,,,0,0
DRIVE SHAFT ASSEMBLY,43430-60082,,,0,0
RBI SHOCK BUSH,35100,RBI,,0,0
BRAKE PADS,KD 3298,ASIMCO,,0,1
BRAKE PADS,KD2791,ASIMCO,,0,4
CV.JOINT,2101107N,URW,ADVAN,0,2
STABILIZER LINK,51320-TG0-T01,LOTUS,,0,2
TIE ROD END,53540-TF0-030,THAILAND,HONDA FIT,0,4
MOUNTING,12361-75071,G.P,,0,0
SPARK PLUGS,K20HRU11,TOYOTA,,0,14
C.V JOINT,NI-80,THAILAND,,0,0
AIR FILTER,17801-37020,DIGUE,,0,0
BRAKE PADS,D-1276,MK,,0,3
SWITCH,OPS807T,KOT,,0,0
BRAKE PADS,AN804WK,CERAMIC,DEMIO,0,0
SPARK PLUGS,PE5R-18-110,G..P,MAZDA,0,8
SHOCKS,333476,OZONE FRONT/,COLT 100,0,4
STABILIZER BUSH,MR961835,THAILAND,,0,0
U/JOINT,GUN-26,GMB,,0,0
STEERING RACK,44200-35051,S0-HQ,PRADO 120,0,1
WIPER BLADES,16 INCH,GOOD JOURNEY,,0,2
WIPER BLADES,24 INCH,GOOD JOURNEY,,0,6
FILLER,,,,0,7
SHOCKS,339208,OZONE REAR/,HARRIER RX350,0,2
SHOCKS,339209,OZONE REAR/,HARRIER RX350,0,2
SHOCKS,349203,OZONE REAR/,LEXUS RX450,0,2
SHOCKS,553308,OZONE REAR/,DEMIO,0,4
SHOCKS,3430045,OZONE REAR/,DEMIO DJ 1.5,0,4
SHOCKS,3330083,OZONE REAR/,DEMIO 1.5,0,2
SHOCKS,3330084,OZONE FRONT/,DEMIO 1.5,0,2
LINING LOCK,MT 11860,KARSON,,0,0
BRAKE ADJUSTER,MT12374,KARSON,,0,1
GEARBOX MOUNTING,MRP 2584,KARSON,,0,1
CABIN FILTER,27891-E050A/ED50A,ZYC,,0,6
CV JOINT,NI68,,,0,1
AIR FILTER,17801-31090,ZYC,PRADO,0,5
SHOCKS,333114,OZONE FRONT/,AE100/110,0,1
SHOCKS,333115,OZONE FRONT/,AE100/110,0,2
SHOCKS,333116,OZONE REAR/,AE100/110,0,2
SHOCKS,333117,OZONE REAR/,AE100/110,0,2
AIR FILTER,50E-13-Z40AA (LF50-13-Z40),ZYC,MAZDA PREMACY,0,2
V BELT,AX45LI,POWEROPE,,0,2
BRAKE PADS,AF-767,CERAMIC,,0,2
BRAKE PADS,AF-691,CERAMIC,,0,4
DIESEL FILTER,ME-006066,KOWA,MITSUBISHI CANTER,0,2
FAN BELT,4PK 780,BELT,,0,0
ARM BUSH,54504-6A00E-B,LOWER,,0,2
AIR FILTER,16546-3TA0A,ZYC,NISSAN TIANA,0,3
STABILIZER BUSH,54613-EE500,RBI,,0,34
BEARINGS,HI-CAP30304AJR,KOYO,,0,26
AIR FILTER,A1013,JS,,0,5
HUB BEARING,51KWH01 (40210-VW610),SO HQ,,0,2
ENGINE MOUNTING FR,12361-30050,THAILAND,PRADO,0,4
STABILIZER BUSH,51306-TF0-J01,THAILAND,,0,10
STABILIZER LINK,51320-TF0-003,THAILAND,,0,4
TIE ROD END,53560-TF0-031,THAILAND,HONDA FIT,0,4
STABILIZER LINK,42420-65J00,THAILAND,,0,4
RACK END,45503-30070,THAILAND,,0,4
SUSPENSION BUSH,MR112891,RBI,PAJERO V45,0,4
STABILIZER BUSH,48815-26370,RBI,,0,6
RACK END,SR-3980,555,MARK II,0,5
PISTON RINGS,35967 (STD),TPR,2AZ-FE,0,3
HEAD GASKET,11115-75100,TOYOTA,2TR,0,0
C.V JOINT,NI-80,JOKITO,,0,4
SHOCK BEARING,BP4K-34-38A,BELCOT,,0,2
FUEL FILTER,MZT4220490,DRIVEPAL,NISSAN VANETTE,0,3
FUEL PUMP,23220-0M050,,TOYOTA RACTIS,0,5
AIR FILTER,13780-50M00,KOWA,,0,3
AIR FILTER,13780-85K00,KOWA,,0,3
BRAKE PADS,8-98091-271-0 (AF721),CERAMIC,ISUZI ELF/DYNA 200,0,2
AIR FILTER,16546AA090,KOWA,SUBARU,0,4
FUEL FILTER,23390-0L070,DIGUE,,0,9
BALL JOINT,SB-4672,555,NISSAN E24,0,0
SPRING BUSH,90389-14007,RBI,,0,27
STABILIZER LINK,51320-TG0-T01,PERFECT,,0,6
NSK BEARING,43BWD12A-JB01,NSK,XTRAIL T30,0,0
BALL JOINT,SB H112 (51220-TK6-A01),TAIWAN,HONDA,0,0
ARM BUSH,48702-42050,THAILAND REAR,,0,1
STEERING RACK,45510-12420,S0-HQ,,0,1
STEERING BUSH,45517-35010,RBI,PRADO,0,0
FR LOWER ARM RH,D651-34-300D,SO HQ,,0,1
UNIVERSAL JOINTS,GUIS-56,UNIVERSAL JOINTS,,0,1
ARM BUSH,535281,GS LOW FRONT,,0,2
OIL PRESSURE SWITCH,2691-18-501,,,0,2
THERMOSTAT,WV52TB-82,,,0,1
RACK END,45503-B2070,THAILAND,,0,4
OVERHAUL GASKET,04111-21040,G.P,1NZ/2NZ,0,0
SHOCKS,332141,OZONE/,MARCH K13,0,1
SHOCKS,332142,OZONE/,K13,0,1
SHOCKS,3448019,OZONE REAR/,AVENSIS N/M,0,2
SHOCKS,3350051,OZONE FRONT/,ZRR80,0,1
SHOCKS,341372,OZONE FRONT/,VIGO KUN50 4WD,0,4
SHOCKS,335050,OZONE FRONT/,ALPHARD,0,2
SHOCKS,349002,OZONE REAR/,ALPHARD,0,2
SHOCKS,343435,OZONE REAR/,GRAND VITARA,0,4
SHOCKS,343357,OZONE FRONT/,NOAH/TOWNACE 2WD,0,2
SHOCKS,343360,OZONE REAR/,NOAH/TOWNACE 4WD,0,2
SHOCKS,3440109,OZONE REAR/,VEZEL/VOXY,0,2
SHOCKS,3350050,OZONE FRONT,VOXY/NOAH ZRR80,0,1
SHOCKS,341445,OZONE FRONT/,PAJERO V63W-V78W,0,2
SHOCKS,332152,OZONE FRONT/,TIIDA/ NOTE E12,0,2
SHOCKS,332153,OZONE FRONT/,TIIDA/ NOTE E12,0,2
SHOCKS,340118,OZONE FRONT/,XV,0,4
SHOCKS,334464,OZONE FRONT/,GRAND VITARA,0,1
SHOCKS,KA-1632/343062,,AE102 REAR,0,2
AIR FILTER,16546-5WK0A,KOWA,NISSAN,0,0
TOYOTA TOP COVER GASKET,11213-75041,TOYOTA,,0,0
THERMOSTAT,90916-03093,GP,,0,0
BALL JOINT,SB-3972 (43330-29565),555,,0,6
RACK END,SR-B010,TAIWAN,LANCER 8,0,7
TIE ROD END,SE-7241,TAIWAN,,0,3
TIE ROD END,SE-7241,TEX,,0,2
TIE ROD END,SE-2931 (45046-29255),555,,0,11
STABILIZER BUSH,48815-30040,RBI,PREMIO ST191,0,12
BRAKE PADS,AF-735,CERAMIC,ALPHARD/ ESTIMA,0,1
FR LOWER ARM R,54500-1HM0B,SO HQ,,0,1
FR LOWER ARM L,54501-1HM0B,SO HQ,,0,1
CLUTCH SLAVE CYLINDER,31470-0K020,BRINFARO,"TOYOTA HILUX, VIGO KUN 25",0,0
BRAKE PADS,D7058,MK,,0,2
ENGINE OIL,5W-30 1L,PETROVOILL,,0,30
PRESSURE PLATE,S200,,,0,2
CLUTCH PLATE,S205,,,0,1
BRAKE PADS,D3171,CERAMIC,CX5 REAR,0,2
FAN BELT,9.5*900P,,,0,1
SEAL,75*107*8,,,0,0
OIL PUMP,15100-11110,GENUINE,4E,0,1
OIL PUMP,15100-74050,GENUINE,3S,0,2
FUEL FILTER,8-91772549-1,KOWA,D.MAX,0,2
RBI ARM BUSH,54570-1AA1A,RBI LOWER BIG,,0,6
AIR FILTER,16546AA140,KOWA,SUBARU,0,3
BRAKE LINING,NN-2058,CERAMIC,WINGROAD,0,1
RBI ARM BUSH,48061-26010,RBI LOWER,,0,6
FAN BELT,7PK 1770,BELT,,0,1
RACK ENDS,SR-1890,555,CX5,0,4
SHOCK MOUNTING,KD35-34-380,THAILAND,CX5,0,4
STABILIZER BUSH,54613-3XA0A,GENUINE,,0,0
RADIATOR,LANDCRUISER 79,,,0,0
BRAKE PADS,AF-317,CERAMIC,,0,2
T15 12V BULB,,,,0,18
WHEEL BEARING,DAC4379W-1CS,KOYO FRONT,HONDA CRV,0,1
STABILIZER LINK,56261-7S011,RBI,PATHFINDER,0,0
STABILIZER LINK,56261-7S001,RBI,PATHFINDER,0,0
TIE ROD END,SE-3931L,555,,0,4
ENGINE MOUNTING,12372-22070,MITOYO,,0,5
DOUBLE 12V BULB,,,,0,17
SHOCK MOUNTING,48609-48020,,,0,0
STABILIZER LINK,48830-20010,PERFECT,"AE101, AT171",0,4
GLOW PLUGS,PZ-39,HKT,FORD RANGER,0,20
DRIVE SHAFT BOOT,43448-0K020,TEX,VIGO 4WD INNER,0,13
BRAKE DISC,43512-60190,ALBA,,0,0
CLUTCH PLATE,DT-094L,AISIN,1HZ,0,7
WATER PUMP,GWD-55A,THAILAND,,0,4
HUB BEARING,42460-48030 (3DACF033F-5AS),SO HQ,,0,1
CONTROL ARM UP,48610-0K040,SO HQ,,0,1
CONTROL ARM UP,48630-0K040,SO HQ,,0,1
STABILIZER BUSH,54613-1HA0A,PERFECT,NISSAN,0,12
STABILIZER LINK,48819-26060,THAILAND,,0,4
SPARK PLUGS,SXU22PR9,,,0,12
WHEEL NUT,,,,0,88
SPARK PLUGS,1822A069 (DIFR6C11),(UNITRON) MITSUBISHI SPARK PLUGS,,0,2
BRAKE PADS,A-688,CERAMIC,,0,2
STABILIZER LINK,48820-60032,GENUINE,,0,0
KIT,MT 11890,,,0,0
SHOCK BUSH,90948-01078,GENUINE,,0,2
SHOCKS,338075,OZONE/,NISSAN SERENA,0,2
SHOCKS,338076,OZONE/,NISSAN SERENA,0,3
SHOCKS,348016,OZONE REAR/,FIT/JAZZ,0,2
SHOCKS,333494,OZONE/,Mazda Demio,0,2
SHOCKS,333495,OZONE,Mazda Demio,0,2
SHOCKS,343412,OZONE/,PREMACY N/M,0,4
SHOCKS,340060,OZONE REAR/,OUTLANDER/RVR,0,3
SHOCKS,341454,OZONE REAR,OUTLANDER/RVR,0,2
SHOCKS,341487,OZONE REAR,IMPREZA GH2,0,4
SHOCKS,339385,OZONE FRONT/,XV,0,1
SHOCKS,339386,OZONE FRONT/,XV,0,1
SHOCKS,343039,OZONE REAR,AE103,0,8
SHOCKS,349015,OZONE REAR/,VIGO 2WD/4WD,0,2
HYDRAULIC OIL,ISO 46 20L,AXABULL,,0,0
BRAKE PADS,AF-659,CERAMIC,VISTA/CAMRY/KLUGER,0,4
FAN BELT,4PK 940,BELT,,0,0
CV BOOT,43447-28020,KOWA,,0,4
BRAKE PADS,AF-797,CERAMIC,VOXY/NOAH N/M,0,2
FAN BELT,3PK 700,BELT,,0,0
BALL JOINT,SB-4972 (40160-VW000),TAIWAN,E25,0,14
FAN BELT,6PK 2085,BELT,,0,1
FAN BELT,6PK 1190,BELT,,0,1
FAN BELT,6PK 1250,BELT,,0,0
FAN BELT,6PK 1870,BELT,,0,1
TIE ROD END,D8640-1HJ0A,TAIWAN,NOTE NEW,0,4
BRAKE LINING,K-2392,CERAMIC,HARRIER/LEXUS/WISH,0,2
BRAKE PADS,AF-688,CERAMIC,HARRIER N/M RR,0,6
BALL JOINT,SB-7872,TAIWAN,,0,2
ENGINE MOUNTING RR,MR519400IN,THAILAND,LANCER,0,1
ARM BUSH,48654-26040,PERFECT,"2KD, 7L",0,8
FUEL FILTERS,23390-0L010,TESON,,0,39
FUEL FILTER,16403-Z7000,TESON,,0,2
STABILIZER LINK,SL-3750,TAIWAN,,0,8
CV BOOT,43447-28020,PERFECT,,0,7
CLUTCH COVER,CT-066,TESON,AE100 (5A),0,1
CLUTCH PLATE,DT-124,TAIWAN,AE100,0,1
CLUTCH PLATE,DT-068,TAIWAN,3L/3S,0,3
CLUTCH COVER,CT-064,TAIWAN,3L,0,1
GLOW PLUGS,PT-151,HKT,,0,4
TIE ROD END,48640-3U025,TAIWAN,TIIDA,0,5
TIE ROD END,48520-3U025,TAIWAN,TIIDA,0,5
BEARINGS,6301-2NSE,NACHI,,0,6
ELECTRIC FUEL PUMP,EFP386B (HK 3805),TEX,,0,0
12V SINGLE BULB,,TEX,,0,8
CAPLESS BULB 12V SINGLE BIG,,,,0,8
CAPLESS BULB 12V DOUBLE BIG,,,,0,28
CAPLESS BULB SMALL,,,,0,30
BEARINGS,HI-CAP 46T080704X,,,0,0
SEAL,T1192,,,0,5
AIR FILTER,1500A023/A190,KOWA,,0,5
AIR FILTER,17801-11070,KOWA,STARLET,0,1
AIR FILTER,17801-22020,KOWA,TOYOTA,0,6
SUBARU GEAR BOX FILTER,JT 529,JS,,0,2
GEAR BOX FILTER,JT 422,JS,,0,3
ARM BUSH,48725-0R010,THAILAND,ACA33,0,14
STABILIZER LINK,20470-SA011,THAILAND,SUBARU,0,8
CV JOINT,NI95,JOKITO,T31,0,1
WATER PUMP,GWMZ-58A,GMB,,0,0
HUB BEARING,28BWK19 (HUB294-3),SOHQ,,0,3
THRUST WASHER,T037 (STD),TAIHO,3L,0,5
BRAKE PADS,D1211,MK,,0,5
ARM BUSH,48654-B4010,THAILAND,,0,11
HUB BEARING,42410-42010,,RAV 4,0,0
AD BLUE 20L,AD BLUE,,,0,3
AIR FILTER,17801-17010,ZYC,,0,9
TIE ROD END,SE-T021,555,VITZ,0,2
BRAKE LINING,K0705 (K2392),Asimco,,0,1
STABILIZER LINK,MB860011,RBI,LANCER CK,0,4
DRIVE SHAFT BOOT,43448-60130,RBI,"PRADO KDJ150,GRJ150",0,4
ARM,54525-VX100,SO HQ,,0,1
FUEL FILTER,23300-43020,KOWA,,0,0
AIR FILTER,17801-74020,KOWA,,0,9
FUEL FILTER,23300-49025,KOWA,,0,2
BRAKE LINING,FN-2288,CERAMIC,,0,0
FUEL FILTER,23300-64320,KOWA,,0,1
BRAKE PADS,AP 445,ALL PARTS,NISSAN DAYZ,0,1
BRAKE PADS,KD 1196,ASIMCO,NISSAN DAYZ,0,2
BRAKE DISC,43512-60190,GENUINE,,0,0
FAN BELT,7PK 2150,BELT,,0,0
PRESSURE PLATE,5-87610082-0,GP,DMAX,0,0
BEARINGS,32008,KOYO,,0,2
AIR FILTER,17220-PWA-J10,ZYC,,0,4
HEAD GASKET,11115-74070,ERISTIC,,0,2
CV BOOT,MR196053,PERFECT,,0,0
STEERING BOOT,MR510272,RBI,,0,6
TIE ROD END,SE-T401,THAILAND,HILUX,0,3
BALL JOINT,SB-T402,THAILAND,,0,4
BALL JOINT,SB-T401,THAILAND,,0,0
TIE ROD END,SE- 3931 L (45047-09080),555,,0,1
TIE ROD END,SE-3931R (45046-09200),555,,0,1
BEARINGS,6203,KOYO,,0,3
FAN BELT,7PK 2040,BELT,,0,1
FAN BELT,7PK 1810,BELT,,0,1
FAN BELT,7PK 1755,BELT,,0,2
FAN BELT,7PK 1125,BELT,,0,1
RBI ARM BUSH,48081-60010,RBI,PRADO,0,0
STEERING BOOT,MR510271,RBI,PAJERO V73-78,0,6
CV BOOT,MR196053,RBI,,0,2
AIR FILTER,16546-JA00A,ZYC,,0,0
BALL JOINT,SB-N162,TAIWAN,NOTE,0,2
SHOCK MOUNTING FR,48609-52100,THAILAND,,0,8
COIL,90919-02257,"G,P",,0,0
STABILIZER LINK,SL-H060,555,,0,2
KYB SHOCKS,3430046,KYB,FIT,0,0
RACK END,SR-3600 (45503-59045),TAIWAN,PROBOX,0,7
ENGINE MOUNTING FR,12361-11160,RBI,AE 100,0,1
ARM BUSH,D651-28-460,PERFECT,"MAZDA 2,DEMIO",0,4
SHOCK MOUNTING,48609-12270,PERFECT,"AE 90,100,101,111",0,3
BRAKE LINING,K 2704,ASIMCO,"PRADO 120,150",0,3
H4 BULB 12V,H4,KLAXCAR,,0,5
TIE ROD END,D8640-1HJ0A,TEX,NOTE NEW,0,3
TIE ROD END,D8520-1HJ0A,TEX,NOTE NEW,0,3
CV.JOINT,TO-88,URW,VITZ,0,5
WATER PUMP,GWN-88A,GMB,NOTE/ MARCH HR15,0,3
BRAKE PADS,D6180,MK,OUTLANDER,0,3
STABILIZER LINK,48819-52010,RBI,,0,10
MAIN BEARING,M042A (0.25),TAIHO,3L,0,1
CON BEARING,R039A (0.50),TAIHO,3L,0,1
CON BEARING,R039A (0.25),TAIHO,3L,0,1
TIMING BELT,A368Y21MM (117T),SUN JAPAN,5A,0,1
TIMING BELT,A484R31MM (129T),SUN JAPAN,3L/5L,0,1
TIMING BELT,A513YS27MM (163T),ABS,3S,0,3
TIMING BELT,A390Y26MM (124T),SUN JAPAN,4E,0,2
ENGINE MOUNTING FR R,DG81-39-060,PERFECT,DEMIO,0,3
BRAKE PADS,KD2084,ASIMCO,"YAIS,AURIS",0,1
GP INJECTOR NOZZLE SEAL,11176-0L011,GP,"1KD, 2KD",0,7
CLUTCH SLAVE CYLINDER,31470-31V01,KOWA,VANETTE/ BONGO,0,1
ARM BUSH,48725-44051,THAILAND,,0,16
SHOCK MOUNTING BEARING FR,90903-63014,BELCOT,HARRIER ACU3,0,12
TIMING BELT,GB094190KA,GMB,,0,1
TENSIONER,16620-28090,SO HQ,,0,2
TENSIONER,16620-22010,SO HQ,,0,3
CONTROL ARM LOW,48066-29025,SO HQ,,0,0
BALL JOINT,SB 1521,555,"B 1600, FORD",0,2
KYB SHOCKS,553308,KYB REAR/,DEMIO,0,2
SPRING BUSH,55045-VW000,RBI,,0,6
BRAKE PADS,D2090 (04466-60010),ADVICS,,0,1
MAIN BRG,M707A - 0.50,TAIHO,1 HZ,0,4
CON BEARING,R707A (0.25),TAIHO,1HZ,0,4
TOYOTA BRAKE PADS,04466-42060,TOYOTA,,0,1
ENGINE MOUNTING,12305-21020,JOKITO,,0,2
JINBO SHOCKS,339031,JINBO/,RAV4/ALPHARD,0,1
JINBO SHOCKS,339032,JINBO/,RAV4/ALPHARD,0,1
TIE ROD END,SE-3641 L (45047-19115),TAIWAN,,0,6
TIE ROD END,SE-3641 R (45046-19265),TAIWAN,ZZE,0,4
ELECTRIC FUEL PUMP,GIP-514,JKT,,0,1
BALL JOINT,SB-2962 (43330-29265),TEX,,0,6
ENGINE MOUNTING R,12305-47041,THAILAND,,0,1
HUB BEARING,DACF1085 [MR527452],SO.HQ,MITSUBISHI REAR,0,2
OIL FILTERS,04152-38010,KOWA,,0,8
HEAD GASKET,KF-FE,ERISTIC,,0,1
TIMING CHAIN,TIMIMG CHAIN,SUN JAPAN,,0,0
SLEAVES,SLEAVES,SUN JAPAN,,0,0
ENGINE MOUNTING FR L,12371-22070,THAILAND,,0,0
TIE ROD END,SE-2750,555,70 SERIES,0,1
STABILIZER BUSH,51306-SWA-A01,THAILAND,,0,2
STABILIZER LINK,SL-H110-M,555,HONDA,0,4
ARM BUSH,48655-87401,THAILAND LOWER,DIAHATSU,0,6
STABILIZER BUSH,48815-42090,THAILAND,,0,18
STABILIZER BUSH,48815-42100,THAILAND,,0,16
BALL JOINT,SB-2722 (43330-39195),THAILAND,HILUX 4WD,0,4
BALL JOINT,43330-09650,THAILAND,RAV 4,0,6
TIE ROD END,45046-69245,THAILAND,PRADO KDJ 150,0,6
OIL FILTER,C-1812,SAKURA,,0,0
SO.HQ HUB,3DACF026F-8S(42450-52060),SO.HQ HUB,,0,10
PRESSURE PLATE,"LL2516,LL2518/4921",,,0,0
CLUTCH PLATE,LL2516,,,0,0
RELEASE BEARING,2523/2518,,,0,0
FLY WHEEL,LL 2516,,,0,0
PILOT BEARING,6305  9/16,,,0,0
MOUNTING,50810-SEL-T81,THAILAND,HONDA,0,1
REAR BUMP STOP,48306-60180,THAILAND,,0,2
BRAKE MASTER CLYINDER,47201-1A330,BRINFARO,,0,1
SO.HQ BEARINGS,28473-FL040/FJ020,SO.HQ BEARINGS,,0,4
BRAKE PADS,D3159,MK,,0,1
BRAKE PADS,D2249,MK,,0,4
BRAKE PADS,D1276,MK,RAV4 / VANGUARD,0,1
BRAKE PADS,D2202,MK,,0,1
BRAKE PADS,D3120,MK,,0,1
BRAKE PADS,D 4057,MK,DMAX MU-X,0,2
BRAKE PADS,D2360,MK,,0,0
BRAKE PADS,D2252,MK,,0,5
BRAKE PADS,D3132,MK,,0,1
BRAKE PADS,D2104,MK,,0,2
BRAKE PADS,D4055,MK,,0,1
NYERI MULTIPSRAES,,,,0,1
RBI ARM BUSH,54560-JP00B,RBI SMALL,T31,0,8
STABILIZER BUSH,20414-S0000,,,0,10
SHOCK MOUNTING RR,48750-48040,THAILAND,HARRIER,0,0
ARM BUSH,20252-XA01A,THAILAND REAR UP,SUBARU,0,5
RACK END,SR-6650 (34160-AE000),THAILAND,,0,4
PISTON RINGS,35898 (STD),TP,TOYOTA,0,2
ARM BUSH,48632-30150,,,0,8
STABILIZER LINK,20420-AX000,THAILAND,,0,0
KYB SHOCKS,333414,KYB FRONT/,DEMIO,0,2
KYB SHOCKS,333415,KYB FRONT/,DEMIO,0,1
V.BELT,AX34LI,POWEROP,PAJERO,0,5
STABILIZER BUSH,MR150084,,PAJERO,0,0
MOUNTING,50841-ST0-N10,THAILAND,,0,0
BLACK TAPE,,,,0,4
HUB BEARING,52KW01(3880-A015),SOHQ,,0,0
SPARK PLUGS,CH-N9YC,CHAMPION,,0,8
JINBO SHOCKS,335069,JINBO FRONT/,"VOXY,NOAH",0,1
JINBO SHOCKS,335068,JINBO FRONT/,"VOXY,NOAH",0,1
OIL FILTERS,04152-31090,ZYC,,0,3
AIR FILTER,17801-97402,ZYC,,0,3
BELT,10A950,POWERROPE,,0,4
OIL FILTER,OE0074,JS,,0,5
AIR FILTER,17801-67060,ALL PARTS,,0,11
FUEL FILTER,16400-4M405,ALL PARTS,X-TRAIL,0,2
KYB SHOCKS,349024,KYB REAR/,ACA3#,0,6
WATER PUMP,GWMZ-54A,GMB,,0,2
RACK END,SR-A130,555,NOAH ZRA70,0,8
BRAKE PADS,KD1201,Asimco,,0,2
BRAKE PADS,KD1301,Asimco,,0,0
BRAKE PADS,KD1732,Asimco,,0,1
BRAKE PADS,KD7013,Asimco,,0,4
BRAKE PADS,KD1748,Asimco,,0,2
BRAKE PADS,KD1735,Asimco,,0,3
BRAKE PADS,KD1101,Asimco,,0,1
BRAKE PADS,KD 1034,,NISSAN DAYZ,0,1
BRAKE PADS,KD2765,Asimco,,0,2
BRAKE PADS,KD2721,ASIMCO,,0,1
BRAKE PADS,KD 2504,ASIMCO,,0,5
BRAKE PADS,KD 4731,ASIMCO,,0,1
BRAKE PADS,KD 2640,ASIMCO,,0,1
BRAKE PADS,KD 2715,ASIMCO,,0,3
BRAKE PADS,KD 2387,ASIMCO,,0,0
BRAKE PADS,KD 2790,ASIMCO,AURIS FR,0,2
BRAKE PADS,KD2758,ASIMCO,,0,1
BRAKE PADS,KD2770,ASIMCO,,0,3
BRAKE PADS,KD2783,ASIMCO,,0,6
BRAKE PADS,KD2002,ASIMCO,,0,1
BRAKE PADS,KD2717,ASIMCO,,0,2
BRAKE PADS,KD2691,ASIMCO,,0,1
HEAD GASKET,11115-40060,TAG,,0,0
BRAKE PADS,KD2763,Asimco,,0,2
BRAKE PADS,KD 3044,ASIMCO,,0,5
BRAKE PADS,KD 3301,ASIMCO,,0,2
BRAKE PADS,KD3043,ASIMCO,,0,2
BRAKE PADS,KD 3065,ASIMCO,,0,1
BRAKE PADS,KD 4730,ASIMCO,,0,3
BRAKE PADS,KD 1701,ASIMCO,,0,1
BRAKE PADS,KD3059,Asimco,,0,2
BRAKE PADS,KD3723,Asimco,,0,3
BRAKE PADS,KD3728,Asimco,,0,2
STRUT BUSH,48674-26021,RBI,,0,1
TOYOTA PLUG CAP,11191-22010,TEX,,0,12
SO.HQ HUB,28373-SC000(FL000),SO.HQ HUB,,0,8
TIMING BELT,GB094250KM(94T),GMB,,0,2
MAIN BEARING,M140 (0.25),TAIHO,,0,0
BRAKE PADS,AF-650,CERAMIC,CHRYSLER/LANCER,0,4
SO.HQ HUB,54KWH01 (43560-60010) MEGNETIC WITH STUDS,SO.HQ HUB,120,0,2
RELEASE BEARING,FCR62-69-1G1/L756,SO HQ,,0,0
BRAKE PADS,AN-825,CERAMIC,,0,1
BRAKE PADS,AN-303,CERAMIC,,0,4
BRAKE PADS,A-709,CERAMIC,,0,4
BRAKE PADS,04465-0K420,CERAMIC,,0,2
BRAKE PADS,AN-716,CERAMIC,,0,3
BRAKE PADS,AN-797,CERAMIC,,0,3
BRAKE PADS,A-618,CERAMIC,,0,0
BRAKE PADS,AN-742,CERAMIC,,0,1
BRAKE PADS,GDB-4459,CERAMIC,,0,5
BRAKE PADS,D-2296,CERAMIC,,0,1
BRAKE PADS,A-113,CERAMIC,,0,1
BRAKE PADS,A-699,CERAMIC,,0,1
BRAKE PADS,A-758,CERAMIC,,0,1
BRAKE PADS,A-394,CERAMIC,,0,1
BRAKE PADS,A-687,CERAMIC,,0,1
BRAKE PADS,A-499,CERAMIC,,0,1
BRAKE PADS,AN-548,CERAMIC,,0,1
BRAKE PADS,A-659,CERAMIC,,0,2
BRAKE PADS,A-330,CERAMIC,,0,1
BRAKE PADS,A-683,CERAMIC,,0,0
BRAKE PADS,A-708,CERAMIC,,0,1
BRAKE PADS,GDB-3484,CERAMIC,,0,3
BRAKE PADS,AN-765,CERAMIC,,0,1
BRAKE PADS,A-634,CERAMIC,,0,1
BRAKE PADS,D2215,CERAMIC,,0,1
BRAKE PADS,A-714,CERAMIC,,0,0
BRAKE PADS,AN-735,CERAMIC,,0,1
BRAKE PADS,A-732,CERAMIC,,0,1
BRAKE PADS,A-386,CERAMIC,,0,1
BRAKE PADS,A-248,CERAMIC,,0,1
BRAKE LINING,AN-721,CERAMIC,,0,2
BRAKE LINING,A-617,CERAMIC,,0,1
BRAKE PADS,D4057,POWER KING,,0,7
PISTON RINGS,33747,TP,,0,2
OIL SEAL,90311-70004 (T1172),MUSASHI,,0,3
BRAKE LINING,FN-2330,CERAMIC,TOYOTA HIACE N/M,0,2
BRAKE MASTER CYLINDER,47201-26450,KOWA,HIACE O/M,0,1
CLUTCH SLAVE CYLINDER,31470-10012,KOWA,TOYOTA EE90,0,1
BEARINGS,6201 2RS,KOYO,,0,3
OIL FILTER,PH8A,TESON,,0,12
OIL FILTER,15208-40L00,TESON,NISSAN,0,2
OIL FILTER,MD069782,TESON,PAJERO/CANTER,0,8
FUEL FILTER,MB 220900,TESON,,0,8
ENGINE MOUNTING FR L,11220-ED000,PERFECT,NISSAN,0,4
FAN BELT,A54P,,,0,2
OIL SEAL,90311-62007,GP,,0,0
TOP COVER GASKET,B270-4M500,,B15,0,0
ENGINE MOUNTING,12361-67030,GSP,,0,2
TOYOTA FUEL FILTERS,23300-50150,TOYOTA,,0,18
BRAKE PADS,AN-761,CERAMIC,K13,0,1
WHEEL BEARING,ZA-KH10175,NSK,K13,0,1
TIE ROD END,SE-B011,555,,0,9
CV JOINT,NI89,URW,,0,2
STEERING BOOT,45535-09110,PERFECT,,0,10
SIGNAL SWITCH,25540-H1007,,A12/B210,0,2
FR SRAB BUSH,MSB-Z21F,FEBEST,,0,2
ARM BUSH,SZAB-031,FEBEST FRONT SMALL,,0,2
RACK END,0722-GVJB,BGA,,0,2
ARM BUSH,NAB-078,FEBEST REAR,,0,4
REAR ROD BUSHING,TAB-608,FEBEST,,0,2
DIFF MOUNT BUSH,TAB-354,FEBEST,,0,3
HUB BEARING,40202-EA300(ABS) / 40202-4X01A,SOHQ,,0,3
WATER PUMP,GWN-73A,GMB,B15,0,2
SEAL,40*64*8/14,NAK,,0,1
STABILIZER BUSH,48815-28170,THAILAND,,0,16
STABILIZER LINK,48822-97503,JOKITO,TOYOTA RUSH,0,10
ENGINE MOUNTING,12371-0M030,THAILAND,,0,0
BALL JOINT,21067-GA050 (SB-6642),THAILAND,SUBARU,0,8
CONTROL ARM,48710-42020/0R010,S0-HQ,,0,4
TENSIONER,16620-21010,SO HQ,,0,4
BRAKE FLUID,DOT 4 500ML,PROTONO,,0,59
GLOW PLUGS,CP-72,HKT,YD 25,0,7
RBI ARM BUSH,48635-26010/26080,RBI UPP,,0,8
WATER PUMP,GWN-42A,GMB,,0,2
BRAKE PADS,AF-617,CERAMIC,ISUZU ELF,0,1
SHOCKS,344463,OZONE FRONT/,E25,0,4
WHEEL CYLINDER,TKM838514R,TBK REAR,,0,1
AIR FILTER,A33810,SAKURA,,0,4
AIR FILTER,A6006,SAKURA,NQR OM,0,1
OIL FILTER,1876180510,,DMAX,0,4
TOYOTA BRAKE PADS,04465-35290,TOYOTA,"Runner, FJ Cruiser, Lexus 470",0,1
STABILIZER LINK,48830-0K010,PERFECT,VIGO 4WD,0,1
RR SEAL,95FDY-57750909C,FEBEST,,0,0
TOYOTA BEARINGS,90369-T0003,TOYOTA,,0,0
BREAK PADS,AP 224,ALL PARTS,NISSAN NP200,0,2
BALL JOINT,SB-1862,555,,0,4
GLOW PLUGS,PM-164,HKT,,0,10
OIL FILTER,15400-PLC-004,HONDA,,0,21
V/GUIDE,11122-67020,TEZUK,3L/5L/1HZ/1HD-T,0,20
CON BEARING,R1052 (STD),TAIHO,,0,1
MAIN BEARING,M1052 (STD),TAIHO,QR25,0,1
PISTON RINGS,34149 (STD),,,0,3
CON BEARING,R735 (0.25),TAIHO,1KR,0,1
CABIN FILTER,87139-47010,ZYC,,0,18
FAN BELT,7PK 2415,BELT,,0,0
DISK FITTING KIT,DFK001,FEBEST,,0,4
BRAKE PADS,A-660,CERAMIC,,0,1
BRAKE PADS,A-433,CERAMIC,,0,3
BRAKE PADS,AN-767,CERAMIC,,0,2
BRAKE PADS,A-313,CERAMIC,,0,1
BRAKE PADS,AN-650,CERAMIC,,0,1
BRAKE PADS,MD-5100MS,RIXOS,,0,2
BRAKE PADS,A-632,CERAMIC,,0,1
BRAKE PADS,AY040-NS170,CERAMIC,,0,4
BRAKE PADS,AN-794,CERAMIC,,0,1
BRAKE PADS,AN-793,CERAMIC,,0,2
BRAKE PADS,AN-751,CERAMIC,,0,1
BRAKE PADS,GDB 3340,CERAMIC,,0,1
BRAKE PADS,AN-798,CERAMIC,,0,1
BRAKE PADS,A-717,CERAMIC,,0,1
BRAKE PADS,AN-715,CERAMIC,,0,1
BRAKE PADS,AN-686,CERAMIC,,0,1
BRAKE PADS,AN-804,CERAMIC,,0,0
BRAKE PADS,AN-718,CERAMIC,,0,2
BRAKE PADS,AN-792,CERAMIC,,0,1
BRAKE PADS,D1676-8905,CERAMIC,,0,1
BRAKE PADS,AN-803,BK3000X,,0,1
OIL SEAL,MR967673 / MD707575,GENUINE,,0,1
BRAKE LINING,K 0605,ASIMCO,DMAX NEW,0,1
STABILIZER LINK,54618-ED00A (SL-N270),555,,0,3
AIR FILTER,1-14215153-0,KOWA,,0,2
PULLEY,MD 368210,SO HQ,,0,0
OIL FILTER,L321-14-302,KOWA,,0,0
BRAKE DISC,43512-48110,SO HQ FRONT,,0,2
KYB SHOCKS,341232,KYB FRONT,HILUX/PRADO 90/95,0,4
KYB SHOCKS,344288,KYB FRONT/,PRADO 90/95,0,5
RADIATOR SEALANT,,,,0,0
TEMPRETURE SENSOR,,,,0,1
CONTROL ARM BSUH,TAB-352,FEBEST,,0,2
KYB SHOCKS,334816,KYB,AVENSIS,0,1
STABILIZER LINK,SL-3890,THAILAND,,0,0
WHEEL CYLINDER,26140,,,0,1
OIL SEAL,59*75*10,NAK,,0,1
BRAKE PADS,A-224,KOWA,,0,1
BRAKE PADS,446628050,MANDO,,0,1
BRAKE PADS,D-1162,POWERKING,,0,3
BRAKE PADS,D-3144,POWERKING,,0,1
BRAKE PADS,D-2278,POWERKING,,0,1
BRAKE PADS,MCJ-413,COMPACT,,0,1
BRAKE PADS,A-493,KOWA,,0,3
BRAKE PADS,A-37,KOWA,,0,1
BRAKE PADS,KD 2701,HEMKUR,,0,1
BRAKE PADS,41060-72025,TAM,,0,0
BRAKE PADS,A-109,KOWA,,0,2
BRAKE PADS,D-2286,POWERKING,,0,1
BRAKE PADS,AF-74,KOWA,,0,1
BRAKE PADS,GDB 7075S,TRW,,0,1
BRAKE PADS,KD 4722,LOTAS,,0,1
BRAKE PADS,D-0137,KOWA,,0,1
BRAKE PADS,AF-394,KOWA,,0,1
BRAKE PADS,D-3137,KOWA,,0,1
BRAKE PADS,AF-208,KOWA,,0,1
BRAKE PADS,A-378,CERAMIC,,0,1
BRAKE PADS,D-5137,CERAMIC,,0,1
BRAKE PADS,AN-663,CERAMIC,,0,0
BRAKE PADS,DB-1408,CERAMIC,,0,1
BRAKE PADS,AN-789,CERAMIC,,0,3
BRAKE PADS,A-377,CERAMIC,,0,1
BRAKE PADS,1005656,POWER KING,,0,1
BRAKE PADS,A-705,CERAMIC,,0,1
BRAKE PADS,AN-706,CERAMIC,,0,1
BRAKE PADS,A-370,CERAMIC,,0,0
BRAKE PADS,A-691,CERAMIC,,0,1
BRAKE PADS,A-696,CERAMIC,,0,1
BRAKE PADS,A-672,CERAMIC,,0,2
BRAKE PADS,A-208,CERAMIC,,0,1
BRAKE PADS,A-475,CERAMIC,,0,1
BRAKE PADS,A-462,CERAMIC,,0,1
BRAKE PADS,A-608,CERAMIC,,0,1
BRAKE PADS,TY 2310,TBK,,0,1
BRAKE PADS,TY 2228,TBK,,0,1
BRAKE PADS,IZ 4057,TBK,,0,1
BRAKE PADS,41060-E3325,NISSAN GP,,0,1
BRAKE PADS,CD 9039,TOPLINE,,0,4
STABILIZER LINK,48820-60082,GENUINE,,0,1
STABILIZER LINK,CD-3143,DAIWA,,0,1
STABILIZER LINK,CD-2026,DAIWA,,0,1
STABILIZER LINK,CD-1092,DAIWA,,0,1
BRAKE PADS,TY 2250,TBK,,0,1
BRAKE PADS,PN 2801,NIBK,,0,1
STEERING BUSH,TAB-ACA20,,,0,0
STABILIZER BUSH,48849-60010,GENUINE,,0,0
STEERING DAMPER,KS 1013,OZONE,,0,6
RACK END,SR-T400,THAILAND,GX 460,0,0
BRAKE PADS,PN-055,NIBK,,0,1
NISSAN BRAKE PADS,D1060-9W00B,Nissan,,0,2
TOYOTA BRAKE PADS,04465-0K420,TOYOTA,,0,2
TOYOTA BRAKE PADS,04465-30320,TOYOTA,,0,5
TOYOTA BRAKE PADS,04465-52041,TOYOTA,,0,2
TOYOTA BRAKE PADS,04465-0K110,TOYOTA,,0,2
TOYOTA BRAKE PADS,04466-48020,TOYOTA,,0,3
TOYOTA BRAKE PADS,04466-44650,TOYOTA,,0,1
TOYOTA BRAKE PADS,04466-48060,,,0,1
TOYOTA BRAKE PADS,04466-52121,TOYOTA,,0,4
TOYOTA BRAKE PADS,04465-30210,TOYOTA,,0,1
TOYOTA BRAKE PADS,04466-52030,TOYOTA,,0,2
TOYOTA BRAKE PADS,04465-44050,Toyota,,0,3
NISSAN BRAKE PADS,D1060-JD00A,NISSAN,,0,1
TOYOTA BRAKE PADS,04465-YZZ50,TOYOTA,,0,1
TOYOTA BRAKE PADS,04465-52240,TOYOTA,,0,1
TOYOTA BRAKE PADS,04465-48050,TOYOTA,,0,0
TOYOTA BRAKE PADS,04465-30330,TOYOTA,,0,2
TOYOTA BRAKE PADS,04465-33450,TOYOTA,,0,1
TOYOTA BRAKE PADS,04465-28340,TOYOTA,,0,1
TOYOTA BRAKE PADS,04466-26020,TOYOTA,,0,3
TOYOTA BRAKE PADS,04465-0K020,TOYOTA,,0,1
TOYOTA BRAKE PADS,04465-48100,TOYOTA,,0,0
TOYOTA BRAKE PADS,04466-60190,TOYOTA,,0,0
TOYOTA BRAKE PADS,04465-60380,TOYOTA,,0,0
TOYOTA BRAKE PADS,04465-YZZ56,TOYOTA,,0,1
TOYOTA BRAKE PADS,04466-60191,TOYOTA,,0,1
TOYOTA BRAKE PADS,04465-60340,TOYOTA,,0,2
TOYOTA BRAKE PADS,04465-42120,TOYOTA,,0,1
AUTO SERVE INVOICE,,,,0,1
STABILIZER LINK,48810-60051 (LEFT),PERFECT,LC 200,0,3
STABILIZER LINK,48820-60082 (RIGHT),PERFECT,LC 200,0,6
STABILIZER LINK,48820-B1010 (SL-A250),TAIWAN,,0,6
ELECTRIC FUEL PUMP,EFP 384E (HK 3806),TEX,TAIWAN,0,5
AIR FILTER,17801-28030,KOWA,TOYOTA HARRIER,0,2
THRUST WASHER,T1052A (STD),,,0,1
CAMBER BOLT,48190-60020,,,0,3
FAN BELT,6PK 2290,BELT,,0,0
IDLER PULLEY,MD368210,SO HQ,,0,2
STEERING RACK,44200-60351,SOHQ,PRADO 95,0,1
ARM BUSH,48702-60130,THAILAND REAR TRAIL,"LC VDJ200, URJ201, UZJ200,",0,6
STABILIZER LINK,48810-30070 (SL-T270L),THAILAND,MARK X GRX120/130,0,3
STABILIZER LINK,48820-30090 (SL-T270R),THAILAND,MARK X GRX120/130,0,7
STABILIZER LINK,55618-JD00A,THAILAND,NISSAN,0,4
STABILIZER LINK,55619-JD00A,THAILAND,NISSAN,0,10
BALL JOINT,43350-29065 (SB-2871),THAILAND,HIACE LH113/172,0,0
WHEEL CYLINDER,47550-26140,THAILAND REAR,HIACE KDH200,0,3
KYB SHOCKS,349078,KYB REAR/,"T31, T32",0,4
NSK BEARING,63082RS,NSK,,0,4
SUSPENSION BUSH,48725-35020,RBI,PRADO KDJ 125,0,16
SPRING BUSH,55046-01G00,RBI,,0,0
CLUTCH KIT,13/16,,,0,1
CYLINDER RUBBER,H8,,,0,2
SHOCK BUSH SMALL,2133,,,0,24
BRAKE LINING SPRING KIT,11860,,,0,10
LEAVER PLATE,12421/22,,,0,10
U BOLT,60110,,,0,4
AXEL NUT KIT,11963,,,0,3
KYB SHOCKS,339066,KYB FRONT/,AURIS,0,1
KYB SHOCKS,339067,KYB FRONT/,AURIS,0,4
DRIVESHAFT,43430-0K080,GENUINE,,0,0
CV BOOT,43447-12140,,,0,2
SHOCK,333399,,HARRIER,0,0
HEAD GASKET,11115-30032,,,0,0
TIE ROD END,SE-3561 R(45046-39335),TAIWAN,,0,5
DIFF BUSH,41651-60010,THAILAND,,0,0
TIMING BELT,39265,,,0,0
ENGINE BUSH,12372-0D060,,,0,0
STABILIZER BUSH,48815-27N10,,,0,0
TIE ROD END,SE-3891,,HILUX KUN 4WD,0,4
SHOCKS,333399,OZONE,HARRIER,0,0
STABILIZER BUSH,AG070,,,0,0
KYB SHOCKS,444012,KYB/,LC40,0,4
ARM BUSH,48702-60110,REAR LOWER,,0,0
RBI ARM BUSH,48702-35070,RBI,VZJ 95,0,6
TIE ROD END,SE-3561 L(45047-39215),TAIWAN,PRADO 90,0,4
BALL JOINT,SB-3972 (43330-29565),TAIWAN,"2KD, 7L",0,4
DIESEL FILTER,ME-006066,TESON,MITSUBISHI CANTER,0,2
STABILIZER LINK,54618-ED00A (SL-N270),TAIWAN,,0,8
STABILIZER LINK,SL-3640 (48820-47010),TAIWAN,,0,0
STABILIZER LINK,SL-T225 (48830-42020),TAIWAN,RAV 4,0,10
STABILIZER LINK,SL 3890L (48810-0K010),TAIWAN,,0,11
STABILIZER LINK,SL 3890R (48820-0K030),TAIWAN,,0,17
BALL JOINT,SB-2962 (43330-29265),TAIWAN,,0,8
CENTER BEARING,37230-26010,PERFECT,HIACE/TOWNACE,0,4
STABILIZER LINK,48820-0D020 (SL-T020),TAIWAN,VITZ N/M,0,0
STABILIZER LINK,MN 101368 (SL-B010),TAIWAN,LANCER/RVR/OUTLANDER,0,6
ENGINE BUSH,11220-31U00,PERFECT,,0,4
BALL JOINT,SB-T402 (43330-60040),TAIWAN,PR 150,0,5
BALL JOINT,SB-3842 (43330-60010),TAIWAN,,0,21
BALL JOINT,SB-3841 (43310-60050),TAIWAN,PRADO,0,10
BRAKE PADS,A2N159K,ADVICS,PRADO 120/150,0,15
LINK BUSH,STB006,FEBEST,,0,1
PULLEY TENSIONER,16603-75010,SO.HQ,,0,1
KYB SHOCKS,332141,KYB,MARCH K13,0,1
KYB SHOCKS,332142,KYB/,MARCH K13,0,1
STABILIZER BUSH,51316-SH3-J00,RBI,,0,0
TIE ROD END,SE-1651,555,,0,3
BALL JOINT,SB-1392,555,AXELA,0,4
TIE ROD END,SE-4771,555,,0,0
RACK END,SR-4780,555,,0,2
FR LOWER ARM R,54500-JN01A,SO HQ,,0,1
FR LOWER ARM L,54501-JN01A,SO HQ,,0,1
FR DIFF MOUNT STOPPER,RDB404,GSP,,0,1
PULLEY IDLER,0188-16RFE,FEBEST,,0,2
OIL FILTER,8-94360-427-0,KOWA,ISUZU BIG HORN,0,2
BRAKE PADS,AF-755,CERAMIC,,0,2
IDLER PULLEY,88440-35090/25070 (0K010/0K380),SO HQ,,0,2
SO.HQ BEARING,32BW01 (32BCV07S05),SO HQ,,0,2
RACK END,SR-4850,555,B15,0,0
BEARING,11749/10,KOYO,,0,4
Mosos D/Brake,RD 1102,Mosos,,0,0
CLUTCH SLAVE KIT,04313-30054,,TOYOTA YN55,0,2
BRAKE DISC,43512-60191,MAXPART FRONT,PRADO 150,0,8
KYB SHOCKS,349203,KYB REAR,LEXUS RX450,0,0
BALL JOINT,SB-T432,555,RX,0,6
KYB SHOCKS,339281,KYB FRONT,LEXUS RX350,0,0
TIE ROD END,SE-T391,555,,0,2
RACK END,SR-T390,555,,0,9
BALL JOINT,SB-1392,TAIWAN,MAZDA TRIBUTE/FAMILIA,0,13
BALL JOINT,SB-H022,TAIWAN,"HONDA CRV (RE/RM), VEZEL",0,4
TIE ROD END,SE-6651 (34141-AA042),TAIWAN,"SUBARU FORESTOR,IMPREZA,XV",0,3
RACK END,SR-6650 (34160-AE001),TAIWAN,"SUBARU IMPREZA,LEGACY,OUTBACK,FORESTOR",0,10
BALL JOINT,20206-AJ000 (SB-6642),TAIWAN,"SUBARU IMPREZA,LEGACY,FORESTOR,OUTBACK",0,4
SUSPENSION BUSH,48740-20080,RBI,"CALDINA,CARINA ST191",0,10
RACK END,SR-T020 (45503-52070),TAIWAN,,0,2
TIE ROD END,D8E20-JG00A,TAIWAN,"XTRAIL T31, DUALIS",0,3
TIE ROD END,D8F0-JG00A,TAIWAN,"XTRAIL T31, DUALIS",0,3
BRAKE PADS,AF-701,CERAMIC,MITSUBISHI CANTER 4M50,0,2
STABILIZER LINK,48803-0E020,THAILAND,,0,5
STABILIZER LINK,48802-0E020,THAILAND,,0,3
RACK END,0122-AGL10,FEBEST,,0,2
CABLE,,,,0,0
AIR FILTER,Z6E6-13-3A0,DIGUE,MAZDA AXELA,0,5
BEARING TENSIONER,62TB0523B01,NSK,3C TOWNACE,0,1
CV JOINT,T0 107,HDK,,0,0
KYB SHOCKS,339282,KYB FRONT,LEXUS RX 350,0,0
KYB SHOCKS,341344,KYB FRONT/,PRADO KZJ/RZJ 120,0,6
SHOCK MOUNTING,48604-48060,,,0,2
DIFF OIL 20L,20L,,,0,4
ARM BUSH,54570-6A00G,PERFECT LOWER BIG,NISSAN DAYZ/ EK WAGON,0,8
CARB AND CHOKE CLEANER,CARB CLEANER 400ML,TESON,,0,1
BALL JOINT,SB-S172 (45201-74P00-1),TAIWAN,SUZULI SOLIO/ALTO/HUSTLER/WAGON R,0,4
BALL JOINT,KD35-34-350J (SB-1862),TAIWAN,CX5,0,0
BALL JOINT,SB-1772 (TB11-34-350),TAIWAN,"MAZDA CX7, CX8, CX9",0,4
TIE ROD END,SE-4771 (48520-35F25),TAIWAN,,0,4
FAN BELT,6PK960,BELT,,0,0
TOYOTA BRAKE PADS,04466-60140,TOYOTA,,0,3
CABIN FILTER,27277-3DF0A,DIGUE,,0,19
SUSPENSION BUSH,MR374672,GSP,,0,2
BALL JOINT,SB 7845,555,,0,2
ARM BUSH,48632-60020,THAILAND,,0,12
MAIN BEARING,M724 (0.25),TAIHO,,0,3
THRUST WASHER,T172,TP,,0,1
PISTON RINGS,SWT10251ZZ (STD),NPR,1NR,0,1
BRAKE MASTER CYLINDER,47028-60030,THAILAND,,0,1
FAN BELT,4PK 1770,BELT,,0,1
OIL SEAL,50*68*9/14.5,NAK,,0,2
BRAKE LINING,FN 7757,NIBK,,0,2
FUEL FILTER,FC-1203,SAKURA,,0,0
OIL FILTER,C-1044,SAKURA,,0,0
KYB SHOCKS,339209,KYB REAR,HARRIER RX350,0,1
KYB SHOCKS,339208,KYB REAR,HARRIER RX350,0,1
FR WHEEL BEARING,43570-60031,GP,,0,0
TOYOTA SHOCKS,48530-69415,TOYOTA REAR,,0,0
FIRE EXTINGUISHER,500ML,,,0,1
HYDRAULIC OIL,AKINAWA AHC,AKINAWA,,0,0
STABILIZER LINK,SL-4910R (54618-8H300),TAIWAN,T30,0,13
STABILIZER LINK,SL-4910L (54668-8H300),TAIWAN,T30,0,13
TIE ROD END,SE-T021L (45047-59135),TAIWAN,VITZ N/M / BELTA,0,2
HEAD GASKET,11115-16120,TESON,7AFE,0,1
RBI ARM BUSH,O-S083-34-830,RBI,"VANETTE, BONGO, KIA",0,8
THRUST WASHER,T724A - STD,TAIHO,"1AZ, 2AZ",0,4
CON BEARING,R724A (0.25),TAIHO,TOYOTA,0,2
CON BEARING,R724A (0.50),TAIHO,TOYOTA,0,2
MAIN BEARING,M027 (STD),TAIHO,3E,0,1
TIE ROD END,SE-T021R (45046-59195),TAIWAN,VITZ N/M / BELTA,0,1
BALL JOINT,SB-3752R (43330-29405),TAIWAN,HARRIER 240,0,8
BALL JOINT,SB-3752L (43340-29175),TAIWAN,HARRIER 240,0,1
STABILIZER BUSH,48815-42050,RBI,RAV4 ACA 21,0,10
AIR FILTER,16546-3HD0A,DIGUE,,0,5
BRAKE DISC,43512-60290,ALBA REAR,,0,0
WHEEL BEARING,2DACF049N (42450-60070),SO HQ,,0,3
WHEEL BEARING,42460-60030,,,0,0
ARM BUSH,48655-60040,GENUINE FRONT BIG,,0,0
ARM BUSH,48654-60040,GENUINE FRONT SMALL,,0,0
RR CRANK SEAL,,,,0,0
CONVERTER SEAL,,,,0,0
DRIVESHAFT SEAL,,,,0,4
TOYOTA IGNITION COIL,90919-02260,TOYOTA,,0,1
BRAKE DISC,42431-60290,SO HQ REAR,,0,0
CONTROL ARM UP,8-98005-839-0,SO HQ,ISUZU,0,1
RBI ARM BUSH,MR992410,RBI LOW,TRITON 2WD,0,2
KYB SHOCKS,443189,KYB FRONT,L200,0,0
CLUTCH PLATE,TYC655,,,0,1
MOUNTING,12361-17020,THAILAND,,0,4
SHOCKS,48531-69645,GENUINE REAR,LAND CRUISER79,0,0
SPRING BUSH,90385-18009,RBI,,0,12
BRAKE PADS,AF-733,CERAMIC,RAV 4 N/M,0,5
MAIN BEARING,M327 (STD),TAIHO,,0,1
CON BEARING,R327 (STD),TAIHO,TOYOTA,0,1
TIE ROD END,SE-N151,,,0,1
RACK END,SR-T151,,,0,2
ENGINE BUSH,MR554541,RBI,,0,4
BALL JOINT,SB 7941,555,L200 N/M,0,2
BRAKE PADS,AF-604,CERAMIC,,0,2
BRAKE LINING,FN-2342,CERAMIC,TOYOTA NZE/FIELDER,0,4
TIMING BELT,117 MR 25,,TOYTA 2C/3C,0,0
OIL SEAL,35*64*9/15,NAK,,0,1
PISTON RINGS,35912,TP,TOYOTA,0,0
OVERHAUL GASKET,10101-43G27,NISSAN GENUINE,,0,0
RBI ARM BUSH,MR403440,RBI LOW SMALL,,0,12
BALL JOINT,SB-7872,555,,0,2
RACK END,SR-T010,555,,0,0
CONTROL ARM R,UC3C-34-200D,SO HQ,,0,1
BRAKE DRUMS,42431-0K120/0K130,SOHQ,,0,1
KYB SHOCKS,551112,KYB/,MARK X GRX 120/121,0,1
KYB SHOCKS,551113,KYB FRONT/,MARK X GRX 120/121,0,1
BRAKE PADS,D-5019,MK,FIT,0,4
ENGINE OIL,0W-20 1L,AKINAWA,,0,4
BALL JOINT,SB-T092,555,,0,2
TIE ROD END,SE-3971,555,,0,8
AIR FILTER,16546AA090,tyson,SUBARU,0,23
BRAKE PADS,A1N011,ADVICS,PRADO 120/150,0,3
FUEL FILTER,23300-31100,TESON,P120,0,4
OIL SEAL,45*58*7,NAK,,0,1
HUB BEARING,43202-JG200,SO HQ,,0,2
STEERING RACK,45510-B4012,SO HQ,TOYOTA RUSH J200,0,1
SPRING BUSH,55045-10W00,,,0,0
RBI ARM BUSH,48654-20150/20160,RBI LOWER,PREMIO ST190,0,0
RBI ARM BUSH,48654-60040,RBI LOWER,"GRJ200,UZJ200,URJ201",0,4
BEARING,DAC4586W-2CS,KOYO FRONT,"LEXUS,HARRIER,KLUGER",0,2
ENGINE MOUNTING RR,12371-67020,THAILAND,KZJ 95,0,5
SHOCK MOUNTING FR,54320-1HM0A,THAILAND,"B16,K13",0,4
ARM BUSH,2S61-3063-CA,THAILAND SMALL,DEMIO DY,0,5
ENGINE MOUNTING L,11220-1HC0C,THAILAND,"MARCH,NOTE,K13T,E12",0,6
SHOCK MOUNTING FR,48609-0K040,THAILAND,,0,2
ARM BUSH,48632-60010,THAILAND,"LX470, FZJ100",0,6
HEAD GASKET,11115-23040,GENUINE,"1SZ, 3SZ",0,1
TOYOTA GEAR BOX FILTER,35330-60030,TOYOTA,,0,0
IDLER PULLEY,0187-KR42,FEBEST,TOYOTA,0,1
BRAKE DISC,43512-60180,SO HQ FRONT,,0,2
STEERING RACK,44200-60130,SO HQ,,0,2
AIR FILTER,40007-X,KOWA,MAZDA 121,0,1
OIL FILTER,15601-68010,JS,TOYOTA,0,2
KYB SHOCKS,348075,KYB,ISIS,0,0
UNIVERSAL JOINT,GUIS-74,GMB,,0,3
HEAD GASKET,F801-10-271A,ERISTIC,F8,0,2
STABILIZER LINK,SL-6650,555,,0,4
HEAD GASKET,8-97066-196-0,TEIKIN,,0,0
SHOCKS,343434,OZONE/,PROBOX,0,4
DRUM SKIMMING,,,,0,1
AIR FILTER,17801-30070/11130,ZYC,TOYOTA,0,0
PRESSURE PLATE,NSC 60,,,0,1
CLUTCH PLATE,NS 96,,,0,2
OIL FILTER,CDU1268,FEBI,,0,1
AIR FILTER,ESR4103,FEBI,,0,1
OIL SEAL,33142-4BA0C,FEBEST,,0,0
BRAKE PADS,KD2389,ASIMCO,VIGO 4WD SA MODEL,0,3
PRESSURE PLATE,CTX 066,AISIN,,0,0
AIR FILTER,16546-22600,ZYC,VANETTE,0,3
TRAILING ARM,48770-12010,S0-HQ,,0,2
AIR FILTER,17801-67040,DIGUE,7L ROUND,0,5
BRAKE PADS,KD2775,Asimco,,0,2
VALVE SEAL,90913-02120,G.P,TOYOTA,0,0
SPARK PLUGS,12290-5RO-003,(UNITRON) HONDA SPARK PLUGS,,0,0
SHOCKS,48510-69525,GENUINE FRONT,,0,0
TOYOTA SHOCKS,48530-69346,TOYOTA REAR,,0,0
CON BEARING,R 037,TAIHO,,0,0
STEERING RACK,45510-42210,GENUINE,,0,0
OVERHAUL GASKET,04111-15070,,5A,0,0
WATER PUMP,GWT-133A,GMB,1ZZ FE (1800CC),0,4
STABILIZER LINK,48820-60032,RBI,,0,4
STABILIZER BUSH,48815-60380,RBI,PRADO 150,0,6
DRIVE SHAFT BOOT,43448-12120,PERFECT,"ALTIS, ZZE",0,4
PULLEY,16604-31010,SO HQ,,0,2
TOYOTA FUEL FILTERS,23300-31090,TOYOTA,,0,2
PRESSURE PLATE,MZC 21,,,0,1
CLUTCH PLATE,MZ 14,,,0,1
BRAKE PADS,D-831,CERAMIC,TOYOTA,0,4
AIR FILTER,17801-37020,KOWA,,0,2
BALL JOINT,SB-2381 (43350-29036/56),TAIWAN,TOWNACE,0,2
OIL SEAL,34*56*9/15,NAK,,0,1
FUEL FILTER HOUSING,23300-0L020/0L040/0L041/0L042,,"HILIX, VIGO,DMAX",0,1
OIL FILTER,C107J,JS,,0,2
WHEEL BEARING,D09H-2615XA,SO-HQ,,0,4
CLUTCH RELEASE BEARING,30620-00Q0J,HYDRAULIC SO HQ,,0,2
OIL SEAL,44*60*7,NAK,,0,3
BRAKE LINING,FN-2335,NIBK,,0,1
WHEEL BEARING,DAC478855 (47KWD02),SO HQ,,0,4
STEERING RACK,48001-4BG0A (MANUAL),SO HQ,T32,0,2
SHOCK MOUNTING,48609-42010,RBI,,0,1
CLUTCH BEARING,B2200,NIS,,0,1
TIE ROD END,SE-T561R,555,COROLLA,0,1
TIE ROD END,SE-T561L,555,,0,2
TOYOTA TOP COVER GASKET,12341-PNA-000,TOYOTA,,0,0
STEERING RACK,45510-12290,S0-HQ,NZE,0,1
RACK END,SR-3686,555,,0,0
BALL JOINT,SB-7941,555,,0,0
CLUTCH PLATE,NSD 104,,,0,2
H/JACK 2T,H/JACK 2T,,,0,1
BRAKE PADS,AF-370,CERAMIC,SUZUKI VITARA,0,2
PULLEY,16604-31010,BE,,0,0
REAR SHOCK DUST COVER,48341-12180,KOWA,,0,5
BRAKE PADS,AF-614,CERAMIC,B15/ ADVAN,0,2
BALL JOINT,SB-5361,555,,0,0
OIL SEAL,90310-58004,TOYOTA,,0,0
STEERING RACK,44200-60203,SO HQ,,0,0
PRESSURE CLUTCH KIT,,,,0,0
KYB SHOCKS,349057,KYB/,PAJERO,0,2
AIR FILTER,17801-35020,KOWA,TOWNACE / NOAH,0,0
STEERING RACK,44200-60210 (HYDRAULIC),S0-HQ,KDJ 150,0,1
ENGINE MOUNTING FR,UB39-39-040A,JOKITO,VANETTE,0,11
LOWER ARM BSUH,AB31-3069-AB,THAILAND,FORD RANGER T6,0,6
ARM BUSH,55045-0M000,THAILAND REAR,B14/B15,0,4
RR CONTROL ROD BUSH,48710-28140,THAILAND,TOWNACE SR40,0,8
STABILIZER LINK,48820-20040,THAILAND,CORONA AT21,0,2
STABILIZER LINK,48810-20020,THAILAND,CORONA AT21,0,4
STABILIZER LINK,48820-60071,THAILAND,VDJ 200,0,5
STABILIZER LINK,48810-60051,THAILAND,VDJ 200,0,6
STABILIZER LINK,54618-4M400,THAILAND,"SUNNY, B15, WINGROAD Y11,BLUEBIRD SYLPHY",0,4
BALL JOINT,YB12221-99A23,JOKITO,RANGER T6,0,8
CAMBER BOLT,48609-60040,THAILAND,KDJ 150,0,2
STABILIZER LINK,SL-7820,555,"AIRTREK, LANCER",0,4
ARM BUSH,54560-EN001,NAKAMOTO LOW,"T31,T32",0,5
BRAKE PADS,KD-4739,ASIMCO,ISUZU DMAX,0,3
DIFF OIL,SAE/ EP90 20L,RAM G,,0,0
TIE ROD END,D651-32-280,TAIWAN,MAZDA DEMIO,0,9
TIE ROD END,D651-32-290,TAIWAN,MAZDA DEMIO,0,9
BALL JOINT,SB-5361 (8-97235-777-0),TAIWAN,ISUZU,0,7
SHOCK DUST COVER,48331-12140,TEX,,0,16
BALL JOINT,43308-59035,TAIWAN,"PLATZ, SUCCEED,PROBOX",0,26
BAL JOINT,43308-29255,TAIWAN,"NOAH, VOXY, IPSUM",0,4
RACK END,SR-T090 (45503-29846),TAIWAN,7L,0,8
RACK END,SR-T720 (45503-52241),TAIWAN,"RACTIS, AQUA, SIENTA NM, PROBOX NM",0,11
RACK END,SR-S010 (48830-68L00),TAIWAN,SWIFT,0,4
BALL JOINT,45700-71L00,TAIWAN,SWIFT,0,4
RACK END,SR-6690 (34160-AG00A),TAIWAN,LEGACY OUTBACK 2009,0,6
ENGINE MOUNTING FR,12361-05010,PERFECT,"Y51,56,60",0,2
SUSPSENSION BUSH,48704-28040,RBI,TOWNACE (1996-2001),0,6
BRAKE PADS,A1N156,ADVICS,V8,0,2
RELEASE BEARING,FCR62-32-14/2E,NTN,E24/TD27,0,3
RR SHOCK DUST COVER,48750-0D060,RBI,VITZ NM,0,5
REAR SHOCK DUST COVER,48341-0D040,RBI,PROBOX,0,5
BEARINGS,DAC3568,KOYO,STARLET,0,0
AIR FILTER,11050,DIGUE,,0,0
RR WHEEL BEARING,ST2749,,,0,4
BEARING,90366-50007,,,0,0
BEARING,90366-30105,,,0,0
SHOCKS,341279,OZONE REAR/,SUNNY B15,0,4
SHOCKS,338088,OZONE FRONT,AXELA N/M,0,1
SHOCKS,339031,OZONE/,RAV 4 ACA 33/ VANGUARD,0,3
SHOCKS,339032,OZONE/,RAV 4 ACA 33/ VANGUARD,0,5
SHOCKS,341486,OZONE REAR,FORESTOR,0,5
SHOCKS,3340138,OZONE FRONT/,CX3,0,1
SHOCKS,3340139,OZONE FRONT/,CX3,0,1
SHOCKS,339336,OZONE FRONT/,CX-5,0,1
SHOCKS,339337,OZONE FRONT/,CX-5,0,1
SHOCKS,338087,OZONE FRONT,AXELA N/M,0,3
SHOCKS,334146,OZONE REAR/,IMPREZA 2WD (92-98),0,1
SHOCKS,334147,OZONE REAR/,IMPREZA 2WD (92-98),0,1
SHOCKS,340096,OZONE REAR/,"IMPREZA GP,GJ2/3",0,2
SHOCKS,339327,OZONE FRONT,SYLPHY,0,3
SHOCKS,339328,OZONE FRONT,SYLPHY,0,1
SHOCKS,3340168,OZONE FRONT/,XTRAIL T32 N/M,0,1
SHOCKS,3340169,OZONE FRONT/,XTRAIL T32 N/M,0,1
SPARK PLUGS,FR7SPP302W,BOSCH,,0,2
PISTON RINGS,36035,TP,,0,2
BRAKE DISC,42431-60311,AMCO REAR,,0,0
BRAKE PADS,D 7070,MK,SUBARU TRIBECA,0,4
OIL PUMP,15100-28030,GP,,0,1
GEARBOX FILTER,35330-60010,GP,,0,1
FAN BELT,7PK 1940,BELT,,0,2
ENGINE MOUNTING R,12305-40110,THAILAND,,0,3
LH GEARBOX MOUNTING,12372-40020,THAILAND,,0,6
STABILIZER LINK,48802-60050,BRINFARO,,0,2
SHOCK MOUNTING FR,48609-52020,,,0,2
BRAKE PADS,AF-687,CERAMIC,HARRIER N/M FR,0,4
VALVE GUIDE,11122-54020,FUJI,3L.5L,0,25
VALVE SEAL,90913-02117,3L/5L,,0,5
ENGINE VALVE,13711-54020,3L/5L,,0,0
BALL JOINT,SB-332 (40160-1HJ0A),TAIWAN,MARCH,0,20
RACK END,SR-N240 (D8521-JG00A),TAIWAN,T31,0,5
TIE ROD END,SE-3601R (45046-59026),TAIWAN,VITZ,0,4
TIE ROD END,SE-3601L (45047-59026),TAIWAN,,0,4
BALL JOINT,SB-5302 (8-94452-102-1),TAIWAN,D MAX,0,11
BALL JOINT,SB-7841,TAIWAN,L200,0,6
BALL JOINT,SB-7842,TAIWAN,L200,0,8
RACK END,SR-T530 (45503-B1020),TAIWAN,PASSO,0,2
RACK END,SR-3560 (45503-39075),TAIWAN,PRADO 95,0,11
BALL JOINT,SB-H332 (51360-SMA-050),TAIWAN,STREAM/CROSSROAD,0,4
RACK END,8-98164-967-0,GMB,D MAX 4WD,0,0
BRAKE DISC,RN1542,NIBK,,0,2
BEARING,STA3072,NIS,,0,2
BEARING,TR100802/2,NIS,,0,3
CONTROL ARM,8-98005-837-0,SO HQ,,0,1
FAN BELT,7PK 1245,BELT,,0,4
RELEASE BEARING,RCT4000SA,KOYO,,0,3
JINBO SHOCKS,339198,JINBO/,XTRAIL T31,0,1
JINBO SHOCKS,339199,JINBO/,XTRAIL T31,0,1
HUB BEARING,HUB184A/ 27BWK06 (ABS),SOHQ,B15,0,2
NISSAN IGNITION COIL,22448-ED000,NISSAN,,0,9
GEARBOX SEAL,T1173,JAPAN,,0,2
TOYOTA FUEL FILTERS,23300-75140/31090,TOYOTA,,0,1
TAIL LIGHT,,,PRADO 150,0,1
BRAKE MASTER CYLINDER,47201-12550,,,0,0
CLUTCH RELEASE BEARING,CRT-008,,,0,0
OIL FILTER,QC-000001,KOWA,CANTER 4P10,0,3
TIE ROD END,SE 4831,555,"SAHARA D22 4WD, XTRAIL T30",0,10
TIE ROD END,SE 4832,555,"D22 4WD, NAVARA",0,6
KYB SHOCKS,338068,KYB/,NISSAN NOTE,0,1
KYB SHOCKS,3440025,KYB FRONT/,E26,0,2
KYB SHOCKS,334269,KYB/,HARRIER MCU 10 2WD,0,1
KYB SHOCKS,334270,KYB/,HARRIER 2WD,0,2
OIL PUMP ASSEMBLY,11320-30032,GENUINE,,0,0
FUEL FILTER,F-1006,SAKURA,,0,9
OIL FILTER,O-1006,SAKURA,,0,9
BRAKE PADS,D1175,LOTAS,,0,0
FUEL FILTERS,23390-0L041,TESON,,0,0
TIE ROD END,SE-1891R,TAIWAN,MAZDA DEMIO DJ,0,3
TIE ROD END,SE-1891L,TAIWAN,MAZDA DEMIO DJ,0,1
FUEL FILTER,23390-0E010,MICOTA,"9LL, HILUX REVO, PRADO GDJ 150",0,2
RACK END,SR-6660,TAIWAN,"FORESTOR, IMPREZA, LEGACY, OUTBACK",0,4
RACK END,SR-N660 (D8521-3XA0A),TAIWAN,"E26, NV350",0,4
RACK END,SR-N250 (D8521-EB70A),TAIWAN,NAVARA D40,0,6
RACK END,SR-N580 (D8521-4BA0A),TAIWAN,T32,0,5
TIE ROD END,SE-N251L (D86400-EB70A),TAIWAN,NAVARA,0,2
TIE ROD END,SE-N251R (D8520-EB70A),TAIWAN,NAVARA,0,2
TIE ROD END,SE-N581R (D8520-4BA0A),TAIWAN,T 32,0,2
TIE ROD END,SE-N581L (D8640-4BA0A),TAIWAN,T 32,0,2
BRAKE PADS,KD1142,ASIMCO,MAZDA DEMIO N/M,0,2
RACK END,SR-H470 (53010-T7A-003),TAIWAN,VEZEL/HR-V,0,4
TIE ROD END,SE-H471R (53540-T7A-003),TAIWAN,VEZEL/HR-V,0,2
TIE ROD END,SE-H471L (53560-T7A-003),TAIWAN,VEZEL/HR-V,0,2
ARM,48069-B2040,SO HQ,,0,1
ARM,48069-B2041,SO HQ,,0,3
ENGINE MOUNTING RR,8-97247681-1,RBI,"D-MAX (2002,2008) 2W,4W",0,2
PRESSURE PLATE,CTX-014,AISIN,,0,0
AIR FILTER,A1536,JS,,0,1
OIL SEAL,41*61*8/12,NAK,,0,0
OIL SEAL,45*61*6,NAK,,0,0
BEARING,40BCV09,NIS,,0,6
AIR FILTER,A334J,JS,,0,3
TRANSMISSION FILTER,JT529,JS,,0,2
TIE ROD END,SE-2651,555,VITZ,0,1
STABILIZER BUSH,48815-42020,RBI,,0,8
WATER PUMP,GWT-132,GMB,7K,0,1
CHEVRON 2*1,,,,0,1
FUEL FILTER,FS 317,JS,,0,3
ARM BUSH,20204-SA000,,,0,12
STABILIZER BUSH,20414-SA000,,,0,2
HEAD GASKET,11044-1HC0A,G.P,NISSAN,0,0
FAN BELT,4PK 1070,BELT,,0,0
FAN BELT,4PK 870,BELT,,0,0
FREE WHEEL HUB,40250-VB200,THAILAND,Y61,0,3
LOWER ARM,54500-4CL0B,SO HQ,T32,0,2
FEED PUMP,,,,0,0
RUBBER JOINTS,,,,0,0
TIE ROD END,SE 2852,555,,0,2
TIE ROD END,SE-2471,TAIWAN,HILUX,0,1
BALL JOINT,SB-1411 (S083-99-354),TAIWAN,VANETTE BONGO,0,5
SPRAY PAINT,,,,0,25
ARM BUSH,MR 418807,REAR TRAILING,,0,2
ARM BUSH,MR 510327,REAR TRAILING UP,,0,2
BRAKE PADS,AF-718,CERAMIC,"MAZDA PEMACY/PRIMERA ""R""",0,1
AIR FILTER,ME-017242,KOWA,CANTER 4D31/32,0,4
OIL SEAL,90311-36007,,,0,1
OIL SEAL,90310-50006 (T1351),MUSASHI,,0,1
BRAKE DISC,43512-06120,ALBA FRONT,,0,6
BRAKE DISC,42431-42060,ALBA REAR,,0,0
PISTON RINGS,34177,TP,HR15/HR16,0,0
TIE ROD END,SE-N361,TAIWAN,MAZDA BONGO/ NISSAN VANETTE,0,4
RACK END,SR-N360,TAIWAN,MAZDA BONGO/ NISSAN VANETTE,0,5
SPARK PLUGS,LFR5AGP,NGK SPARK PLUGS,,0,16
SHOCKS,335068,OZONE FRONT/,"VOXY,NOAH",0,1
SHOCKS,335069,OZONE FRONT/,"VOXY,NOAH",0,1
SHOCKS,343406,OZONE REAR/,PASSO 4WD/SCION/BB,0,2
,,,,0,0
BRAKE PADS,AF-784,CERAMIC,"CX-5 ""R""",0,2
BRAKE PADS,AF-686,LOTAS,DEMIO,0,1
LOWER ARM R,48068-B2040,S0-HQ,,0,2
BRAKE DISC,42431-42060,MAXPART REAR,,0,2
MAIN BEARING,M743 (STD),TAIHO,,0,2
CON BEARING,R047 (STD),TAIHO,,0,2
CABIN FILTER,D09W-61-J6X-H,KOWA,CX3,0,5
BRAKE PADS,AF-766,CERAMIC,"TRIBECA/ LEGACY ""R""",0,7
BRAKE LINING,FN-4467,CERAMIC,D-MAX 4X4,0,1
FUEL PUMP,23301-54460,KOWA,,0,2
BEARINGS,DAC4074,NIS,,0,1
SO.HQ HUB,3DACF037D,SO.HQ HUB,,0,4
OIL SEAL,36*52*10,NAK,,0,1
OIL SEAL,39.6*52*10/11,NAK,,0,1
FAN BELT,4PK 785,BELT,,0,0
KNUCKLE ARM BUSH,42210-20010,THAILAND,,0,8
ARM BUSH,48655-28020,THAILAND,,0,16
STABILIZER BUSH,48849-60040,THAILAND,,0,8
STABILIZER BUSH,48818-60020,THAILAND,,0,8
ENGINE MOUNTING R,11210-JG000,THAILAND,T31,0,3
CONTROL ARM LOW,54501-4CL0B,,,0,0
TENSIONER,16620-0Q020,SO HQ,,0,1
AIR FILTER,17801-15070,DIGUE,,0,4
TRANSMISSION FILTER,JT 588K,JS,,0,2
BEARING,6308,NIS,,0,1
BELT TENSIONER,PE03-15-980B,SO HQ,,0,0
KYB SHOCKS,343476,KYB,"HIACE,HILUX,REVO",0,0
SUBARU TOP COVER GASKET,13272AA170,SUBARU,,0,3
SUBARU TOP COVER GASKET,13270AA240,SUBARU,,0,3
PLUG SEAL,10966AA030,SUBARU,,0,8
RADIATOR CAP,45317AE003,SUBARU,,0,1
BRAKE DISC,43512-60170,ALBA FRONT,,0,4
KYB SHOCKS,343442,KYB REAR/,VITZ,0,4
KYB SHOCKS,344300,KYB REAR/,PAJERO,0,2
KYB SHOCKS,349219,KYB REAR,CX5,0,0
BRAKE DISC,8-98124663-3,ALBA,DMAX 2012,0,2
KYB SHOCKS,349015,KYB/,"HILUX,VIGO 4WD",0,7
DRIVE SHAFT BOOT,43448-0D140,NKM,,0,1
KYB SHOCKS,341486,KYB REAR,FORESTOR,0,0
OIL SEAL,4D31 RR OUTER,,,0,2
OIL SEAL,4D31 FR WHEEL,,,0,2
OIL SEAL,4D31 RR INNER,,,0,2
BALL JOINT,SB 1672,555,VANETTE/BONGO 4WD,0,2
BRAKE LINING,K 2025,CERAMIC,,0,3
ARM BUSH,20204-AJ020,,,0,6
CV JOINT,MI-12,URW,"COLT,GALANT,LANCER",0,4
ARM BUSH,48655-12210,PERFECT LOW,ALTIS ZZE 151,0,10
SUSPENSION BUSH,48725-0D070,RBI,,0,2
SUSPENSION BUSH,48725-0D070,PERFECT,,0,10
BRAKE PADS,KD 1515/3773,ASIMCO,JUKE/LAFESTA,0,3
BRAKE DISC,43512-60190,TESON,,0,0
CLUTCH COVER,30210-ED800,ASIN,,0,1
CLUTCH PLATE,30100-ED800,ASIN,NV 200,0,1
CLUTCH PLATE,TYD183U,EXEDY,HILUX,0,1
V BELT,AX39,PRHD,,0,4
BEARING,TRA0607,NIS,,0,1
KYB SHOCKS,340060,KYB REAR/,OUTLANDER/RVR,0,4
SHOCKS,3440007,OZONE REAR,FIT/ JAZZ HYBRID,0,4
SHOCKS,343381,OZONE REAR,FIT,0,2
SHOCKS,3420004,OZONE REAR,EVERY WAGON,0,2
SHOCKS,343420,OZONE REAR,SWIFT,0,5
SHOCKS,343493,OZONE REAR,SX4,0,9
SHOCKS,343480,OZONE REAR,PAJERO JNR,0,6
SHOCKS,342024,OZONE REAR,TERIOS,0,6
SHOCKS,343288,OZONE REAR,JIMNY/ SAMURAI SN413,0,2
SO.HQ BEARINGS,DAC458050ZZ,SO.HQ,BONGO,0,6
ENGINE OIL,15W-40 DIESEL 20L,AXABULL,,0,9
WATER JACKET,,,,0,1
SUBARU TOP COVER GASKET,12370-AA140,SUBARU,,0,0
SHCOKS,342027,OZONE,SOLIO,0,2
SHOCKS,444068,OZONE,L300/DELICA,0,2
SHOCKS,344119,OZONE REAR,PAJERO LO44,0,2
SHOCKS,349057,OZONE REAR,PAJERO/SHOGUN/MOTERO,0,2
SHOCKS,344300,OZONE,PAJERO,0,10
SHOCKS,343312,OZONE,CHARIOT,0,4
SHOCKS,34349,OZONE,COLT,0,2
STABILIZER BUSH,48815-0D081,RBI,,0,8
STABILIZER LINK,48820-60071,GP,VDJ 200,0,0
AIR FILTER,A988J,JS,,0,2
KYB SHOCKS,344362,KYB,ALPHARD/VOXY/IPSUM,0,0
SHOCKS,343460,OZONE,CIVIC,0,2
SHOCKS,343497,OZONE/,COLT,0,2
SHOCKS,341213,OZONE,GALANT GDI,0,2
SHOCKS,343251,OZONE,L200/TRITON,0,2
SHOCKS,343411,OZONE,COLT PLUS,0,2
SHOCKS,344420,OZONE,DMAX 4WD,0,6
SHOCKS,344422,OZONE,DMAX 4WD,0,4
SHOCKS,344421,OZONE,DMAX 2WD,0,6
SHOCKS,3430041,OZONE,MAZDA 3/ AXELA,0,8
SHOCKS,349070,OZONE,CX9,0,4
SHOCKS,349076,OZONE,CX7,0,4
SHOCKS,3430037,OZONE REAR,CX 3,0,3
SHOCKS,3430025,OZONE,SIENTA/ PASSO SETTE,0,8
SHOCKS,349219,OZONE,CX 5,0,2
SHOCKS,3430044,OZONE,NP 300 2WD,0,2
SHOCKS,345077,OZONE,FORD BT-50,0,3
SHOCKS,345101,OZONE,FORD RANGER/MAZDA BT-50,0,2
JINBO SHOCKS,48531-B4011,JINBO,RUSH/ TOWNACE N/M,0,0
SHOCKS,343272,OZONE,RAV 4 ACA 21,0,7
SHOCKS,343282,OZONE,IPSUM,0,9
SHOCKS,342022,OZONE,DIAHATSU,0,6
SHOCKS,348030,OZONE/,NZE 164,0,4
SHOCKS,348075,OZONE/,ISIS,0,2
SHOCKS,344308,OZONE,ISIS/ SIENNA,0,0
SHOCKS,344362,OZONE/,VOXY,0,6
SHOCKS,343447,OZONE,PASSO,0,8
SHOCKS,349035,OZONE/,AURIS,0,4
SHOCKS,343359,OZONE REAR,TOWNACE,0,10
SHOCKS,343426,OZONE REAR,IST,0,2
SHOCKS,444055,OZONE,SHARK,0,2
SHOCKS,344204,OZONE REAR/,SHARK,0,2
SHOCKS,343354,OZONE,VITZ,0,1
SHOCKS,349024,OZONE,RAV 4 ACA30,0,0
SHOCKS,444132,OZONE,SHARK/ VANETTE,0,2
SHOCKS,344493,OZONE/,KDH 200,0,4
SHOCKS,343441,OZONE,RUSH,0,5
SHOCKS,343472,OZONE,RUSH,0,4
SHOCKS,344288,OZONE,PRADO 95,0,6
SHOCKS,343300,OZONE,PAJERO V73,0,3
SHOCKS,345023,OZONE REAR,100 SERIES,0,2
SHOCKS,343425,OZONE,E25,0,8
SHOCKS,341232,OZONE,SURF,0,2
SHOCKS,344461,OZONE,79,0,2
SHOCKS,3430028,OZONE,NV 200,0,9
SHOCKS,343118,OZONE/,D22 4WD,0,2
SHOCKS,443238,OZONE,D21 4WD,0,6
SHOCKS,344405,OZONE,VANETTE,0,6
SHOCKS,343492,OZONE,TIIDA,0,6
SHOCKS,349092,OZONE,MURANO,0,4
SHOCKS,443239,OZONE,D22,0,2
SHOCKS,349078,OZONE,T31/T32,0,5
SHOCKS,343240,OZONE,WINGROAD Y11,0,1
SHOCKS,443066,OZONE,LANCER,0,2
SHOCKS,343482,OZONE,NP 200,0,4
ENGINE MOUNTING RR,KD47-39-040,THAILAND,"MAZDA 3, MAZDA 6,CX5",0,4
TIE ROD END,KR11-32-280,THAILAND,CX-5,0,4
BRAKE LINING,FN-2358,CERAMIC,PROBOX,0,0
NSK BEARING,43KWD07ACA15,NSK,VIGO 2WD,0,4
CON BEARING,R025A (0.50),TAIHO,,0,2
MAIN BEARING,M025A (0.25),TAIHO,,0,2
MAIN BEARING,M025A (0.75),TAIHO,,0,2
MAIN BEARING,M042A (0.75),TAIHO,3L,0,2
MAIN BEARING,M042A (0.50),TAIHO,3L,0,2
CON BEARING,R039A (0.75),TAIHO,3L,0,1
MAIN BEARING,M729A (0.25),TAIHO,2 TR,0,1
MAIN BEARING,M729A (0.50),TAIHO,2 TR,0,1
AIR FILTER,16546-VB300,ZYC,,0,9
RACK END,SR-H280 (53010-SZW-J0A),TAIWAN,FIT SMALL,0,2
RACK END,SR-H330 (53010-SMA-013),TAIWAN,STREAM,0,4
RACK END,SR-H150 (53010-TF0-003),TAIWAN,FIT2014/FIT SHUTTLE,0,4
BALL JOINT,SB-N252 (40160-EB70A),TAIWAN,NAVARA/NP300,0,2
OIL SEAL,T1323,MUSASHI,NZE,0,4
RACK END,SR-1650 (BP4L-32-240),TAIWAN,"PREMACY,AXELA,BIANTE,LAFESTA",0,2
BRAKE PADS,PN 1527,NIBK,,0,1
RBI ARM BUSH,51350-SWA-E01,RBI LOWER,CRV 2007,0,7
BRAKE LINING,K-2301,ASIMCO,VIGO 4WD,0,2
ENGINE MOUNTING FR,MM-GF2FR,FEBEST,,0,0
SHOCKS,349112,OZONE,NAVARA,0,10
SHOCKS,3440026,OZONE/,NV 350,0,2
SHOCKS,343407,OZONE,"TIIDA,WINGROAD,SYLPY",0,5
SHOCKS,349198,OZONE,JUKE F15,0,9
SHOCKS,349239,OZONE,WINGROAD Y12,0,10
SHOCKS,3440084,OZONE,NV 200,0,4
SHOCKS,349199,OZONE,JUKE 4WD,0,7
TOYOTA BRAKE LINING,04495-62030,TOYOTA,,0,0
SPARK PLUGS,DILZKAR6A11 (22401-ED815),NISSAN,,0,7
SHOCKS,444085,OZONE,DYNA,0,2
SHOCKS,349212,OZONE/,SYLPHY,0,2
SHOCKS,3430043,OZONE/,NOTE K13/E12,0,2
SHOCKS,343465,OZONE,TIIDA,0,2
FAN BELT,90916-02680,GP,,0,0
SHOCKS,3430047,OZONE,WINGROAD Y12 4WD,0,4
SHOCKS,343421,OZONE,NOTE E12,0,5
SHOCKS,349111,OZONE,NAVARA,0,2
SHOCKS,348076,OZONE,SERENA,0,4
SHOCKS,345007,OZONE,PATROL Y60,0,2
SHOCKS,348029,OZONE/,MARCH K13,0,4
WHEEL BEARING,CAPLM48548/10,KOYO,,0,6
SHOCKS,343367,OZONE,D22 4WD,0,2
IDLER ARM,SI-4680,JAPAN 555,,0,0
SHOCKS,348077,OZONE,SERENA,0,3
SHOCKS,344475,OZONE REAR,D22/NP300 4WD,0,4
SHOCKS,344207,OZONE,SHARK,0,4
SHOCKS,341375,OZONE,WISH 2WD,0,2
SHOCKS,341423,OZONE,MARK 2 GX110,0,5
PRESSURE PLATE,MZC 33,,,0,1
CLUTCH PLATE,MZ 07,,,0,0
AIR FILTER,17220-PWC-000,ZYC,HONDA FIT,0,3
WATER PUMP,GWS-36A,GMB,,0,1
STABILIZER LINK,SL-T220 (48820-42030),PERFECT,"RAV4,AURIS",0,20
ENGINE MOUNTING R,KE64-39-060A,PERFECT,CX-5 DIESEL,0,6
GLOW PLUGS,CP-73,HKT,ZD-30,0,3
TIE ROD END,SE-1861 ( KD31-32-280),TAIWAN,CX-5,0,4
BRAKE PADS,AF-378WK,CERAMIC,FIT FR,0,2
ARM BUSH,48654-0D060,ASIMCO,,0,16
OIL SEAL,38*74*11/18,NAK,,0,1
OIL SEAL,47*69*10/16,NAK,,0,1
AIR FILTER,A8515,JS,,0,2
WHEEL BEARING,DAC387340 (38BWD26),SO HQ,,0,5
IDLER ARM,SI4680,,NISSAN 4WD,0,1
KYB SHOCKS,339337,KYB FRONT/,CX-5,0,1
KYB SHOCKS,339336,KYB FRONT/,CX-5,0,1
GMB UNIVERSAL JOINTS,GUN-47,GMB UNIVERSAL JOINTS,,0,0
SHOCKS,341389,OZONE,WISH 4WD,0,3
SHOCKS,340061,OZONE REAR,"IST,SCION,VITZ N/M",0,2
SHOCKS,343246,OZONE,HILUX LN 146 4WD,0,2
SHOCKS,345010,OZONE,VX,0,0
SHOCKS,345022,OZONE,VX,0,2
SHOCKS,343295,OZONE,VITZ,0,1
SHOCKS,348018,OZONE,DEMIO,0,1
ARM BUSH,54570-CA00,BIG,,0,0
ARM BUSH,54560-CA00,SMALL,,0,0
SHOCKS,334381,OZONE/,MURANO Z50,0,1
SHOCK,334382,,,0,0
STABILIZER LINK,SC-N150,,,0,0
STABILIZER BUSH,S4613-CA000,,,0,0
SHOCKS,344444,OZONE,TEANA,0,1
SHOCKS,3440025,OZONE/,NV 350,0,2
SHOCKS,344480,OZONE,VOXY 4WD,0,1
SHOCKS,349097,OZONE,T32,0,2
ENGINE MOUNTING L,D350-39-070,THAILAND,,0,1
RBI ARM BUSH,54542-2S610,RBI FRONT UP,"D22 2WD,4WD",0,2
SHOCKS,343487,OZONEE,FIT,0,2
SHOCKS,443184,OZONEE,VANETTE,0,4
SHOCKS,348079,OZONEE,"SWIFT 4WD ZD11S,ZD21S",0,2
SHOCKS,344440,OZONEE,GRAND VITARA,0,2
SHOCKS,3440013,OZONE/,CX-5,0,4
SHOCKS,349040,OZONEE,OUTLANDER,0,2
SHOCKS,344212,OZONE REAR,LAND CRUISER HZJ70/73,0,2
SHOCKS,343422,OZONE REAR/,VANETTE/SERENA C24,0,2
SHOCKS,344225,OZONE REAR,"PREVIA,ESTIMA",0,2
CYLINDER,8-94110-144-0,IZUMI,,0,0
SHOCKS,662002,OZONE REAR,SUNNY,0,1
SHOCKS,3410050,OZONE REAR/,SIENTA NHP170,0,2
SHOCKS,721003,OZONE FRONT,MARK X,0,1
SHOCKS,341336,OZONE/,PERIMIO/ALLION ZZT245,0,4
SHOCKS,344222,OZONE REAR,"PAJERO,SHOGUN",0,2
SHOCK MOUNTING,54320-AU701,THAILAND,,0,4
SHOCKS,333346,OZONE REAR,IGNIS/CHEVY CRUZE (HR51),0,3
KYB SHOCKS,344223,KYB REAR,"PAJERO,MONTERO",0,0
SHOCKS,340125,OZONE REAR,PRADO 150,0,2
SHOCKS,348084,OZONE REAR,"SWIFT FZ82,ZC72S,ZD72S",0,1
SHOCKS,343384,OZONE REAR,RVR,0,2
SHOCKS,348024,OZONE/,TEANNA J32,0,2
SHOCKS,341382,OZONEE,PRIUS NHW20,0,2
SHOCKS,443241,OZONEE,"HILUX LN60/65, YN60/65",0,2
STEERING DAMPER,KS 1014,OZONE,HZJ 76/79,0,1
STEERING DAMPER,KS 1005,OZONE,HILUX 4WD,0,3
STEERING DAMPER,KS 1007,OZONE,#J75,0,2
STEERING DAMPER,KS 1010,OZONE,LJ 70,0,2
STEERING DAMPER,KS 0005,OZONE,"ISUZU TFS,TFR,UBS",0,2
SHOCKS,343219,OZONE,DAIHATSU,0,2
SHOCK,SD-6435,,,0,2
SHOCKS,343076,OZONE,MITSUBISHI,0,2
SHOCKS,443056,OZONE,HILUX/SURF,0,2
SHOCKS,343287,OZONE,SUZUKI JIMNY,0,2
SHOCKS,344225,OZONE,TOYOTA ESTIMA,0,2
SHOCKS,341875,OZONE,DOEST EXIST,0,1
SHOCK,N-3608,,,0,1
SHOCK,JHT-993,,,0,2
SHOCK,JHT-562,,,0,2
THRUST WASHER,T715 (STD),TAIHO,1ZZ,0,10
TRANSMISSION SEAL,11213-28051,,,0,0
SEAL BIG,90311-75016,,,0,0
SEAL SMALL,90311-25021,,,0,0
VALVE SEAL,90913-02092,,,0,0
CABIN FILTER,27277-4BA0A,KOWA,,0,1
ELECTRIC PUMP,ZS-AH-8442 12V,,,0,1
SUSPENSION BUSH,48725-52010,PERFECT,NCP 12,0,4
MAIN BEARING,M734 (STD),TAIHO,,0,2
CON BEARING,R734 (STD),TAIHO,"1ZR,2ZR,3ZR",0,2
MAIN BEARING,M734 (0.25),TAIHO,,0,1
CON BEARING,R734 (0.25),TAIHO,"1ZR,2ZR,3ZR",0,1
JINBO SHOCKS,349024,JINBO REAR,ACA3#,0,6
CONTROL ARM UP,48770-48010,SOHQ REAR,,0,4
BRAKE DISC,42431-60311 (AP-BR-038),ALL PARTS REAR,PRADO,0,10
FR BEARING,603049/11,NIS,,0,4
BEARING,300849/11,NIS,,0,4
FUEL FILTER,MB 220900,DIGUE,,0,5
KYB SHOCKS,344460,KYB REAR,HZJ 78,0,0
KYB SHOCKS,339385,KYB FRONT,"XV,SJ5,SJD,SJG,SJ9",0,0
KYB SHOCKS,339386,KYB FRONT,"XV,SJ5,SJD,SJG,SJ9",0,0
OIL SEAL,T1176,MUSASHI,,0,8
STEERING RACK,45510-B1020,SO HQ,,0,2
BRAKE LINING,K-2042,ASIMCO,,0,1
BRAKE LINING,K-2280,ASIMCO,,0,2
STABILIZER BUSH,48815-12340,RBI,,0,0
SUSPENSION BUSH,48706-60030,,,0,0
AIR FILTER,16546-2S600,,,0,4
SHOCK MOUNTING FR,NSS-015,FEBEST,,0,1
ENGINE MOUNTING,12364-21110,THAILAND,,0,3
STABILIZER BUSH,48815-60270,GSP,,0,2
CAMBER BOLT,48409-60040,THAILAND,,0,5
TENSIONER,0187-KDN 145,FEBEST,,0,1
SHOCK MOUNTING FR,SZSS-GVJB,FEBEST,,0,1
RR ROD BUSHING,MZAB-151,FEBEST,,0,2
THAILAND,8-98193626-0,THAILAND,,0,1
RR SOIL SPRING,TOY-OZ-52752H,OZONE,"VITZ,RACTIS,AXIO",0,0
SHOCKS,334465,OZONE FRONT/,GRAND VITARA,0,1
BRAKE LINING,K-2427,CERAMIC,REVO 2WD,0,1
BEARING,6301/2RS,NIS,,0,1
BEARINGS,6303 2RS,NIS,,0,1
FAN BELT,7PK 1095,BELT,,0,0
FAN BELT,7PK 1900,BELT,,0,0
BRAKE DISC,42431-60260,ALBA REAR,HZJ 79,0,0
OIL PUMP ASSEMBLY,15100-21060,GENUINE,1NZ,0,0
CLUTCH SLAVE CYLINDER,31470-31V01,BRINFARO,VANETTE/ BONGO,0,1
BRAKE DISC,43512-0K130,SO HQ FRONT,,0,2
ARM BUSH,48655-B1010,PERFECT LOW,"AVANZA,PASSO BIG",0,4
CV JOINT,MS212QON ABS (TO-25),URW,"AE90,AE100",0,2
HEAD GASKET,11115-37051,GENUINE,2 ZR,0,1
KYB SHOCKS,333368,KYB/,VITZ/PROBOX,0,2
KYB SHOCKS,343295,KYB REAR/,VITZ/PROBOX,0,4
CO0LANT,20 LITRE,,,0,3
DIESEL FILTER,8-98147-525-0,KOWA,ISUZU ELF,0,1
BRAKE LINING,FN-2750/2350/0037,CERAMIC,VITZ/PLATZ,0,2
AIR FILTER,8-98183-797,KOWA,ISUZU ELF N/M,0,1
FUEL FILTER,8-98165375-0,KOWA,"ISUZU ELF, NISSAN ALTAS",0,1
ENGINE MOUNTING RR,11360-1HC0A,THAILAND,"MARCH,MICRA K13T",0,2
STABILIZER LINK,54617-VW000,THAILAND,E25,0,2
COIL SPRING RR,48231-52890-B,THAILAND,VITZ/YARIS/SPADE,0,4
KYB SHOCKS,554001,KYB REAR,PRADO 150,0,0
FR WHEEL BEARING,DAC 40740042,BELCOT,NZE 12,0,3
FR WHEEL BEARING,DAC 38710039,BELCOT,"VITZ NCP2#,NCP 5#,NCP 6#,SCP1#",0,6
ENGINE MOUNTING BUSH,11220-EN00A,FROTISE REAR LEFT,"SERENA C25, X-TRAIL T31, QASHQAI J10",0,3
CLUTCH CYLINDER KIT,,,,0,0
CV JOINT,T0-74,GSP,,0,1
CV JOINT,T0-074,HDK,VX,0,2
BRAKE LINING,K-2350,MK,,0,1
BALL JOINT,SB 3831,555,GX 100,0,4
ARM BUSH,MZAB-CX5B,FEBEST,CX 8,0,2
SO.HQ HUB,3DACF027F-11SF (42450-12090/02140/12030),SO.HQ HUB,,0,2
STABILIZER LINK,SL-H130,555,FREED,0,9
TIMING BELT,124Y26 (13568-19106,GMB,4E,0,2
PUMP,,,,0,0
BRAKE PADS,D-2393H,MK,LC 300,0,1
BRAKE PADS,D-2390MH,MK,LC 300,0,1
OVERHAUL GASKET,04111-67025,G.P,1KZ,0,0
SUSPENSION BUSH,48702-60060,RBI SUSPENSION BUSH,LAND CRUISER,0,0
GEARBOX MOUNTING,MRP2585,,,0,0
BEARING,32009,KOYO,,0,2
DRIVE SHAFT BOOT,43448-28051,PERFECT,"WISH, ALPHARD",0,16
OIL SEAL,T1262 (FR),"3L,5L",,0,5
CLUTCH MASTER CYLINDER,30610-01N10,SETEX (TAIWAN),,0,1
STABILIZER LINK,SL-3845 (48830-60030),TAIWAN,PRADO 120,0,4
STABILIZER LINK,54616-B9700,PERFECT,E24,0,4
BRAKE DISC,43512-20710,ALBA,PREMIO ZRT260,0,1
WATER PUMP,GWN-76A,GMB,TD22,0,1
TIE ROD END,SE-4821,555,SAHARA D22,0,2
TIE ROD END,SE-4822,555,SAHARA D22,0,2
BRAKE DISC,40206-AX000,ALBA,TIIDA,0,2
ARM BUSH,54560-01G00,PERFECT LOW,"E24, SAHARA",0,2
SPRING BUSH,54476-01G00,RBI,,0,4
STABILIZER BUSH,54613-W1410,RBI,,0,24
BALL JOINT,SB-4821,555,,0,7
OIL FILTER,8-97049-708-1,KOWA,DMAX,0,4
BULB,H1 12V,,,0,0
AIR FILTER,TF02F04,JAPAN,,0,2
OIL FILTER,TF06D09,JAPAN,,0,2
BRAKE PADS,TL05A09,JAPAN,,0,2
ARM BUSH,KD35-34-470,PERFECT LOW,CX5,0,12
BEARING,DU4080,KOYO,PRADO 95,0,4
BRAKE WHEEL CYLINDER,47550-30100,TEX,3L/5L,0,7
C.M.C,30610-VW00B,TEX,E25,0,2
TIE ROD END,SE-N941,TAHILAND,,0,2
BRAKE DISC,43512-35210,,,0,6
GEARBOX FILTER,35330-60020,,,0,0
RACK END,SR-T540,555,COROLLA,0,4
BRAKE DRUMS,42431-12201,,,0,4
KYB SHOCKS,338001,KYB FRONT/,HONDA FIT,0,1
CABIN FILTER,D651-61-J6X,DIGUE,,0,8
BRAKE DISC,04947-35050,FRONT,,0,2
AIR FILTER,ZJ01-13-Z40,KOWA,,0,4
FAN BELT,A57 C,,,0,2
TIE ROD END,SS-4820,,D22- 2WD,0,3
JINBO SHOCKS,338096,JINBO FRONT/,SUZUKI ALTO,0,2
JINBO SHOCKS,338097,JINBO FRONT/,SUZUKI ALTO,0,2
WHEEL BEARING,40BWD15A,NSK FRONT,B15/WINGROAD/ADVAN/TIIDA,0,0
FAN BELT,7PK 1955,BELT,,0,0
BRAKE DISC,55611-77K01,SO HQ,,0,0
STABILIZER BAR BUSH,MSB-737,FEBEST REAR,D15,0,6
STABILIZER BAR BUSH,MSB-CS5WF,FEBEST FRONT,D25,0,12
SHOCK MOUNTING,NSS-033 FR L,FEBEST,,0,3
SHOCK MOUNTING,NSS-032 FR R,FEBEST,,0,3
DIFF MOUNT BUSH KIT,MAB-CU20DM-KIT,FEBEST,,0,2
RR BUSHING,MZAB-CX5B,FEBEST,,0,10
TENSIONER,16620-36010 (16620-0V020),SO HQ,,0,2
RACK END,SR-7700,555,,0,2
RACK END,SR-T360 (45503-02200),555,,0,4
BEARING,63032RS,KOYO,,0,12
FUEL PUMP,23300-0L042,,,0,0
RBI ARM BUSH,MR 519127,RBI REAR BIG,,0,8
RBI ARM BUSH,48702-35050,RBI REAR BIG,PRADO 95,0,12
BEARING,DAC4075W-3CS73 [40*75*39],KOYO FRONT,,0,4
BALL JOINT,SB-3561,555,PRADO 95,0,2
DIFF MOUNTING,41651-30060,THAILAND,GX110,0,0
DIFF MOUNTING,41651-30070,THAILAND,GX110,0,2
AIR FILTER,17801-28010,KOWA,RAV 4 N/M,0,9
BRAKE PADS,KD 2098,ALL PARTS,"250,300 SERIES",0,2
BRAKE PADS,KD 2099,ALL PARTS,"250,300 SERIES",0,2
AIR FILTER,17801-31180,ALL PARTS,250,0,3
SHOCKS,333198,OZONE/,ST 190,0,1
KYB SHOCKS,333197,KYB/,"PREMIO, CORONA",0,1
KYB SHOCKS,333198,KYB/,"PREMIO, CORONA",0,2
FAN BELT,6PK-1650,BELT,,0,0
LINING LOCKS,04947-35050,GP,,0,0
SPARK PLUGS,ILKAR7L11 (PE5R-18-110),MAZDA GP,,0,0
GEARBOX MOUNTING,11710-65J00,,,0,2
RACK ENDS,SR-7660,555,,0,4
ARM BUSH,SZAB-026,FEBEST TRANSVERSE REAR,,0,2
AIR FILTER,16546-9S000,,,0,3
V.BELT,AX29,POWEROP,,0,1
CVT FLUID,GREEN 2,ECSTAR,,0,0
OVERHAUL GASKET,04111-67023,,,0,0
CROSSMEMBER BUSHING,SAB-020,FEBEST REAR,,0,2
BALL JOINT,51350-T5A-J01-J,THAILAND,,0,2
CV JOINT,T0 85,JOKITO,,0,2
ENGINE MOUNTING RR,12371-0L210,THAILAND,,0,4
DIFF MOUNT BUSH,SZAB-046,FEBEST FRONT,,0,1
CON BEARING,R1056A (STD),TAIHO,HR15DE,0,2
PISTON RINGS,36036,TP,,0,2
AIR FILTER,17801-70050,KOWA,MARK 2,0,10
FAN BELT,5PK 1650,BELT,,0,1
SHOCKS,344815,OZONE/,AVENSIS,0,1
SHOCKS,344816,OZONE/,JUKE,0,1
V BELT,AX31,,,0,1
BELT,BX38,,,0,1
DIESEL FILTER,FS0072,JS,,0,2
OIL SEAL,90310-35001 (T1008),GENUINE,,0,4
KYB SHOCKS,3330045,KYB FRONT/,"FIT EX,LX,GK,GM",0,1
KYB SHOCKS,3330046,KYB FRONT/,"FIT EX,LX,GK,GM",0,1
TIE ROD END,SE-3981R,555,MARK 2 GX110,0,1
TIE ROD END,SE-3981L,555,MARK 2 GX110,0,2
TIE ROD END,SE-T481R,555,,0,5
TIE ROD END,SE-T481L,555,,0,1
BALL JOINT,SB-T082,555,RUSH,0,4
RR SHOCK,48531-69795,SHIELD,HZJ78/79,0,6
SHOCKS,339817,OZONE,ZRE,0,1
COIL SPRING FR,48131-12F00-B,,,0,6
THERMOSTAT,21230-3RC0A,,,0,1
OIL SEAL,33114-4BA0B,,,0,1
OIL SEAL,33142-4BA0A,,,0,1
SHOCKS,334380,OZONE FRONT/,MURANO Z50,0,1
SHOCKS,339188,OZONE,MURANO Z51,0,1
BRAKE PADS,D 7059,INKK,,0,1
WHEEL CYLINDER,KY20125,REAR,,0,1
OIL SEAL,40533-01J00,,,0,1
OIL SEAL,31375-1XF000,,,0,1
OIL SEAL,90310-58003,,,0,1
STABILIZER BAR BUSH,TSB-827,FEBEST REAR,,0,3
KYB SHOCKS,334324,KYB/,"NZE,WISH",0,2
ARM BUSH,48654-0D080,FRONT LOW BIG,,0,2
STABILIZER BUSH,54018-W1410,RBI,,0,0
SHOCKS,721002,OZONE,MARK X,0,1
SHOCKS,339211,OZONE,LEXUS,0,1
SHOCKS,334394,OZONE/,HARRIER,0,1
SHOCKS,334437,OZONE,WISH O/M,0,3
SHOCKS,339340,OZONE FRONT,ISIS,0,1
SHOCKS,339005,OZONE FRONT,ISIS,0,5
SHOCKS,339210,OZONE FRONT,LEXUS,0,2
SHOCKS,334436,OZONE,WISH,0,2
SHOCKS,339006,OZONE,ISIS,0,3
SHOCKS,339230,OZONE,LEXUS,0,2
SHOCKS,340062,OZONE FRONT,V8,0,2
SHOCKS,341815,OZONE FRONT,AVENSIS,0,1
SHOCKS,333107,OZONE,ST 190,0,4
SHOCKS,334173,OZONE,IPSUM,0,2
SHOCKS,341288,OZONE FRONT,MARK 2,0,1
SHOCKS,341308,OZONE FRONT,MARK 2,0,2
SHOCKS,3350043,OZONE FRONT/,ALPHARD,0,1
SHOCKS,334482,OZONE FRONT,RAV 4,0,2
SHOCKS,339067,OZONE FRONT/,ZRE,0,2
SHOCKS,341194,OZONE/,B14,0,2
SHOCKS,333209,OZONE FRONT,EP 82,0,3
SHOCKS,551129,OZONE FRONT,MARK X,0,1
SHOCKS,338077,OZONE/,RUSH,0,3
SHOCKS,333210,OZONE FRONT,EP 82,0,4
SHOCKS,333496,OZONE FRONT,RUSH,0,3
SHOCKS,334262,OZONE FRONT,HARRIER,0,3
SHOCKS,334320,OZONE/,AVENSIS/IPSUM/VOXY,0,1
SHOCKS,339066,OZONE FRONT/,AURIS,0,2
SHOCKS,339135,OZONE,IST/VITZ,0,1
SHOCKS,334261,OZONEE,HARRIER,0,3
SHOCKS,334483,OZONE,RAV 4,0,2
SHOCKS,3350042,OZONE/,ALPHARD,0,1
SHOCKS,551128,OZONE,MARK X,0,1
SHOCKS,334264,OZONE,HARRIER,0,4
SHOCKS,334263,OZONE,HARRIER,0,1
SHOCKS,339115,OZONE,NZE,0,2
SHOCKS,333309,OZONE FRONT/,B15,0,2
SHOCKS,338067,OZONE,NOTE,0,2
SHOCKS,339229,OZONE,TEANA,0,1
SHOCKS,332028,OZONE,B12,0,2
SHOCKS,332029,OZONE,B12,0,2
SHOCKS,340053,OZONE,NAVARA,0,2
SHOCKS,333238,OZONE,B14,0,3
SHOCKS,339197,OZONE,QASHQAI,0,2
SHOCKS,339755,OZONE,JUKE,0,3
SHOCKS,339754,OZONE,JUKE,0,4
GLOW PLUGS,PM-165,HKT,,0,0
BEARING,LM603011,,,0,0
BEARING,LM300811,,,0,0
FUEL PUMP,76400-5S91A,,,0,0
SHOCKS,333089,OZONE FRONT,B13,0,2
SHOCKS,333239,OZONE FRONT,B14,0,1
SHOCKS,333311,OZONE,WINGROAD,0,1
SHOCKS,340067,OZONE,NAVARA,0,2
SHOCKS,339196,OZONE,NISSAN DUALIS,0,2
SHOCKS,339226,OZONE,IMPREZA,0,2
SHOCKS,339227,OZONE,IMPREZA,0,2
SHOCKS,331049,OZONE,CRV,0,1
SHOCKS,331048,OZONE,CRV,0,1
SHOCKS,338001,OZONE/,FIT,0,2
SHOCKS,3330046,OZONE,FIT,0,1
SHOCKS,3330045,OZONE,FIT,0,1
SHOCKS,339261,OZONE,RE4/7,0,2
SHOCKS,339262,OZONE,RE4/7,0,2
SHOCKS,339365,OZONE,RE4,0,1
SHOCKS,333414,OZONE/,Mazda Demio,0,1
SHOCKS,339820,OZONE,PREMACY,0,2
SHOCKS,339155,OZONE,CX 9,0,1
SHOCKS,339144,OZONE,CX 9,0,2
SHOCKS,334700,OZONE FRONT,AXELA / PREMACY,0,2
SHOCKS,339821,OZONE,PREMACY,0,2
SHOCKS,338094,OZONE,SWIFT,0,2
SHOCKS,333408,OZONE,SWIFT,0,4
SHOCKS,338095,OZONE,SWIFT,0,3
SHOCKS,333381,OZONE,MIRAGE/CEDIA,0,2
SHOCKS,341141,OZONE,LANCER,0,8
SHOCKS,341071,OZONE,LANCER,0,4
SHOCKS,334490,OZONE FRONT,COLT,0,2
SHOCKS,339118,OZONE FRONT,LANCER,0,1
SHOCKS,341142,OZONE FRONT,LANCER,0,7
SHOCKS,341398,OZONE FRONT,VIGO 2WD,0,2
SHOCKS,333108,OZONE,ST 190,0,2
SHOCKS,339024,OZONEE,RAV 4,0,1
SHOCKS,335086,OZONEE,AURIS,0,1
SHOCKS,339231,OZONEE,LEXUS,0,1
SHOCKS,339026,OZONEE,CAMRY ACV40,0,1
IDLER ARM,SI-4820,JAPAN 555,,0,1
ENGINE MOUNTING,11610-78K00,RBI,SUZUKI,0,0
KYB SHOCKS,334384,KYB REAR/,HARRIER,0,1
KYB SHOCKS,334385,KYB REAR/,HARRIER,0,1
HEAD GASKET,11115-30040,TOYOTA,1 AZ,0,1
FUEL PUMP,16401-VC10C,KOWA,,0,2
SHOCKS,332137,OZONE FRONT/,MIRA,0,2
SHOCKS,332138,OZONE FRONT/,MIRA,0,2
COIL SPRING RR,TOY-OZ-61582H,OZONE,PRADO KZJ 95,0,4
KYB SHOCKS,341398,KYB FRONT,VIGO 2WD,0,1
KYB SHOCKS,341397,KYB FRONT/,VIGO 2WD,0,1
FUEL FILTERS,23390-0L041,KOWA,VIGO,0,0
BALL JOINT,SB-3561 (43310-39016),TAIWAN,PRADO 95,0,6
CON BEARING,R720A (0.75),TAIHO,1KZ1KD,0,2
CENTER BEARING,37521-W1025,KOWA,SAHARA,0,4
AIR FILTER,16546-6A00B,KOWA,NISSAN,0,5
RR GEARBOX MOUNTING,12371-BZ080,THAILAND,TOWNACE S402,0,2
OVERHAUL GASKET,04111-31040,1 GR,,0,0
AIR FILTER,17801-87402,DIGUE,,0,5
HEAD GASKET,11115-54130,GENUINE,,0,0
ARM BUSH,TK48-34-470A,THAILAND FRONT SMALL,"MAZDA6,3, CX 5",0,10
ARM BUSH,48654-02050,THAILAND LOW SMALL,"AURIS, COROLLA, HARRIER, ZSU65,ZRE152, ZRE18,RAV 4",0,6
STABILIZER BUSH,48815-20290,THAILAND,"WISH, PREMIO",0,26
RACK END,SE-T081 (45503-BZ050),THAILAND,"RUSH J200, J210E 4WD",0,6
COIL SPRING FR,48131-12F00,THAILAND,"COROLLA, AXIO, FEILDER ZRE16, NRE160,NZE16",0,2
BRAKE MASTER CYLINDER,47201-3D060 (ALUMINIUM),THAILAND,"HILUX YN85, LN 145,166",0,1
VALVE SEAL,90913-02111,GENUINE,,0,2
ENGINE MOUNTING BUSH,12371-21240B,THAILAND FRONT,NZE 141/XRE142/ZRT260,0,4
ARM BUSH,48075-30020B,THAILAND LOW BIG,MARK X GRX 120,0,6
ENGINE MOUNTING L,DA6D-39-070A,THAILAND,DEMIO DJ P5,0,2
SHOCK MOUNTING FR,48609-28050,THAILAND,NOAH/VOXY/WISH,0,2
TIE ROD END,SE-7641 (48810-79J01),THAILAND,SX4,0,4
SHOCKS,334269,OZONE FRONT,HARRIER,0,1
SHOCKS,339700,OZONE,AURIS,0,1
SHOCKS,334319,OZONE/,AVENSIS/PCNIC/IPSUM,0,1
SHOCKS,334815,OZONE,AVENSIS,0,3
SHOCKS,339025,OZONE FRONT,AURIS,0,1
SHOCKS,341422,OZONE FRONT,MARK 2,0,2
SHOCKS,341318,OZONE FRONT/,LANCER,0,2
SHOCKS,339242,OZONE,PRIUS,0,2
SHOCKS,334172,OZONE,IPSUM,0,1
SHOCKS,334331,OZONE,RAV 4,0,1
SHOCKS,334816,OZONE,AVENSIS,0,3
SHOCKS,339281,OZONE,LEXUS,0,2
SHOCKS,339282,OZONE,LEXUS,0,2
SHOCKS,335087,OZONE,BLADE,0,0
SHOCKS,334270,OZONE,PASSO,0,1
SHOCKS,334289,OZONE,CORONA 4WD,0,1
SHOCKS,339816,OZONE,AVENSIS,0,1
SHOCKS,334384,OZONE/,HARRIER,0,1
HEAD GASKET,11115-11070,ERISTIC,,0,1
TIE ROD END,SE-T531,,,0,2
STABILIZER BUSH,48815-33060,,,0,4
RBI ARM BUSH,48655-22010,RBI LOWER BIG,MARK 2,0,4
RBI ARM BUSH,MN100109B,RBI REAR BIG,"CEDIA CS3,5,9",0,6
BRAKE DISC,43512-60180,ALBA FRONT,UZJ 200,0,8
SHOCKS,338068,OZONE,NISSAN NOTE,0,3
SHOCKS,3340191,OZONE,NV200,0,2
SHOCKS,3340190,OZONE,NV200,0,2
SHOCKS,338074,OZONE,SERENA,0,3
SHOCKS,341442,OZONE,FUGA,0,1
SHOCKS,341441,OZONE,FUGA,0,1
SHOCKS,338072,OZONE,CUBE,0,1
SHOCKS,338073,OZONE,SERENA,0,3
SHOCKS,333748,OZONE,NOTE,0,3
SHOCKS,333747,OZONE,NOTE,0,4
SHOCKS,338071,OZONE,CUBE,0,1
SHOCKS,333396,OZONE,K 12,0,1
SHOCKS,339228,OZONE,SYLPHY,0,1
WIPER BLADES,SK14,SAKURA,,0,8
WIPER BLADES,SK16,SAKURA,,0,6
WIPER BLADES,SK14FAE,SAKURA,,0,3
WIPER BLADES,SK20,SAKURA,,0,2
WIPER BLADES,SK22E,SAKURA,,0,4
WIPER BLADES,SK24,SAKURA,,0,16
WIPER BLADES,SK26,SAKURA,,0,4
SHOCKS,339122,OZONE,IMPREZA,0,1
SHOCKS,334375,OZONE/,LEGACY,0,1
SHOCKS,334342,OZONE/,FORESTOR N/M,0,2
SHOCKS,339412,OZONE,XV,0,2
SHOCKS,339121,OZONE,IMPREZA,0,1
SHOCKS,339413,OZONE REAR,XV,0,2
SHOCKS,334114,OZONE,IMPREZA 4WD,0,1
SHOCKS,339169,OZONE/,FORESTOR N/M,0,2
SHOCKS,334276,OZONE REAR/,LEGACY,0,1
SHOCKS,334343,OZONE/,FORESTOR N/M,0,2
SHOCKS,334374,OZONE REAR/,LEGACY,0,1
SHOCKS,341353,OZONE,OUTBACK,0,4
SHOCKS,3330100,OZONE,EVERY,0,1
SHOCKS,334358,OZONE,IMPREZA GD9,0,1
SHOCKS,334372,OZONE,IMPREZA,0,1
SHOCKS,341216,OZONE,LEONE,0,2
SHOCKS,334300,OZONE,IMPREZA,0,1
SHOCKS,334301,OZONE FRONT,IMPREZA,0,1
SHOCKS,334274,OZONE FRONT,LEGACY,0,1
SHOCKS,341354,OZONE,LEGACY DL,0,3
SHOCKS,334113,OZONE,IMPREZA,0,1
DRIVE SHAFT BOOT,04438-0A020,KOWA INNER,PROBOX,0,6
SHOCKS,341251,OZONE,SHOGUN,0,4
SHOCKS,339170,OZONE/,FORESTOR,0,2
SHOCKS,334275,OZONE/,LEGACY,0,1
SHOCKS,334273,OZONE,IMPREZA,0,1
SHOCKS,341275,OZONE,LEGACY,0,3
SHOCKS,341260,OZONE,CRV,0,3
SHOCKS,340114,OZONE/,CRV,0,2
SHOCKS,333487,OZONE,STREAM,0,3
SHOCKS,333331,OZONE,FIT,0,2
SHOCKS,333486,OZONE,STREAM,0,1
SHOCKS,333410,OZONE,FIT,0,1
SHOCKS,3330104,OZONE,AIRWAVE,0,2
SHOCKS,3330103,OZONE,AIRWAVE,0,2
SHOCKS,341469,OZONE/,CRV,0,2
SHOCKS,339366,OZONE,RE4/6,0,2
SHOCKS,333411,OZONE,CRV,0,1
SHOCKS,333332,OZONE,FIT,0,1
SHOCKS,341492,OZONE,RE 4,0,4
SHOCKS,339140,OZONE,CX 9,0,2
SHOCKS,339141,OZONE,CX 9,0,2
SHOCKS,3340036,OZONE,AXELA,0,4
SHOCKS,339156,OZONE,CX 7,0,1
SHOCKS,3340035,OZONE,AXELA,0,2
SHOCKS,332154,OZONE,ALTO,0,3
SHOCKS,332155,OZONE,ALTO,0,3
SHOCKS,333355,OZONE,LEANA,0,1
SHOCKS,334016,OZONE,VITARA,0,2
SHOCKS,332151,OZONE,ALTO,0,2
SHOCKS,333409,OZONE,SWIFT,0,2
SHOCKS,332150,OZONE,ALTO,0,1
SHOCK,334015,OZONE,VITARA,0,2
SHOCKS,339125,OZONE/,OUTLANDER,0,1
SHOCKS,333382,OZONE/,CEDIA,0,2
SHOCKS,333090,OZONE,LANCER CS1,0,2
SHOCKS,341145,OZONE,GALANT,0,2
SHOCKS,331014,OZONE,MIRAGE,0,1
SHOCKS,339124,OZONE/,OUTLANDER,0,1
SHOCKS,341140,OZONE,LANCER,0,6
SHOCKS,339253,OZONE,OUTLANDER,0,1
SHOCKS,333124,OZONE,LANCER CS,0,4
SHOCKS,339117,OZONE,LANCER CS 5,0,2
SHOCKS,333289,OZONE,LANCER CS,0,1
SHOCKS,332112,OZONE,LANCER,0,2
SHOCKS,332113,OZONE,LANCER,0,3
SHOCKS,333125,OZONE,LANCER,0,5
SHOCKS,333288,OZONE FRONT,LANCER CK2,0,1
CV JOINT,NIS-OZ-116,OZONE,NOTE,0,2
ENGINE MOUNTING R,12361-BZ120,THAILAND,,0,2
ENGINE MOUNTING,12305-0M020,THAILAND,,0,0
SEAL,11193-37020,GP,,0,0
RBI ARM BUSH,54525-AX002L,RBI,TIIDA,0,2
KYB SHOCKS,343465,KYB/,TIIDA,0,4
PRESSURE PLATE,31210-60300,GENUINE,,0,1
CLUTCH PLATE,31250-60470,GENUINE,,0,0
RELEASE BEARING,31230-60260,GP,,0,1
PILOT BEARING,15BCU4SI8SSU,,,0,0
HEAD GASKET,11115-28020,GP,,0,0
MAIN BEARING,M121H (STD),TAIHO,,0,1
CON BEARING,R121H (STD),TAIHO,,0,1
THRUST WASHER,T121H (STD),TAIHO,,0,1
PISTON RINGS,33939 (STD),TAIHO,,0,1
MAIN BRG,M707A - 0.75,TAIHO,1 HZ,0,1
RACK END,SR-N220,555,SERENA C25,0,2
BALL JOINT,SB-3812,TAIWAN,L/C HDJ101/UZJ100/FZJ100,0,4
FR SPRING SHACKLE RUBBER,90385-T0003,PERFECT,,0,16
CV JOINT,T0-82,URW,PROBOX N/M,0,4
C.V JOINT,21-02123N,URW,"HILUX, VIGO",0,2
SUSPENSION BUSH,55045-EE500,PERFECT,,0,6
ENGINE MOUNTING,12363-0M090,PERFECT,"BELTA,VITZ",0,3
OIL PUMP ASSEMBLY,15100-16040,,"5AFE,4AFE,7AFE",0,0
SPARK PLUGS,K20RU11 (90919-01184),(VERSATILE) TOYOTA SPARK PLUGS,,0,2
JINBO SHOCKS,341251,JINBO/,PAJERO SHOGUN,0,2
BRAKE PADS,AF-462,CERAMIC,SUBARU,0,4
WHEEL CYLINDER,47570-47010,,,0,1
WHEEL CYLINDER,47550-16030,THAILAND,,0,4
BRAKE PADS,AF-791,CERAMIC,MAZDA6/ AXELA,0,4
PRESSURE PLATE,CTX 160,AISIN,,0,3
SILICONE,,TOYOTA,,0,46
SHOCKS,341355,OZONE/,DMAX,0,2
SHOCKS,341348,OZONE/,LANCER CEDIA,0,2
SHOCKS,341251,OZONE,MITSUBISHI SPACE RUNNER,0,1
SHOCKS,339254,OZONE,"OUTLANDER SPORTS,RVR ,ASX",0,1
SHOCKS,334328,OZONE,RVR,0,1
SHOCKS,341368,OZONE,LANCER,0,2
SHOCKS,341449,OZONE,MAZDA 6,0,2
SHOCKS,333354,OZONE,LIANA,0,1
SHOCKS,341450,OZONE FRONT,"MAZDA 6, ATENZA",0,2
SHOCKS,334094,OZONE,PREVIA,0,2
SHOCKS,334422,OZONE,SERENA C24,0,1
SHOCKS,333347,OZONE,IGNIS,0,3
SHOCKS,331015,OZONE,PRIMERA,0,1
SHOCKS,3330099,OZONE,EVERY,0,1
SHOCKS,333266,OZONE,DEMIO DW,0,3
SHOCKS,3320014,OZONE/,MIRAGE,0,6
SHOCKS,333267,OZONE,DEMIO DW,0,2
STABILIZER BUSH,48518-60020,,,0,0
SPARK PLUGS,DILKAR6A11,,,0,0
KYB SHOCKS,334331,KYB,RAV 4,0,0
KYB SHOCKS,334332,KYB,RAV 4,0,0
STABILIZER BUSH,48815-0K090,RBI,,0,2
HYDRAULIC OIL 20L,S32,,,0,0
STABILIZER BUSH,4156A028,RBI,,0,6
ENGINE OIL,15W-40 5L,TESON,,0,17
ENGINE OIL,20W-50 4L,ASTON,,0,12
CVT FLUID,HCF-3 4L,HONDA,,0,0
THERMOSTAT,90916-03084,GP,,0,0
WATER PUMP,GWN-90A,GMB,,0,3
HYDRAULIC OIL,68 20L,,,0,2
ARM BUSH,SAB-023,FEBEST FRONT LOW SMALL,,0,2
THERMOSTAT,90916-03129,,,0,2
PRESSURE PLATE,MZC 531,,MAZDA BONGO/ VANETTE 225MM,0,1
TENSIONER,16620-0S012,SO HQ,,0,2
KYB SHOCKS,334370,KYB,FORESTOR XT,0,0
KYB SHOCKS,334371,KYB,FORESTOR XT,0,0
ARM BUSH,MAB-136,FEBEST REAR TRAILING,,0,2
SHOCKS,335041,OZONE,RAV 4,0,1
SHOCKS,340124,OZONE REAR,PRADO 150,0,4
SHOCKS,339341,OZONE REAR,ISIS,0,1
SHOCKS,341120,OZONE REAR,PRIMERA,0,2
SHOCKS,339022,OZONE REAR,TERIOS,0,1
SHOCKS,334346,OZONE REAR,VISTA,0,1
SHOCKS,339243,OZONE REAR,PRIUS,0,2
SHOCKS,334347,OZONE REAR,VISTA,0,1
SHOCKS,339023,OZONE REAR,LEXUS,0,1
SHOCKS,230508,OZONE,TOWNACE,0,1
SHOCKS,339189,OZONEE,MURANO,0,1
RBI ARM BUSH,54570-EN002,RBI,T32,0,12
SEAL,38342-8E000,,,0,0
KYB SHOCKS,338075,KYB/,NISSAN VANETTE C25,0,1
KYB SHOCKS,338076,KYB/,NISSAN VANETTE C25,0,1
NSK BEARINGS,37BWD07,NSK,,0,0
ENGINE MOUNTING,12305-B1100,THAILAND,,0,2
VALVE SEAL,13207-50Y00,GP,,0,0
OIL SEAL,38*52*7,,,0,2
GREASE 15KG RED,,,,0,1
KYB SHOCKS,339816,KYB/,AVENSIS,0,1
KYB SHOCKS,339817,KYB/,AVENSIS,0,1
KYB SHOCKS,334319,KYB/,"IPSUM, NOAH AZR60",0,1
KYB SHOCKS,334320,KYB/,"IPSUM, NOAH AZR60",0,1
KYB SHOCKS,343435,KYB/,ESCUDO RR,0,8
KYB SHOCKS,343434,KYB/,PROBOX RR,0,8
GEARBOX MOUNTING,11360-ED000,PERFECT,"TIIDA,LATIO",0,6
STABILIZER LINK,48820-42020,PERFECT,RAV 4,0,4
STABILIZER LINK,48820-42020 (LONG),RBI,RAV 4,0,3
RBI ARM BUSH,B32H-34-350B,RBI LOW BIG,"MAZDA 3,AXELA,PREMACY",0,2
ARM BUSH,B32H-34-350B,PERFECT LOW BIG,"MAZDA 3,AXELA,PREMACY",0,2
STABILIZER BUSH,54613-CY00A,PERFECT,SERENA C25,0,6
STABILIZER LINK,SL-1650 (BP4K-34-170),TAIWAN,"PREMACY,DEMIO,AXELA",0,4
RBI ARM BUSH,48654-12050,RBI LOW SMALL,AE 90,0,6
TIE ROD END,45046-19175,555,"AE90,100",0,4
TIE ROD END,45046-19175,TAIWAN,"AE90,100",0,7
SHOCKS,3330055,OZONE,NV 200,0,1
SHOCKS,334404,OZONE,TEANA J31,0,1
SHOCKS,341358,OZONE,ADVAN,0,1
SHOCKS,334107,OZONE FRONT,LEGACY,0,1
SHOCKS,331013,OZONE FRONT,STREAM,0,4
SHOCKS,339027,OZONE FRONT,STEP WAGON,0,2
SHOCKS,331012,OZONE FRONT,STREAM,0,3
SHOCKS,341114,OZONE,"LANCER,ECLIPSE",0,1
SHOCKS,333475,OZONE,"FIT, JAZZ",0,1
SHOCKS,341488,OZONE/,CRV,0,2
SHOCKS,341463,OZONE FRONT/,CRV,0,2
SHOCKS,333467,OZONE FRONT,"FIT,JAZZ,CITY",0,1
SHOCKS,341261,OZONE,CRV,0,2
SHOCKS,334359,OZONE,IMPREZA,0,1
SHOCKS,334363,OZONE/,T 30,0,1
ENGINE MOUNTING,11210-CY01A,THAILAND,,0,0
SHOCKS,334362,OZONE,T30,0,0
SHOCKS,334108,OZONE REAR,LEGACY,0,1
SHOCKS,341214,OZONE,LEONE,0,1
SUSPENSION BUSH,48725-28050,PERFECT,,0,0
SHOCKS,334259,OZONE,PREMACY,0,2
SHOCKS,341323,OZONE,DEMIO,0,4
SHOCKS,339028,OZONE,STEP WAGON,0,2
SHOCKS,339145,OZONE,"MAZDA MPV,8",0,2
SHOCKS,334260,OZONE,PREMACY,0,3
SHOCKS,333292,OZONE,MAZDA 323,0,3
SHOCKS,333293,OZONE,MAZDA 323,0,3
SHOCKS,3358008,OZONE,"VITARA,SX4",0,1
SHOCKS,333351,OZONE,"323, PREMACY",0,1
SHOCKS,333290,OZONE FRONT,"LANCER,COLT,MIRAGE",0,1
SHOCKS,341082,OZONE,STARLET,0,1
SHOCKS,339080,OZONE,OUTLANDER,0,1
SHOCKS,3340046,OZONE FRONT/,OUTLANDER,0,1
SHOCKS,334360,OZONE FRONT,T 30,0,1
SHOCKS,339081,OZONE,OUTLANDER,0,1
SHOCKS,334361,OZONE,T 30,0,1
SHOCKS,334403,OZONE,TEANA J31,0,1
SHOCKS,341342,OZONE,LANCER ES,0,3
SHOCKS,333291,OZONE REAR,"LANCER,ODESSY",0,1
SHOCKS,334327,OZONE REAR,RVR,0,1
SHOCKS,3358007,OZONE REAR,"VITARA, SX4",0,1
SHOCKS,334093,OZONE,PREVIA,0,2
ENGINE MOUNTING FR,11210-ED800,THSILSND,"TIIDA C11, WINGROAD Y12 MR18DE",0,2
BRAKE PADS,CD 3114 (CD8188),DAIWA,MAZDA TRIBUTE,0,1
ENGINE MOUNTING RR,12371-28080,RBI,WISH,0,0
KYB SHOCKS,443238,KYB/,HARDBODY PICK UP,0,4
HEAD GASKET,11044-EN201,G.P,NISSAN,0,4
BRAKE DISC,43512-60140,FRONT,,0,0
HEAD GASKET,11115-17010,GENUINE,1HZ,0,2
TOYOTA IGNITION COIL,90919-02248,TOYOTA,,0,1
OIL SEAL,90311-38032,GP,,0,1
OVER HAUL GASKET,04111-21030,,,0,0
STORN GARD,STORN GARD,,,0,0
TOP COVER GASKET,PE7W-10-235,,,0,0
ENGINE MOUNTING,11210-CY10A,THAILAND,,0,1
WATER PUMP,GWT-160AM,GMB,"MARK X 2GR-FSE,4GR-FSE,3GR-FE,2GR-F,5GR-FE",0,2
RBI ARM BUSH,20201-FA060,RBI LOW BIG,LEGACY,0,8
HUB BEARING,42410-42040,,,0,6
CV JOINT,FU-33,,SUBARU BP5/BPE,0,2
BRAKE DISC,AP-BR-030,ALL PARTS REAR,VX,0,10
OIL SEAL,T1191,MUSASHI,,0,3
BALL JOINT,SB-2722 (43330-39195),555,HILUX 4WD LN 106,0,2
H7 BULB,H7,,,0,1
STEERING DAMPER,45700-69175,SHEILD,,0,1
IGNITION COIL,90919-02234,THAILAND,,0,1
CV JOINT,28393-AG033-1,OZONE,,0,2
CV JOINT,28393-AG002,JOKITO,SUBARU,0,3
BRAKE LINING,46530-60020,POWERKING,,0,4
TOYOTA CABIN FILTER,87139-60030,TOYOTA,,0,1
TOYOTA FUEL FILTER,23309-52060,TOYOTA,,0,0
BRAKE PADS,AF-686,CERAMIC,"DEMIO,VERSIA,FIESTA",0,2
KYB SHOCKS,444058,KYB REAR,ISUZU,0,0
TIE ROD END,SE-T201R,555,TOWNACE 4WD,0,2
TIE ROD END,SE-T201L,555,TOWNACE 4WD,0,1
BALL JOINT,SB-6642,555,"LEGACY,FORESTOR",0,14
TIE ROD END,SE-6651,555,SUBARU,0,4
STABILIZER LINK,SL-6730,555,"LEGACY BR9,SJ5",0,6
KYB SHOCKS,332152,KYB FRONT/,"K13,NOTE",0,2
KYB SHOCKS,332153,KYB FRONT/,"K13,NOTE",0,2
FEED PUMP,23300-0L041,G.P,VIGO,0,1
RBI ARM BUSH,54560-VW000 (54501-3XA0A),RBI LOW SMALL,E25,0,4
KYB SHOCKS,3330083,KYB FRONT/,"DEMIO DJ,MAZDA2,YR2016",0,1
KYB SHOCKS,3330084,KYB FRONT/,"DEMIO DJ,MAZDA2,YR2016",0,1
JINBO SHOCKS,334400,Jinbo/,HARRIER,0,1
JINBO SHOCKS,340036,Jinbo/,ACCORD,0,1
KYB SHOCKS,333308,KYB FRONT/,"SUNNY,B15,WINGROAD",0,2
KYB SHOCKS,333309,KYB FRONT/,"SUNNY,B15,WINGROAD",0,1
KYB SHOCKS,3340113,KYB FRONT/,"RAV 4 ACA 20,21",0,2
KYB SHOCKS,3340114,KYB FRONT/,"RAV 4 ACA 20,21",0,2
KYB SHOCKS,3340117,KYB FRONT/,PASSO SETTE,0,1
KYB SHOCKS,3340118,KYB FRONT/,PASSO SETTE,0,1
KYB SHOCKS,334189,KYB FRONT/,SF5,0,1
KYB SHOCKS,334190,KYB FRONT/,SF5,0,1
KYB SHOCKS,3350050,KYB FRONT/,VOXY ZRR80,0,2
KYB SHOCKS,3350051,KYB FRONT/,VOXY ZRR80,0,1
KYB SHOCKS,335050,KYB FRONT/,ALPHARD,0,1
KYB SHOCKS,335051,KYB FRONT/,ALPHARD,0,2
KYB SHOCKS,339124,KYB FRONT/,OUTLANDER,0,2
KYB SHOCKS,339125,KYB FRONT/,OUTLANDER,0,2
KYB SHOCKS,349208,KYB/,ELGRAND,0,2
KYB SHOCKS,3440013,KYB,CX-5,0,0
KYB SHOCKS,340053,KYB/,NAVARA,0,2
KYB SHOCKS,334394,KYB/,"LEXUS,HARRIER 4WD",0,1
KYB SHOCKS,334395,KYB/,"LEXUS,HARRIER 4WD",0,1
KYB SHOCKS,3340192,KYB/,GRAND ESCUDO,0,1
KYB SHOCKS,3340193,KYB/,GRAND ESCUDO,0,1
KYB SHOCKS,339387,KYB/,IMPREZA GJ2/GJ3,0,3
KYB SHOCKS,339388,KYB/,IMPREZA GJ2/GJ3,0,3
DRIVE SHAFT BOOT,28323-AG010,KOWA INNER,"IMPREZA,LEGACY,OUTBACK",0,2
ARM BUSH,D10E-34-470,THAILAND,MAZDA DEMIO/ CX 3,0,2
ARM BUSH,20201-FA060,THAILAND LOW BIG,LEGACY,0,6
WHEEL CYLINDER,47570-16040,THAILAND,,0,1
CV JOINT (ABS),TOY-OZ-68,OZONE,,0,2
AIR FILTER,RS-AP-AF-345,ALL PARTS,TRAILBLAZER,0,4
OIL FILTER,RS-AP-OF-052,ALL PARTS,TRAILBLAZER,0,4
SUSPENSION BUSH,BP4K 28 500E,RBI,MAZDA 3,0,10
BRAKE PADS,KD 1723,Asimco,DIAHATSU MIRA,0,1
CV JOINT,NI-60 (21-01107N),TAIWAN,B14/15,0,2
KYB SHOCKS,344362,KYB,"VOXY,PICNIC,AVENSIS",0,0
TIE ROD END,SE-N361,555,MAZDA BONGO/ NISSAN VANETTE,0,2
BALL JOINT,SB-3752L (43330-29405),555,,0,4
ARM BUSH,54500-1HJ0A,,,0,0
TIE ROD END,SE-4971 (48520-VW025),TAIWAN,E25/E26,0,4
RACK END,SR-4970 (48521-VW025),TAIWAN,E25/E26,0,6
CVJOINT,SUB-OZ-33,OZONE,LEGACY/OUTBACK,0,4
RACK END,SR-T126,,,0,2
SHOCK MOUNTING,KD35-34-380,RBI,CX5,0,2
BALL JOINT,SB-1802 (DE5F-34-350B),TAIWAN,DEMIO,0,14
BRAKE PADS,D 2326,MK,,0,1
DRIVE SHAFT BOOT,43448-12040,PERFECT,,0,4
DRIVE SHAFT BOOT,43448-06120,RBI INNER,,0,12
BRAKE PADS,AF-692,CERAMIC,IMPREZA,0,2
SHOCK MOUNTING FR,48609-48060,,,0,0
TIE ROD END,SE-1801,TAIWAN,DEMIO,0,2
COIL SPRING RR,C4T-61582H,OZONE,,0,0
SHOCKS,334344,OZONE REAR,FORESTOR N/M,0,1
PRESSURE PLATE,MZC 26,,,0,1
ARM BUSH,20251-AA000,THAILAND REAR,,0,20
ARM BUSH,20251-AA010,THAILAND REAR CONTROL,,0,10
ENGINE MOUNTING BUSH,11271-8H310B,THAILAND,T30,0,4
KNUCKLE ARM BUSH,42210-42020 (42305-42020),THAILAND REAR,ACA 33,0,10
SHOCK BEARING,54325-0M001,THAILAND,B15,0,8
BEARING,6911/2RS,NIS,,0,1
FAN BELT,7PK 2300,BELT,,0,1
BRAKE DISC,43512-26190,SO HQ,,0,4
TENSIONER,1345A079,SO HQ,,0,2
SUSPENSION BUSH,48060-32040,PERFECT REAR,"NZE,SIENTA,SPACIO 4WD",0,8
CLUTCH COVER,ISC-531,EXEDY,DMAX/TFR,0,1
FUEL FILTER,23300-19285,TESON,AE100 EFI,0,4
OIL PUMP,15010-21001,NITOYO,TD-27,0,0
PIPE,,,,0,0
THERMOSTAT HOUSING,,,,0,0
OIL FILTER,MD069782,KOWA,,0,2
ENGINE MOUNTING,11380-EN00A,THAILAND,SERENA,0,3
CVT FLUID,NS-2 4L,AKINAWA,NISSAN,0,3
KYB SHOCKS,344493,KYB FRONT,7L HIACE,0,0
WATER PUMP,GWT-111A,GMB,MARK 2 GX100/115 1GFE,0,1
BRAKE PADS,AF-715,CERAMIC,TOYOTA RACTIS/ BELTA,0,4
AIR FILTER,16546-HA000/HC000,KOWA,VANETTA (WITH FRAME),0,3
AIR FILTER,80292-SDA-A01,KOWA,CRV/CROSS/STPWAGON,0,6
CLUTCH PLATE,ISD113U,EXEDY,ISUZU/TFR,0,1
ENGINE MOUNTING FR L,11220-ED000,RBI,NISSAN,0,3
STABILIZER LINK,SL-3970 (48820-28050),TEX,7L,0,2
ARM BUSH,48632-26010,PERFECT UP SMALL,"3L,7L 2W",0,6
LH ARM,45202-78K00/65J00,SO HQ,,0,1
RH ARM,45201-78K00/65J00,SO HQ,,0,1
BRAKE LINING,K2417,ALL PARTS,AXIO,0,1
OIL PUMP,15010-21001,MITOYO,"Z20, E24",0,1
BRAKE PADS,D 2367,MK,RAV 4 N/M,0,2
WHEEL HUB BREAING,53BWKH20B-Y0A (43202-1KA0A),SO HQ,,0,2
ARM BUSH,48655-60030,GENUINE BIG,,0,0
ARM BUSH,48654-60030,GENUINE SMALL,,0,0
AIR FILTER,1500-A617/A399,KOWA,MIRAGE/RUSH,0,4
BRAKE LINING,K2389,CERAMIC,WISH/ALLION/FIELDER NM,0,3
DIESEL FILTER,16405-59E00/64010,KOWA,TD27/E24,0,2
BRAKE LINING,NN-3052 (K6707),CERMAIC,DAYZ,0,1
ENGINE MOUNTING R,D652-39-060,THAILAND,DEMIO DE,0,3
NISSAN TOP COVER GASKET,12370-EN000,NISSAN,,0,1
RACK END,SR-6220 (53010-S10-000),THAILAND,CRV RD1,0,4
RBI ARM BUSH,48632-30100,RBI,,0,12
RELEASE BEARING,CBU543625J (FCR54-33-2),BELCOT,RANGER/VANETTE,0,1
STABILIZER LINK,48820-42030,NKM,,0,8
RACK END,SR-7840,TAIWAN,PAJERO,0,2
WHEEL BEARING,DACF2126PR (42450-63011),GT,,0,2
RBI ARM BUSH,B25D-34-460,RBI LOW BIG,MAZDA 323 YR2000,0,7
TIE ROD END,SE-9421,555,TRIBUTE,0,2
KYB SHOCKS,339005,KYB FR,ISIS,0,0
KYB SHOCKS,339006,KYB FRONT,ISIS,0,0
RACK END,SR-T260,555,,0,1
NISSAN GEARBOX FILTERS,31728-28X0A,NISSAN,,0,0
BRAKE SWITCH,,,,0,0
SPEED SENER,,,,0,0
TIE ROD END,SE-T221 (45047-49135),TAIWAN,ACA 30,0,8
STABILIZER BUSH,51306-S04-N01,RBI,CRV,0,12
STABILIZER BUSH,48818-42010,RBI,ACA 30,0,12
WHEEL BEARING,46T080705SCCS33,KOYO REAR,SUBARU,0,3
SUSPEMSION BUSH,55501-1KK0A,PERFECT,JUKE 2010,0,4
WHEEL BEARING,DAC3562-10CS51,KOYO FRONT,ALTO,0,2
ENGINE BUSH,12363-0H030S,RBI,"CAMRY ACV 30,31",0,8
CLUTCH PLATE,DT-124,JAPAN,AE100,0,1
RADIATOR CAP,R125,FUTABA,,0,1
WHEEL BEARING,42410-42020,GT/EURO,,0,5
CHROME WHEEL NUT,,,,0,51
BRAKE PADS,AN 782WK,CERAMIC,,0,1
IGNITION COIL,22448-1KC0A,THAILAND,,0,9
HEAD GASKET,MD026654,ERISTIC,4G54,0,0
RR BUSHING,NAB-J11B,FEBEST,,0,12
SHOCK MOUNTING RR,MZSS-KER,FEBEST,,0,5
SHOCK MOUNTING FR,TSS-AGL10F,FEBEST,,0,6
FR DIFF MOUNT,TAB-333,FEBEST,,0,3
FR DISK,AP-BR-031,ALL PARTS,VIGO 2X4,0,4
STEERING RACK,49001-JG000 (3UB0A),SO HQ,T31,0,4
AIR FILTER,A0621,JS,,0,2
BEARINGS,6203 RMX,NIS,,0,2
RR ARM BUSH,55045-JG00A,GSP,,0,2
RACK END,53010-S10-003,THAILAND,,0,2
ENGINE MOUNTING L,D653-39-076A,THAILAND,,0,1
RACK END,0322-GJ2,FEBEST,,0,2
GP RADIATOR CAP,16401-67150,,,0,1
HEADGASKET,11044-43901,TOYOTA,,0,0
ENGINE MOUNTING,12371-74500,PERFECT,"ST190,CALDINA",0,2
RBI ARM BUSH,48655-33040,RBI LOW BIG,"CAMRY,LEXUS D94",0,6
BRAKE DISC,43512-0K060,TEX FRONT,VIGO KUN25 4WD,0,2
JINBO SHOCKS,344461,JINBO REAR,LC 79,0,0
SUSPENSION BUSH,55152-50A10,PERFECT REAR SMALL,"B12,B13",0,10
RBI ARM BUSH,48654-42030,RBI LOW SMALL,"ACA 20,21",0,6
RACK END,SR-N330 (D8521-1HJ0A),TAIWAN,NOTE NEW,0,5
WATER PUMP,GWT 166A,GMB,2ZR-FE/3ZR-FE,0,2
BRAKE PADS,AF-671,CERAMIC,VISTA/WISH/CAMRY,0,2
BRAKE PADS,D-6133/AF-782,CERAMIC,CANTER N/M(4P10),0,1
STABILIZER BUSH,48815-28150,GSP,,0,2
BRAKE PADS,D-2299,CERAMIC,"NZE N/M,AURIS,ALTIS",0,1
FAN BELT,99367-K1620,TOYOTA,,0,0
TIMING BELT,13568-30011,TOYOTA,"2KD,1KD",0,1
ENGINE OIL,5W-40 4L,BLAZOL (RHINO),,0,10
AIR FILTER,P501-13-3AO,KOWA,,0,15
BELT TENSIONER,11955-1KC0A,SOHQ,,0,2
BRAKE DISC,43512-20470,,CORONA AT210,0,4
ARM BUSH,MR 403441,NAKAMOTO LOW BIG,,0,4
CV BOOT,43447-17041,NKM,,0,1
KYB SHOCKS,334374,KYB/,OUTBACK BP9,0,1
KYB SHOCKS,334375,KYB/,OUTBACK BP9,0,1
BALL JOINT,SB-4742,555,"B13,B14",0,2
KYB SHOCKS,341375,KYB/,WISH 2WD,0,3
RACK END,SR-N090,555,SERENA C24,0,2
OVER HAUL GASKET,04111-47062,GENUINE,,0,0
WATER PUMP,GWT-131A,GMB,"HIACE, HILUX, LANDCRUISER,REGIOUS,1TR,2TR,3RZ",0,1
TIE ROD END,SE-1751R,555,DEMIO,0,2
TIE ROD END,SE-1751L,555,DEMIO,0,2
TOYOTA BRAKE LINING,04495-60070,TOYOTA,,0,1
CLUTCH MASTER CYLINDER,8-97943-407-4,THAILAND,ISUZU,0,2
STABILIZER BUSH,51316-SE0-000,RBI,,0,0
STABILIZER BUSH,48674-26040,,,0,2
STABILIZER LINK,48840-42010,PERFECT,ACA 21,0,6
FUEL FILTER,FE0069,JS,,0,1
BRAKE PADS,PN0644,NIBK,,0,1
FUEL FILTER,7P6127177A,FEBI,,0,1
OIL SEAL,58*72*10,,,0,1
THERMOSTAT,90916-03142,,,0,1
CLUTCH MASTER CYLINDER,8-97946-627-1,,DMAX,0,1
AIR FILTER,17801-B1010,,RUSH,0,4
ABRO COOLANT,GREEN 5 LITRE,ABRO,,0,10
KNUCKLE ARM BUSH,42305-0N010B,THAILAND,,0,5
IGNITION COIL,22448-1KC0A,THAILAND,NISSAN,0,0
ENGINE MOUNTING,12305-21130,JOKITO,TOYOTA,0,8
STABILIZER BUSH,KD35-34-156E,THAILAND,MAZDA,0,10
BELT,7PK 1516,BELT,,0,1
NUT LOW ARM,90178-18003,,,0,2
GEAR OIL,SAE 90 1 LITRE,TESON,,0,24
SHOCK DUST COVER,38341-47010,RBI,,0,0
STEERING BOOT,45535-52050,RBI,,0,3
NSK BEARING,43BHWD12A-JB01,NSK FRONT,NISSAN,0,2
WHEEL BEARING,40BWD17DA116,NSK FRONT,TOYOTA,0,4
OVERHAUL GASKET,04111-16220,5AFE,,0,1
ENGINE MOUNTING,12371-0M030,PERFECT,,0,4
ENGINE MOUNTING,12305-0M020,PERFECT,TOYOTA,0,3
LOCK NUT,,,,0,21
CARB CLEANER 235ML,PRIME PARTS 235ML,PRIME PARTS,,0,12
TENSIONER ASSY V RIBBED,BTR027G,,,0,1
RACK END L/R,0422-V75,FEBEST,,0,2
CON BEARING,R725A,TAIHO,1SZ,0,1
MAIN BEARING,M725 (STD),TAIHO,1SZ,0,1
ARM BUSH,55111-JG00B,LOWER CONTROL,,0,0
ARM BUSH,55120-JD000,REAR UPP,,0,0
ARM BUSH,55045-JD000,CONTROL BIG,,0,0
WATER PUMP,GWM81,GMB,,0,1
STABILIZER BUSH,MR491192,RBI,CEDIA,0,8
TENSIONER ASSY,16620-51011,SO.HQ,,0,1
KYB SHOCKS,343408,KYB REAR/,PAJERO,0,2
CLUTCH MASTER CYLINDER,31420-0K020/0K012,,TOYOTA VIGO,0,1
FUEL PUMP,23221-03010,BP,TOYOTA,0,2
TENSIONER,11955-JA00C,,,0,1
GUNGAM,GUNGAM,,,0,0
AIR FILTER,17801-61030/68020,ZYC,,0,2
RR WHEEL BEARING,DU42800038-1,BELCOT,,0,2
AIR FILTER,MX908643 (FLA6297S),ZYC,MITSUBISHI,0,1
BELT,A45 P,ZYC,,0,2
OIL SEAL,CRT073,,,0,1
ENGINE MOUNTING,SBM-001,,,0,1
BRAKE PADS,D 1336,MK,T32,0,2
BRACKET ASSY,1630751011G,,TOYOTA 1VDFTV,0,1
TENSIONER,11955-JD21A,,,0,1
CLUTCH PLATE,TYC565,,,0,1
AIR FILTER,8-97941-515-0,SETEX,D/MAX O/M,0,1
V BELT,AX35,PRHD,,0,1
FUEL FILTER,FS3209U,JS,,0,2
AIR FILTER,17801-7811/78110,DIGUE,HINO 300,0,0
BEARING,DAC4889W2RS,KOYO REAR,UZJ100,0,2
PLUG WIRE,,,,0,1
SPARK PLUGS,DILKR6D11G,,,0,12
FAN BRACKET,16307-51011,,,0,0
TOYOTA CABIN FILTER,87139-30040/06050,TOYOTA,,0,5
TOYOTA TOP COVER GASKET,11213-75040,TOYOTA,1TR,0,9
RBI ARM BUSH,54542-VW000,RBI UPP,"E25,E26 NV350",0,2
RBI ARM BUSH,54560-VW010,RBI LOW BIG,E25,0,10
CLUTH MASTER CYLINDER,31410-60370,SETEX,"HZJ75,79,80",0,1
STABILIZER BUSH,48818-60040,RBI,,0,12
BRAKE LINING,FN-1267/K1740,CERAMIC,Tiida,0,2
STABILIZER BUSH,SSB-B15F,FEBEST,D20,0,4
BRAKE LINING,K-1167,CERAMIC,B15,0,7
BELT,A40 P,,,0,3
RBI ARM BUSH,48702-60040,RBI REAR BIG,FJ80,0,4
SUSPENSION BUSH,48702-60031,RBI,FJ80,0,4
TENSIONER,0187-TGN51,FEBEST,,0,4
SHOCK MOUNTING FR,TSS-JKSP90F,FEBEST,,0,8
ARM BUSH,TAB-448,FEBEST REAR TRAILING,,0,8
RR BUSHING,NAB-267,FEBEST,,0,6
HUB BEARING,42450-28030 (SENSOR),SO HQ,,0,2
RACK END,SR 7840,555,PAJERO V65,0,0
SHOCK MOUNTING,48609-47040,OZONE FRONT,,0,6
FR SHOCK,339240,O ZONE,LEGACY/ OUTBACK BM/ BR9,0,1
FR SHOCK,339241,O ZONE,LEGACY/ OUTBACK BM/ BR9,0,1
BRAKE PADS,D-1250M-01,MK,NISSAN MARCH TIIDA,0,2
FEED PUMP,16401-VC10C,,ZD 30,0,2
STABILIZER LINK,SL-7845L,555,PAJERO,0,1
CLUTCH SLAVE CYLINDER,CRT-073,,,0,1
CV JOINT,TOY-OZ-107,OZONE,VITZ/BELTA,0,2
CV JOINT,TOY-OZ-76,OZONE,PASSO QNC10,0,2
CV JOINT,TOY-OZ-75,OZONE,PASSO KGC10/15,0,2
BRAKE PADS,DN 7499,NIBK,,0,0
SHOCKS,3340176,OZONE FRONT/,SIENTA NHP70,0,1
CV JOINT,HON-OZ-56A,OZONE,CRV RD1/2,0,2
CV JOINT,HON-OZ-57,OZONE,CRV,0,2
CV JOINT,HON-OZ-70,OZONE,STREAM,0,2
CV JOINT,HON-OZ-76,OZONE,AIR WAVE,0,2
COIL SPRING RR,HON-OZ-31112H,OZONE,CRV RE3/4,0,2
CV JOINT,ISU-OZ-07,OZONE,DMAX,0,2
SHOCKS,333415,OZONE FRONT/,DEMIO,0,1
SHOCKS,3440017,OZONE REAR/,VEZEL,0,6
CV JOINT,ISU-OZ-04,OZONE,BIGHORN/ TROOPER,0,2
SHOCKS,339068,OZONE FRONT,TRIBUTE,0,1
SHOCKS,339069,OZONE FRONT,TRIBUTE,0,1
CV JOINT,MAZ-OZ-56,OZONE,DEMIO,0,2
CV JOINT,MAZ-OZ-59,OZONE,CX 5,0,2
CV JOINT,MIT-OZ-04,OZONE,LANCER,0,2
CV JOINT,MIT-OZ-67,OZONE,OUTLANDER,0,2
CV JOINT,NIS-OZ-84,OZONE,MARCH K13/NOTE,0,2
CV JOINT,NIS-OZ-89,OZONE,JUKE 4WD,0,2
CV JOINT,NIS-OZ-99,OZONE,SERENA/ JUKE,0,2
CV JOINT,NIS-OZ-111,OZONE,NOTE,0,2
CV JOINT,NIS-OZ-68,OZONE,NOTE/MARCH,0,7
SHOCKS,3340045,OZONE FRONT/,OUTLANDER,0,1
AIR FILTER,B1050,,,0,0
CV JOINT,SUB-OZ-32,OZONE,LEGACY/OUTBACK/IMPREZA,0,1
CV JOINT,SUB-OZ-34A,OZONE,IMPREZA,0,2
CV JOINT,SUB-OZ-08,OZONE,LEGACY,0,2
CV JOINT,SUB-OZ-36,OZONE,IMPREZA N/M,0,4
SHOCKS,3340177,OZONE FRONT/,SIENTA,0,1
SHOCK MOUNTING,48609-20410,OZONE FRONT,CORONA,0,2
HEAD GASKET,11115-21040,TOYOTA,,0,0
HEAD GASKET,11115-22040,KOWA,1NZ-FE,0,4
BRAKE LINING,44060-8H725,POWERKING,XTRAIL,0,2
WHEEL CYLINDER,44100-ED010,THAILAND,NISSAN,0,4
TIMING KIT,YB12221-14A40,THAILAND,TOYOTA 1ZZ-FE,0,1
TRANSMISSION FILTER,JT514,JS,,0,2
AIR FILTER,A0725,JS,,0,2
OIL SEAL,30*50*10,NAK,,0,1
BELT,6PK 2050,BELT,,0,0
ARM BUSH,48702-60100,TOYOTA REAR,,0,4
BRAKE PADS,D2251-01,MK,,0,3
BRAKE PADS,PN 7499,NIBK,,0,4
RACK END,SR-4950,TAIWAN,TIIDA,0,8
RACK END,SR-N580 (D8521-4BA0A),555,T32,0,4
TIE ROD END,SE-4832,555,NP300,0,2
TIE ROD END,SE-4831,555,T30,0,5
TIE ROD END,SE-4951 R,TAIWAN,TIIDA,0,2
TIE ROD END,SE-4631,KOWA,CARAVAN,0,4
BALL JOINT,SB-N332,TAIWAN,MICRA,0,11
BALL JOINT,SB-4832,555,PICKUP,0,8
BALL JOINT,SB-4952,MASKO,TIIDA,0,2
BALL JOINT,SB-N332,MASKO,MICRA K13,0,3
BALL JOINT,SB-7842,555,L200,0,1
TRANSMISSION FILTER,JT553,JS,,0,1
BALL JOINT,SB-4872,TAIWAN,CEFIRO,0,4
SHOCKS,332128,,,0,1
SHOCKS,332127,,,0,1
BALL JOINT,SB-7832,555,,0,2
BALL JOINT,SB-7832,THAILAND,,0,4
TIE ROD END,SE-7301,TAIWAN,LANCER,0,4
TIE ROD END,SE-7261,555,IO,0,2
TIE ROD END,SE-7262,555,L200,0,1
RACK END,SR-B060,555,LANCER,0,3
OIL FILTER,90915-10001/10003/03001,OSK,TOYOTA,0,2
ARM BUSH,48061-25010,GSP LOWER,toyota,0,1
STABILIZER LINK,MN 184194 (SL-B015R),TAIWAN,LANCER/RVR/OUTLANDER,0,2
STABILIZER LINK,MN 184193 (SL-B015L),TAIWAN,LANCER/RVR/OUTLANDER,0,2
TIMING BELT,13568-67010,TOYOTA,1KD,0,0
STABILIZER BUSH,48815-0K050,RBI,,0,12
DRIVE SHAFT BOOT,43448-0K020,RBI,VIGO 4WD INNER,0,4
JINBO SHOCKS,341397,JINBO FRONT,VIGO 2WD,0,0
JINBO SHOCKS,341398,JINBO FRONT,VIGO 2WD,0,0
STRAIGHT ARM,,,,0,0
SPARK PLUGS,LZKAR6AP-11,NGK,,0,9
ARM BUSH,B32H-34-300,PERFECT LOW BIG,"MAZDA 3,AXELA,PREMACY",0,4
ENGINE MOUNTING FR,HM-005,FEBEST,,0,1
GREASE 3KG RED,BLAZOL,BLAZOL,,0,4
FR LOWER ARM R,54500-BC41A,SO HQ,,0,1
FR LOWER ARM L,54500-BC41A,SO HQ,,0,1
STABILIZER LINK,SL-7840 R,555,,0,1
STABILIZER LINK,SL-7840 L,555,,0,1
RBI ARM BUSH,48655-60010,RBI,,0,2
STABILIZER LINK,MR374522,RBI,PAJERO,0,2
FR BEARING,DAC377237,NIS,,0,1
RACK END,SR-1860,TAIWAN,CX 5,0,8
BALL JOINT,SB-1672,555,VANETTE BONGO,0,2
BALL JOINT,SB-5172,TAIWAN,SUZUKI,0,4
BALL JOINT,SB-5012,TAIWAN,SUZUKI,0,4
RACK END,SR-5010,TAIWAN,SUZUKI,0,5
BALL JOINT,SB-H112,TAIWAN,FIT,0,9
BALL JOINT,SB-5380,555,ISUZU,0,2
TENSIONER,17540-54L00/17540-78K00,SO-HQ,,0,1
BALL JOINT,SB-3342,555,70/90 SERIES,0,6
BALL JOINT,SB-3831,555,MARK II,0,9
BALL JOINT,SB-T112,TAIWAN,"NOAH, VOXY",0,10
BALL JOINT,SB-3986,555,MAEK II,0,2
BALL JOINT,SB-2722 (43330-39195),TAIWAN,HILUX 4WD LN 106,0,4
BALL JOINT,SB-T502,TAIWAN,UZJ 200,0,0
HEAD GASKET,11214-75012,TOYOTA,2TR,0,1
HEAD GASKET,11214-75014,TOYOTA,2TR,0,1
HEAD GASKET,11213-75014,TOYOTA,2TR,0,0
RACK END,SR-A140,555,NOAH,0,4
RACK END,SR-A330,THAILAND,RUSH,0,2
TIE ROD END,SE-2651,TAIWAN,VITZ,0,2
TIE ROD END,SE-A121,THAILAND,HILUX,0,3
TIE ROD END,SE-T121 R/L,555,HILUX,0,1
TIE ROD END,SE-T201 R/L,MASKO,TOWNACE 4WD,0,1
TIE ROD END,SE-3806 R/L,555,PRADO 90,0,2
TIE ROD END,SE-3806 R/L,TAIWAN,PRADO 90,0,2
RACK END,SR-T220 (45503-42030),THAILAND,RAV 4,0,4
RACK END,SR-2990,TAIWAN,NOAH,0,4
RACK END,SR-T120,TAIWAN,LC 100,0,6
RACK END,SR-3811,555,LC 100,0,8
RACK END,SR-3940,THAILAND,HARRIER,0,2
RACK END,SR-3901,TAIWAN,HARRIER,0,5
RACK END,SR-T270,THAILAND,MARK X,0,0
RACK END,SR-T401,THAILAND,AE 100,0,4
RACK END,45543-49105,THAILAND,AVENSIS,0,2
TIE ROD END,SE-H521 R/L,TAIWAN,HONDA,0,1
TIE ROD END,SE-T491 R/L,TAIWAN,TOYOTA,0,1
TIE ROD END,SE-1722,555,,0,1
RACK END,SE-4731,,,0,1
TIE ROD END,SE-4162,,,0,2
TIE ROD END,SE-4161,,,0,2
TIE ROD END,SE-3701,WATER,,0,6
TIE ROD END,SE-2871,WATER,,0,2
TIE ROD END,SE-4102,WATER,,0,1
TIE ROD END,SE-4101,WATER,,0,1
TIE ROD END,SE-7941,WATER,,0,4
TIE ROD END,SE-4580,,,0,1
TIE ROD END,SE-6191,555,,0,0
TIE ROD END,SE-M081,,,0,2
TIE ROD END,45047-09335,THAILAND,,0,2
TIE ROD END,SE-H021,,,0,1
TIE ROD END,SE-3801,,,0,2
TIE ROD END,SE-4871,,,0,4
TIE ROD END,SE-T361,,,0,6
TIE ROD END,SE-4941,555,,0,3
TIE ROD END,SE-4850,,,0,0
TIE ROD END,SE-1092,,,0,2
TIE ROD END,SE-6301,555,,0,1
TIE ROD END,SE-5011,555,,0,1
TIE ROD END,SE-N281,555,,0,1
TIE ROD END,48520-25485,JET,,0,2
TIE ROD END,48521-25485,JET,,0,1
TIE ROD END,SE-7921,555,,0,2
TIE ROD END,SE-T351,555,,0,4
TIE ROD END,SE-3741,555,,0,4
TIE ROD END,SE-4671,,,0,3
TIE ROD END,SS-2340,,,0,0
TIE ROD END,SE-2991,,,0,1
RACK END,SE-T081,555,,0,7
RACK END,SE-N192,,,0,1
RACK END,SE-T521,555,,0,4
RACK END,SE-7721,,,0,0
RACK END,SE-7722,555,,0,2
TIE ROD END,45046-29335,THAI,,0,1
TIE ROD END,SE-T010,555,,0,2
TIE ROD END,445406-19045,THAI,,0,2
TIE ROD END,SE-4740,555,,0,0
TIE ROD END,SE-2472,555,,0,4
TIE ROD END,SE-7572,555,,0,2
TIE ROD END,SE-6621,555,,0,2
TIE ROD END,SE-2950,555,,0,1
TIE ROD END,SE-4672,555,,0,2
RACK END,45503-52010,,,0,1
RACK END,SR-3740-M,555,,0,4
RACK END,SR-2800,555,,0,4
RACK END,SR-T250,555,,0,6
RACK END,SR-7620,555,,0,3
RACK END,SR-3900,555,,0,7
RACK END,45503-29475,,,0,2
RACK END,SR-1660,555,,0,2
RACK END,SR-9420,555,,0,4
RACK END,45503-47060,,,0,2
RACK END,SR-T440,555,,0,4
RACK END,SR-T510,555,,0,2
RACK END,SR-7560,555,,0,2
RACK END,SR-T490,555,,0,4
RACK END,SR-2940,555,,0,4
RACK END,SR-3560 (45503-39075),TAIWAN,PRADO 95,0,1
RACK END,SR-3750,555,,0,4
RACK END,SR-1480,555,,0,2
RACK END,SR-2991,555,,0,2
RACK END,SR-T280,555,,0,2
RACK END,SR-T270,555,,0,0
RACK END,SR-3510,555,,0,2
RACK END,SR-3870,555,,0,2
RACK END,SR-T410,555,,0,2
RACK END,SR-T460,555,,0,2
RACK END,SR-1750,555,,0,3
RACK END,SR-4870,555,,0,4
RACK END,SR-T080,555,,0,2
RACK END,SR-4940,555,,0,1
RACK END,SE-D050,555,,0,0
RACK END,SR-B050,555,,0,2
VALVE SEAL,13207-V1700D,GP,,0,3
TIE ROD END,SE-7841 L,555,L200,0,2
DIESEL FILTER SENSOR,31974-44011,,,0,1
BALL JOINT,SB-2721,555,SURF,0,2
RACK END,SR-3650,TAIWAN,PREMIO,0,6
STABILIZER LINK,48820-47010,NKM,WISH,0,4
RACK END,SB-7841,TAIWAN,PAJERO,0,4
RACK END,SR-2870,555,,0,2
RACK END,SR-5360,555,,0,7
RACK END,SR-6190,555,,0,1
RACK END,SR-H110,555,,0,2
RACK END,SR-7590,555,,0,2
RACK END,SR-H180,555,,0,1
RACK END,SR-6300,555,,0,2
RACK END,SR-4980,555,,0,2
RACK END,SR-6270,555,,0,0
RACK END,MR-448255,THAILAND RACK END,,0,2
RACK END,D09H-32-240,THAILAND RACK END,,0,5
RACK END,SR-M080,555,,0,1
RACK END,SR-T180,TAIWAN,,0,1
RACK END,SR-H130,555,,0,1
RACK END,SR-H020,555,,0,2
RACK END,SR-H080,555,,0,2
RACK END,SR-T860,555,,0,4
RACK END,SR-4860,555,,0,4
RACK END,SR-4480,555,,0,2
RACK END,SR-D110,555,,0,3
RACK END,SR-N080,555,,0,2
RACK END,SR-D200,555,,0,2
RACK END,SR-7241,555,,0,2
RACK END,SR-7760,555,,0,2
RACK END,SR-7180,555,,0,2
RACK END,SR-5400,555,,0,1
RACK END,SR-7750,555,,0,2
RACK END,SR-2871,555,,0,2
RACK END,SR-7870,555,,0,4
RACK END,SR-3960,555,,0,1
RACK END,SB-4730,555,,0,2
RACK END,SR-N800,555,,0,3
RACK END,SR-6620,555,,0,2
RACK END,SR-4840,555,,0,2
RACK END,SR-N150,555,,0,1
RACK END,SR-N340,555,,0,2
RACK END,SR-2930,555,,0,2
RACK END,SR-T520,555,,0,2
RACK END,SR-4730,555,,0,1
RACK END,SR-4760,555,,0,1
RACK END,SR-D010,555,,0,2
RACK END,SR-7950,555,,0,2
RACK END,SR-4880,555,,0,2
RACK END,SR-7920,555,,0,0
RACK END,SR-B200,555,,0,0
RACK END,SR-B040,555,,0,2
RACK END,SR-4990,555,,0,2
RACK END,45503-B1010,THAI,,0,2
DRIVE SHAFT BOOT,43448-0D140,RBI,,0,0
DRIVE SHAFT BOOT,43447-0D140,PERFECT,,0,2
KYB SHOCKS,344061,KYB REAR,LC / ISUZU,0,0
MAZDA OIL FILTERS,SHY1-14-302,MAZDA,,0,19
BALL JOINT,SB-2471,555,,0,3
BALL JOINT,SB-2932,555,,0,4
BALL JOINT,SB-5311,555,,0,5
BALL JOINT,SB-2482,555,,0,5
BALL JOINT,SB-3542,555,,0,2
BALL JOINT,SB-1722,555,,0,2
BALL JOINT,SB-2202,555,,0,1
BALL JOINT,SB-4882,555,,0,2
BALL JOINT,SB-6191,555,,0,3
BALL JOINT,SB-2472,555,,0,4
BALL JOINT,SB-2832,555,,0,2
BALL JOINT,SB-1542,555,,0,3
BALL JOINT,SB-1462,555,,0,2
BALL JOINT,43310-60020,THAILAND,,0,2
BALL JOINT,SB-4391,MASKO,,0,2
BALL JOINT,12221-99A22,THAILAND,,0,1
BALL JOINT,SB-2162,555,,0,2
BALL JOINT,SB-2992,555,,0,9
BALL JOINT,SB-7562,555,,0,1
BALL JOINT,SB-6302,555,,0,5
BALL JOINT,SB-3672,555,,0,2
BALL JOINT,SB-3772,555,,0,2
BALL JOINT,SB-N281,555,,0,2
BALL JOINT,SB-1652,555,,0,1
BALL JOINT,SB-4391,MASKO,,0,2
BALL JOINT,SB-2962 (43330-29265),MASKO,,0,0
BALL JOINT,SB-2811,555,,0,2
BALL JOINT,SB-T291,555,,0,1
BALL JOINT,SB-4472,555,,0,2
BALL JOINT,SB-7811,555,,0,2
BALL JOINT,SB-4301,555,,0,2
BALL JOINT,SB-T522,555,,0,2
BALL JOINT,SB-T054,555,,0,2
BALL JOINT,SB-2481,555,,0,2
HEAD GASKET,11115-B2041,TOYOTA,,0,1
BALL JOINT,SB-1642,555,,0,2
BALL JOINT,SB-6612,555,,0,1
BALL JOINT,SB-4692,555,,0,2
BALL JOINT,SB-6272,555,,0,4
BALL JOINT,SB-1522,555,,0,2
BALL JOINT,SB-6192,555,,0,6
BALL JOINT,SB-7751,555,,0,2
BALL JOINT,SB-N282,555,,0,1
BALL JOINT,SB-7152,555,,0,1
RACK END,SR 7020,,,0,0
TIMING KIT,YB12221-99A22,THAILAND,,0,2
BALL JOINT,43330-29125,SSS,,0,1
BALL JOINT,UH71-34-540,THAI,,0,2
CON BEARING,R740A (0.50),TAIHO,4 GR,0,1
MAIN BEARING,M738 (0.25),TAIHO,,0,1
WATER PUMP,GWM 93,GMB,,0,1
WATER PUMP,GWSU-16A,GMB,,0,1
STABILIZER LINK,SL-T340,555,,0,2
STABILIZER LINK,48830-06070,RBI,,0,10
STABILIZER LINK,SL-6275,555,,0,4
STABILIZER LINK,48830-20010,SSS,"AE101, AT171",0,2
STABILIZER LINK,SL-4740,555,,0,6
STABILIZER LINK,48820-42030,PERFECT,,0,1
STABILIZER LINK,48820-47010,MASKO,NZE,0,1
STABILIZER LINK,48810-22041,THAILAND,,0,2
STABILIZER LINK,48830-22041,RBI,,0,4
STABILIZER LINK,48820-22041,RBI,,0,2
STABILIZER LINK,SL-H020,555,,0,5
STABILIZER LINK,SL-T080,555,,0,4
STABILIZER LINK,KD35-34-170,THAILAND,,0,1
STABILIZER LINK,SL-3890,TAIWAN,,0,1
STABILIZER LINK,SL-3660,TAIWAN,,0,5
STABILIZER LINK,SL-3955,555,,0,3
STABILIZER LINK,SL-1760,555,,0,2
STABILIZER LINK,SL-3910,TAIWAN,,0,2
STABILIZER LINK,48820-0D020 (SL-T020),555,VITZ N/M,0,3
STABILIZER LINK,SL-H330,555,,0,3
STABILIZER LINK,52320-510-003,THAILAND,,0,4
MOUNTING,11210-JD200,THAILAND,,0,2
STABILIZER LINK,51320-TF0-006,THAILAND,,0,2
STABILIZER LINK,0123-GRJ200R,FEBEST,,0,1
STABILIZER LINK,48810-0K010,RBI,,0,6
STABILIZER LINK,SL-A110,555,SIENTA,0,2
STABILIZER LINK,SL-2960,TAIWAN,,0,5
STABILIZER LINK,48802-60100,RBI,,0,2
STABILIZER LINK,SL-T700,555 JP,,0,2
BALL JOINT,SB-A052,555,,0,2
STABILIZER LINK,SL-3985,555,,0,2
STABILIZER LINK,SL-2805,555,,0,4
STABILIZER LINK,SL-3970 (48820-28050),TAIWAN,,0,6
TIE ROD END,KD31-28-190,NKM,,0,2
STABILIZER LINK,48820-30020,RBI,,0,2
STABILIZER LINK,48820-42010,RBI,,0,3
STABILIZER LINK,48820-26050,RBI,,0,6
STABILIZER LINK,48820-52050,THAILAND,,0,4
STABILIZER LINK,48830-32050,THAILAND,,0,2
STABILIZER LINK,SL-3600,TAIWAN,,0,0
STABILIZER LINK,48802-52030,PERFECT,,0,2
STABILIZER LINK,48830-35020,THAILAND,,0,2
STABILIZER LINK,SL-T380,TAIWAN,,0,2
STABILIZER LINK,SL-T290,TAIWAN,,0,2
STABILIZER LINK,SL-3830,TAIWAN,,0,1
STABILIZER LINK,SL-T290,555,,0,4
STABILIZER LINK,48810-30070 (SL-T270),555 JP,MARK X GRX120/130,0,6
STABILIZER LINK,48830-42020,THAILAND,RAV 4,0,2
STABILIZER LINK,48830-28010,THAILAND,,0,2
STABILIZER LINK,48825-97503,JOKITO,,0,2
STABILIZER LINK,48820-42010,PERFECT,,0,2
STABILIZER LINK,48820-28021,THAILAND,,0,2
STABILIZER LINK,48820-28021,PERFECT,,0,2
STABILIZER LINK,SL2960 (48820-33010),RBI,,0,1
STABILIZER LINK,48820-28021,RBI,,0,6
STABILIZER LINK,SL-T650,555,,0,2
STABILIZER LINK,48820-28021,SSS,,0,1
STABILIZER LINK,48820-26010,JOKITO,,0,4
STABILIZER LINK,SL-6260,555,,0,4
STABILIZER LINK,SL-3565,TAIWAN,,0,6
STABILIZER LINK,SL-T105,TAIWAN,,0,2
STABILIZER LINK,20481-AA001,THAILAND,,0,4
STABILIZER LINK,20420-AA004,THAILAND,,0,9
WATER PUMP,GWT-162,GMB,1NR,0,1
STABILIZER LINK,SL-3655,TAIWAN,,0,5
STABILIZER BUSH,54667-VW000,RBI,,0,1
STABILIZER LINK,20470-AE100,THAILAND,,0,6
STABILIZER LINK,SL-1615,TAIWAN,,0,2
STABILIZER LINK,SL-6260,TAIWAN,,0,5
STABILIZER LINK,SL-6270,TAIWAN,,0,0
STABILIZER LINK,SL-7705,TAIWAN,,0,1
STABILIZER LINK,AL-T010,TAIWAN,,0,2
STABILIZER LINK,48830-33010,THAILAND,,0,2
STABILIZER LINK,51325-T5A-003,JOKITO,,0,1
STABILIZER LINK,SL-6650,TAIWAN,,0,0
STABILIZER LINK,SL-7620,TAIWAN,,0,2
STABILIZER LINK,SL-6675,TAIWAN,,0,4
STABILIZER LINK,BP4K-28 170D,RBI,,0,2
STABILIZER LINK,48820-20040,JET,CORONA AT21,0,2
STABILIZER LINK,54618-EB70A,RBI,,0,6
STABILIZER LINK,48820-06070,RBI,,0,10
STABILIZER LINK,48820-06070,PERFECT,,0,1
STABILIZER LINK,SL-4915,555,,0,6
STABILIZER LINK,54618-8H600,THAILAND,,0,1
STABILIZER LINK,56261-50J00,PERFECT,,0,6
STABILIZER LINK,56261-EQ000,THAILAND,,0,2
STABILIZER LINK,48810-20020,JET,,0,2
STABILIZER LINK,48830-35010,555,,0,1
STABILIZER LINK,54618-ED000,LOTAS,,0,1
STABILIZER LINK,AB31-3053-CA,THAILAND,,0,8
STABILIZER LINK,JB3Z-5KI-483-A,THAILAND,,0,4
STABILIZER LINK,SL-2880,555,,0,6
STABILIZER LINK,SL-9420,555,,0,3
STABILIZER LINK,48820-28050,PERFECT,CAMRY,0,1
STABILIZER LINK,52320-510-003,RBI,,0,1
STABILIZER LINK,51320-TFA-003,THAILAND,,0,6
STABILIZER LINK,SL-3920,TAIWAN,,0,2
STABILIZER LINK,48820-26050,LOTUS,,0,1
STABILIZER LINK,52320-TFO-003,THAILAND,,0,1
STABILIZER LINK,51321-SEL-T01,RBI,,0,2
STABILIZER LINK,51320-STK-A01,RBI,,0,3
STABILIZER LINK,MR374521,RBI,PAJERO,0,2
STABILIZER LINK,GS1D-34-170,RBI,,0,2
STABILIZER LINK,56261-0E000,PERFECT,,0,2
STABILIZER LINK,GS1D-34-150,RBI,,0,2
STABILIZER LINK,SL-6340,TAIWAN,,0,3
STABILIZER LINK,54663-2Y00,RBI,,0,1
STABILIZER LINK,54668-JD00A,,,0,2
STABILIZER LINK,48820-35010,RBI,,0,0
STABILIZER LINK,SL-2990,SSS,,0,2
STABILIZER LINK,48820-30010,RBI,,0,1
STABILIZER LINK,48820-33000,RBI,,0,2
BRAKE PADS,D-3144,MK,DEMIO,0,0
STABILIZER LINK,52320-510-003,THAI,,0,0
STABILIZER LINK,48820-0K010,LOTUS,,0,1
STABILIZER LINK,48810-26010,RBI,,0,1
STABILIZER LINK,48830-60030,THAILAND,PRADO,0,1
KYB SHOCKS,343272,KYB/,RAV 4 ACA 21,0,2
BRAKE PADS,KD 2639,ASIMCO,,0,3
BRAKE PADS,KD 3782,ASIMCO,,0,2
ENGINE MOUNTING FR,UB39-39-040A,WINFORT,VANETTE,0,9
ENGINE MOUNTING,E182-39-040,MAZDA GP,MAZDA,0,1
ENGINE MOUNTING LH,D354-39-D40A,THAILAND,,0,1
CV BOOT,43447-35040,RBI,,0,5
DRIVE SHAFT BOOT,6232-07052,RBI INNER,SUBARU,0,2
DRIVE SHAFT BOOT,43448-35020,NKM,HILUX,0,2
DRIVE SHAFT BOOT,39241-9Y028,RBI,,0,2
DRIVE SHAFT BOOT,39241-0E000,RBI,,0,1
DRIVE SHAFT BOOT,43448-35030,RBI,PRADO,0,1
RACK END,SR-6640,555,,0,0
HEAD GASKET,MD-302890,MITSUBISHI,4D 56,0,0
SENSOR,,,,0,0
BRAKE LINING,K3767,Asimco,SWIFT,0,1
COIL SPRING FR,48131-J1201-2,FROTISE,VIGO/PRADO 120,0,6
TIMING KIT,PE01-12-201,MAZDA GP,,0,1
TIMING KIT,PY02-12-201,MAZDA GP,,0,1
WHEEL HUB,28473-FJ020,BELCOT,SUBARU,0,6
WHEEL BEARING,DAC35700037,BELCOT,TOYOTA,0,6
JINBO SHOCKS,444103,JINBO FRONT,HILUX/SURF,0,0
HUB BEARING,HUB092T-27(3875A006),SO HQ,OUTLANDER,0,1
TIE ROD END,SE-N221R (D8520-EN00A),THAILAND,C 25,0,3
TIE ROD END,SE-N221L (D8640-EN00A),THAILAND,C 25,0,3
CV BOOT,45535-B2010,KOWA,,0,1
DRIVE SHAFT BOOT,39241-01A89,KOWA,,0,1
DRIVE SHAFT BOOT,04438-12080,KOWA,,0,1
DRIVE SHAFT BOOT,04438-04020,KOWA,,0,4
DRIVE SHAFT BOOT,43447-0K020,KOWA,,0,1
DRIVE SHAFT BOOT,43448-12120,GSP,,0,0
SHOCK BOOT,54052-4M400,RBI,,0,2
RADIATOR,TOYOTA PRADO,,,0,1
REAR SHOCK DUST COVER,48341-12230,RBI,,0,2
DRIVE SHAFT BOOT,43448-10020,PERFECT,,0,0
CVT FLUID,LINEARTRONIC,SUBARU GP,,0,0
CV JOINT,NI-80,JOKITO,K13,0,2
CV JOINT,FU-33,KOWA,SUBARU,0,1
CV JOINT,HAS-859085,GSP,,0,1
CV JOINT,20-02098N,URW,VITZ,0,1
DRIVE SHAFT BOOT,C9741-1HC1A,RBI,,0,2
NSK BEARINGS,38BWD21CA53,NSK BEARINGS,,0,0
EXHAUST TAIL SUPPORT,17561-73020,,,0,0
FUEL FILTER,23390-64450,KOWA,,0,0
TOYOTA OIL FILTERS,04152-31090/YZZA1,TOYOTA,,0,13
MAZDA OIL FILTERS,PE01-14-302B,MAZDA,,0,11
MAIN BEARING,M136A,TAIHO,,0,0
AIR FILTER,16546-ED500F,DIGUE,NISSAN,0,4
BRAKE LINING,K-3413,ALL PARTS,,0,1
BRAKE LINING,FN-2809/2395,ASIMCO,VIGO 4X4,0,1
TOYOTA BRAKE LINING,46580-60060,TOYOTA,,0,0
BRAKE LINING,FN-0642,NIBK,,0,1
BRAKE LINING,BS-K1726,ALL PARTS,,0,1
TOYOTA BRAKE LINING,04495-0K160,TOYOTA REAR,,0,1
BRAKE LINING,K2342,AK,,0,1
BRAKE LINING,K2321,POWER KING,,0,1
BRAKE LINING,BS-K0044,ALL PARTS,,0,0
BRAKE LINING,47850-60070,TOYOTA,,0,1
BRAKE LINING,FN 2342,LOTAS,,0,1
BRAKE PADS,D-6109,MK,,0,2
STABILIZER SHAFT RUBBER,54613-27N10,RBI,,0,8
RBI ARM BUSH,52364-S5A-004,RBI REAR,CRV,0,6
SPARK PLUGS,FK16BR-AL8,TOYOTA SPARK PLUGS,,0,2
OIL SEAL,90311-38089,TOYOTA,,0,1
OIL SEAL,90311-42046,TOYOTA,,0,1
RACK END,48521-3U025,TEX,,0,2
ENGINE MOUNTING,11210-4BC0B,RBI,,0,1
ENGINE MOUNTING,12361-0L020,PERFECT,REVO,0,2
ARM BUSH,48654-0D060,PERFECT,,0,16
BRAKE PADS,AF-632,CERAMIC,OUTLANDER,0,2
TOYOTA BRAKE LINING,04495-52140,TOYOTA,,0,0
BRAKE LINING,K1289,CERAMIC,,0,1
BRAKE LINING,46540-42020,POWER KING,"ACA33,T31",0,1
BRAKE LINING,K 0042,LOTAS,,0,1
BRAKE LINING,FN-2342,NIBK,TOYOTA NZE/FIELDER,0,1
TOYOTA BRAKE LINING,04495-52030,TOYOTA,,0,1
BRAKE LINING,K2750,YINACCO,,0,1
BRAKE LINING,FN-1261,CERAMIC,,0,3
CVT FLUID,CVT TC 4L,TOYOTA,,0,23
ARM BUSH,IDT-GRM30606 ( 4010A017),G-AUTO UPP,,0,4
CAMBER BOLT,48190-60040,,,0,6
SEAL,SEAL,,,0,1
BRAKE PADS,AF627,CERAMIC,,0,1
TENSIONER,11955-JD20A/EN200,SO.HQ,,0,1
RR WHEEL BEARING,DACF1050B4,SO.HQ,,0,0
CV JOINT,TOY-OZ-85,Ozone,TOYOTA RUSH,0,2
ENGINE MOUNTING R,11210-1HC0A,THAILAND,,0,1
WHEEL BEARING,102949/10,KOYO,,0,12
SLEEVE CYLINDER,147570-0502,,,0,0
PRESSURE PLATE,ISC607,,,0,1
CLUTCH PLATE,ISD005,,,0,0
BRAKE MASTER CYLINDER,47028-60030,TOYOTA GP,,0,0
BRAKE DISC,43512-0K120,ALBA FRONT,VIGO,0,2
BALL JOINT,SB-3821,555,,0,0
AIR FILTER,17801-31050,ZYC,,0,2
PRESSURE PLATE,TYC537,,,0,1
AIR FILTER,17801-25020,DIGUE,,0,0
BEARINGS,75029,KOYO,,0,0
STABILIZER BUSH,8-97247083-0,RBI,"D-MAX (2002,2008) 2W,4W",0,6
BEARINGS,DU5496-6LFT/5,KOYO,,0,0
BEARINGS,AU0504-13LXL,NTN,,0,1
CLUTCH BEARING,58TKB3505A2R,NSK,LC 2KD,0,1
CV JOINT,TO 54 ABS,URW,Toyota ZZE,0,6
SNAP RING FR,90520-31007,,,0,1
BRAKE PADS,KD3068,ASIMCO,DAIHATSU MOVE,0,1
ARM BUSH,HAB-003,FEBEST REAR,,0,2
BRAKE DISC,43512-12250,,TOYOTA,0,2
TOYOTA ENGINE OIL,15W-40 4L,TOYOTA,,0,389
NISSAN GEAR BOX FILTER,31728-1XF02,NISSAN GEAR BOX FILTER,,0,1
BRAKE SPRING KIT,12225,,ISUZU,0,2
BRAKE SPRING KIT,11939,,ISUZU,0,4
U BOLT,60077,,,0,8
THERMOSTAT,TMT008G,,,0,1
BALL JOINT,40160-01G50,TEX,E24,0,2
MAIN BEARING,M736A (STD),TAIHO,TOYOTA,0,1
SPRING BUSH,2320,,,0,8
SPRING BUSH,2502,,,0,2
SPRING BUSH,2503,,,0,2
STABILIZER BUSH,8-97947039-0-RBI,RBI,DMAX 2WD,0,6
BRAKE PADS,D-2218-01,MK,,0,2
COMPLETE ARM L,48710-35060,SO HQ,,0,1
COMPLETE ARM R,48710-35070,SO HQ,,0,1
TOYOTA AIR FILTER,17801-70060,TOYOTA,LC VDJ79,0,0
ENGINE OIL,15W-40 5L DIESEL,BLAZOL,,0,11
BEARINGS,30208JR,KOYO,DATSUN,0,3
BRAKE DISC,43512-48081,ALLPARTS,LEXUS RX300,0,4
MAIN BEARING,M714A (STD),TAIHO,TOYOTA,0,1
STABILIZER BUSH,48815-48070,RBI FRONT STABILIZER BUSH,,0,4
KYB SHOCKS,444123,KYB REAR/,NISSAN,0,2
RBI ARM BUSH,48061-26060,RBI LOW BIG,,0,4
SPRING SHACKLE RUBBER,55046-R8000,RBI,,0,40
RBI ARM BUSH,48654-10050,RBI LOW SMALL,,0,4
TIE ROD END,DA8A-32-290A,JAPAN,MAZDA DEMIO NEW MODEL,0,1
TIE ROD END,DA8A-32-280A,555,MAZDA DEMIO NEW MODEL,0,1
OIL SEAL,35*58*8/12,NAK,,0,0
POWER STEERING PUMP,44310-60630,SO HQ,,0,0
SPRING BUSH,90389-T0009,RBI,,0,2
POWER STEERING FLUID,,,,0,0
WHEEL HUB RHS,42460-60010,,,0,1
WHEEL HUB LHS,42450-80050,,,0,1
WHEEL HUB,42450-20080,SO HQ,,0,2
SHOCKS,48510-69476,GENUINE REAR,PRADO 150,0,0
FAN BELT,6PK 2225,BELT,,0,1
TENSIONER,16620-47030,SO HQ,,0,1
PISTON RINGS,35987 (STD),,1KD,0,2
FORK,16546-85111,,YD-25,0,0
THERMOSTAT,90916-03089,,,0,1
IDLER PULLEY,0187-HDJ100HV,FB,,0,1
PULLEY IDLER,0788-APK416,,,0,1
ARM BUSH,54570-JN02A,LOW BIG,,0,2
STABILIZER BUSH,NSB-Z51F,,,0,2
NSK BEARINGS,38BWD22LCA96,NSK BEARINGS,VITZ,0,0
CLUTCH PLATE,TYD 085U,DAIKIN,HILUX,0,1
ARM BUSH,48655-20221T,PERFECT,,0,4
JINBO SHOCKS,339209,JINBO REAR/,HARRIER RX350,0,1
JINBO SHOCKS,339208,JINBO REAR/,HARRIER RX350,0,1
BRAKE MASTER CYLINDER,12363-47050,,,0,1
RELEASE BEARING,60TKB3506,,,0,1
PRESSURE PLATE,NSE-60,,,0,1
ENGINE MOUNTING,12371-37030,THAILAND,VOXY N/M,0,4
AIR FILTER,17801-16020,,TOYOTA AE91/92 5A,0,3
ATF FLUID,DEXRON III 5L,BLAZOL,,0,6
ENGINE MOUNTING R,11210-1HSOA,FROTISE,NISSAN MARCH,0,2
ENGINE MOUNTING FR,12361-28100,FROTISE,ACU30/KLUGER/ESTIMA,0,3
CENTER LINK,SC-4830,,NISSAN D22 4WD,0,1
ARM BUSH,48654-28060,THAILAND,ALPHARD,0,10
STABILIZER BUSH,D651-34-156,FROTISE,"DEMIO, FIESTA",0,10
BALL JOINT,43330-0N010,FROTISE,MARK X,0,2
BALL JOINT,43340-0N010,FROTISE,MARK X,0,2
WHEEL HUB RHS,42450-60050,BELCOT,PRADO 120/150/FJ,0,2
WHEEL HUB LHS,42460-60010,BELCOT,PRADO 120/150/FJ,0,2
BRAKE PADS,PN1802,NIBK break pads,HILUX O/M,0,1
BRAKE PADS,FN0633,NIBK,,0,1
RADIATOR CAP,C21,HKT,,0,2
BEARING,DAC255242W-13CS25,KOYO REAR,"ALTO, SWIFT",0,4
KYB SHOCKS,444107,KYB,LC 70,0,0
COMPLETE ARM R,48068-29255,SO HQ,TOYOTA VOXY,0,0
COMPLETE ARM L,48069-29255,SO HQ,TOYOTA VOXY,0,0
NSK BEARINGS,38BWD22 908,NSK BEARINGS,PROBOX,0,1
STEERING RACK,44200-0K030,SO HQ,VIGO 4WD,0,1
COIL SPRING RR,48231-52F90,FROTISE,COROLLA/AXIO,0,2
COIL SPRING FR,"C4T-22011H
",OZONE,MARK X,0,2
COIL SPRING RR,C4T-25112H,OBK,VITZ SCP90,0,2
COIL SPRING RR,C4T-20802H,OZONE,TOYOTA VOXY,0,2
COIL SPRING FR,C4N-07231,OZONE,"XTRAIL T31/QASHQAI/DUALIS J10,J11",0,2
COIL SPRING FR,48131-6A880,TOYOTA,PRADO 90,0,3
COIL SPRING RR,48231-42150-B,,VANGUARD,0,2
COIL SPRING RR,"48231-42030
",FROTIS,"RAV4 SXA10/11, ACA20/21",0,2
COIL SPRING FR,48131-10121,,RD1 CRV,0,2
COIL SPRING FR,C4T-52301H,OZONE,"VITZ (SCP90, SCP92,KSP90,NCP90,KSP90)",0,2
COIL SPRING FR,"48231-13151
",DAIKO,COROLLA/AXIO/FIELDER,0,2
COIL SPRING FR,C4T-51611H,OBK,"VITZ SCP90,NCP91(RS)",0,2
COIL SPRING RR,"48231-42110
",FROTIS,RAV4 ACA21,0,2
COIL SPRING FR,C4H-31131RH,OZONE,CRV RE4/RM4,0,2
COIL SPRING FR,C4N-31801H,OBK,TIIDA/MARCH K12/SYLPHY/WINGROAD,0,2
COIL SPRING RR,C4T-42112,OZONE,"RAV4 SXA10/11, ACA20/21",0,2
COIL SPRING RR,HON-OZ-31112H,OZONE,CRV 4WD,0,2
COIL SPRING FR,MF 10-25,OZONE,VITZ N/M,0,1
COIL SPRING RR,MF 02-25,OZONE,PRADO,0,2
COIL SPRING RR,NIS-OZ-07112,OZONE,"T31,QASHQAI,DUALIS J10/J11(4WD)",0,2
COIL SPRING RR,C4T-52612H,OBK,NCP95,0,1
COIL SPRING FR,48131-14351,DAIKO,COROLLA/AXIO/FIELDER 120/140 PREMIO/ALLION 240 1.5/1.8,0,2
COIL SPRING FR,C4T-280814,OBK,NOAH/VOXY,0,2
COIL SPRING FR,"48231-14351
",,COROLLA/AXIO/FIELDER 120/140 PREMIO/ALLION 240 1.5/1.8 - 48231-14351,0,3
COIL SPRING FR,"C4T-12411H
",OZONE,COROLLA/AURIS/RUMION/NZE,0,2
COIL SPRING FR,54818-8H312,FROTIS,XTRAIL T30,0,2
COIL SPRING RR,NIS-OZ-88502,OZONE,XTRAIL T30,0,2
COIL SPRING RR,C4T-78722H,OZONE,NOAH/VOXY AZR60/ZRR70 ESTIMA ACR30 ALPHARD ANH10,0,2
COIL SPRING FR,TOY-OZ-48821,OZONE,HARRIER/ESTIMA,0,2
COIL SPRING FR,"DKCS-1N550+
",DAIKO,"COROLLA/AXIO/FIELDER 120/140 PREMIO/ALLION 240 1.5/1.8

",0,2
COIL SPRING FR,"C4T-52341H
",OZONE,PROBOX,0,2
COIL SPRING RR,"C4T-21012H
",OZONE,"PREMIO,CARINA 190/210",0,2
COIL SPRING RR,NIS-OZ-07112,OZONE,X-Trail T31 and Qashqai/Dualis J10/J11 4WD,0,2
COIL SPRING FR,MAZ-OZ-4651H,OZONE,,0,2
COIL SPRING FR,"54010-4M402
+",DAIKO,SUNNY B15 BLUEBIRD/SYLPHY G10 WINGROAD Y11,0,2
COIL SPRING RR,"48231-1E230
","COROLLA EE100, AE100/1, AE110/1",,0,2
COIL SPRING FR,TOY-OZ-52341H,OZONE,PROBOX,0,2
COIL SPRING RR,SUB-OZ-51652H,OZONE,"LEGACY,OUTBACK,FORESTER",0,2
COIL SPRING FR,C4B-17061H,OZONE,"LEGACY,OUTBACK BP9",0,2
COIL SPRING FR,48131-52531,,PROBOX,0,2
COIL SPRING RR,"55020-8H360
",FROTIS,XTRAIL T30,0,2
COIL SPRING FR,51401-S9A-204+,DAIKO,HONDA CRV,0,2
COIL SPRING RR,48231-13151,DAIKO,"COROLLA,AXIO,FIELDER",0,2
COIL SPRING FR,"SUB-OZ-15011H
",OZONE,LEGACY 4WD,0,1
COIL SPRING FR,SUB-OZ-31091H,OZONE,FORESTER SG5/SH5,0,1
COIL SPRING FR,C4T-42731,OZONE,RAV4,0,1
COIL SPRING FR,48131-57152,FROTIS,AE100,0,2
COIL SPRING RR,C4T-78722H,OBK,NOAH/VOXY AZR60/ZRR70 ESTIMA ACR30 ALPHARD ANH10,0,2
COIL SPRING FR,48131-57162,FROTIS,B15 WINGROAD,0,2
COIL SPRING FR,"C4T-78121H
",OBK,VOXY N/M,0,2
COIL SPRING RR,C4M-97472,OZONE,PAJERO,0,4
COIL SPRING FR,TOY-OZ-48821,OZONE,HARRIER,0,2
COIL SPRING FR,C4T-14351H,OBK,PRE3MIO/NZE,0,2
COIL SPRING FR,"C4T-12021H
",OBK,COROLLA/AXIO/FIELDER 120/140 PREMIO/ALLION 240 1.5/1.8,0,1
ENGINE OIL,15W-40 1L DIESEL,BLAZOL,,0,10
ENGINE OIL,20W-50 1L,BLAZOL,,0,10
AIR FILTER,13780-64P00,DIGUE,SUZUKI,0,3
SHOCKS,334385,OZONE REAR/,KLUGER,0,1
SHOCKS,334395,OZONE/,"LEXUS,HARRIER 4WD",0,1
BRAKE LINING,F 2339,CERAMIC,"NOAH , TOWNACE",0,1
JINBO SHOCKS,444107,JINBO REAR/,LAND CRUISER 75,0,2
BRAKE PADS,KD1739,Asimco,PRIMERA FRONT/ XTRAIL REAR,0,0
CAM SHAFT BEARING,C042A (STD),TAIHO,3L,0,1
WATER PUMP,GWT-86A,GMB,,0,1
PRESSURE PLATE,CT-045,STOUT,,0,1
FAN BELT,4PK 820,BELT,,0,0
PISTON,13101-17110,TP,1HDT,0,0
PISTON RINGS,35970,TP,1HDT,0,1
ENGINE MOUNTING,12361-66040,RBI,,0,0
OVERHAUL GASKET,04111-17041,TOYOTA,,0,0
CYLINDER HEAD,ST-CH0018C,,,0,0
STEERING RACK,44200-48080,S0-HQ,HARRIER,0,1
CLUTCH PLATE,DT-092,AISIN,,0,0
ARM BUSH,48702-52060,THAILAND ARM BUSH,PROBOX REAR,0,10
ENGINE MOUNTING,12363-47050,,1NR-FE,0,1
RACK END,12221-99A26,,,0,2
FUEL FILTER,16403-01T70,DIGUE,,0,3
FAN BELT,6PK 1285,BELT,,0,0
BRAKE DISC,43512-60210,TOYOTA FRONT,,0,0
CALIPER KIT,0175-GRJ200R,FEBEST,LC 200,0,1
CALIPER PINS,47715-43010,TOYOTA GP,LC 200,0,0
HUB BEARING,40202-JR71B,SO.HQ,NAVARA LONG,0,3
CLUTCH RELEASE BEARING,MN171419,SO HQ,MITSUBISHI,0,2
TIE ROD END,SE-3813,CTR,LC 100,0,1
ENGINE MOUNTING,12361-0L030,RBI,1KD,0,0
ENGINE MOUNTING,12361-B4010,RBI,,0,1
SPRING SHACKLE RUBBER,55046-EB70C,RBI,NAVARA,0,12
OIL FILTER,C-1012,SAKURA,,0,0
FUEL FILTER,FC-10290,SAKURA,,0,0
AIR FILTER,A-76531-S,SAKURA,,0,0
OIL FILTER,SFC-1306,SAKURA,,0,0
ARALDITE,ARALDITE,,,0,0
TIE ROD END,SE-4981R (48520-EA025),TAIWAN,,0,2
TIE ROD END,SE-4981L(48640-EA025),TAIWAN,,0,2
PISTON RINGS,34215,TP,,0,1
JINBO SHOCKS,3450000,JINBO REAR/,PRADO 150,0,2
ENGINE MOUNTING RR,D652-39-040,PERFECT,MAZDA DEMIO,0,1
SEAL,T1442,,,0,0
CV JOINT,NI23,GSP,,0,0
COMPLETE ARM LH,48067-29215,SO HQ,HIACE / REGIUSACE,0,2
COMPLETE ARM RH,48066-29215,SO HQ,HIACE / REGIUSACE,0,2
STABILIZER BUSH,48815-B4011,RBI,,0,2
TIE ROD END,SE-A071,555,,0,4
ARM BUSH,54560-EE500,,,0,0
WATER PUMP,GWN-86A,GMB,XTRAIL QR20,0,2
OIL ABSOBER,KA-2006/444023/550,,,0,2
BELT,102R25,MMC,,0,1
TIMING BELT,99YU19,KOWA,,0,1
TIMING BELT,121Y20,SUBAKI,,0,1
TIMING BELT,94MR25,TOYOTA,,0,3
TIMING BELT,97RU25,TOYOTA,,0,2
TIMING BELT,83ZBS19,MITSUBISHI,,0,1
TIMING BELT,89RU19,MITSUBISHI,,0,2
TIMING BELT,117MR25,TOYOTA,,0,3
TIMING BELT,92MR25,TOYOTA,,0,4
TIMING BELT,89ZA19,SUZUKI,,0,1
TIMING BELT,117MY21,,KOWA,0,1
TIMING BELT,055T,SNN,,0,1
TIMING BELT,A206M050,ABS,,0,4
TIMING BELT,117RU25,SUBARU,,0,3
TIMING BELT,93ZA19,FIB,,0,2
TIMING BELT,94012,DAYCO,,0,1
TIMING BELT,149T,SUN,,0,1
TIMING BELT,117YU29,FIRST CAR,,0,2
TIMING BELT,106ZA19,NISSAN,,0,1
TIMING BELT,A416L100,SUN,,0,3
TIMING BELT,110YU19,FIB,,0,1
TIMING BELT,TB 161,AE,,0,1
TIMING BELT,127RU25,MITSUBA,,0,1
TIMING BELT,178T,SUN,,0,3
TIMING BELT,178MY25,TOYOTA,,0,1
TIMING BELT,76127*25MM,POWERGRIP,,0,1
TIMING BELT,94MR25,SUCCESS,,0,1
TIMING BELT,98FS19,SUBARU,,0,2
TIMING BELT,91ZA19,FIB,,0,1
TIMING BELT,G1158,GOODYEAR,,0,1
BELT,92MR19,MMC,,0,1
TIMING BELT,153YU29,MITSUBISHI,,0,4
TIMING BELT,GB124260TM,GMB,,0,1
NOZZLE SEAL,23682-30020,GP,,0,0
CAM BUSH,C709A,GP,1HD-FT,0,0
ENGINE MOUNTING FR,11220-JD21A,NISSAN GP,NISSAN,0,0
AIR FILTER,T4100,MAZDA,,0,0
TIE ROD END,SS-2340,,,0,0
CON BEARING,R1050 (STD),TAIHO,,0,1
OIL SEAL,125*150*15,,,0,0
TIMING BELT,128MY26,MMC,,0,1
TIMING BELT,163RU25,KOWA,,0,1
TIMING BELT,574RU29,SUN,,0,1
TIMING BELT,A482YU29,SUN,,0,6
TIMING BELT,1224RRP8,MEGADYNE,,0,2
TIMING BELT,A386YU29,SUN,,0,1
TIMING BELT,124MY26,-,,0,4
FAN BELT,8PK 1540,MATSUSAKA,,0,1
FAN BELT,8PK 1230,MATSUSAKA,,0,1
FAN BELT,8PK 1475,MATSUSAKA,,0,1
FAN BELT,8PK 1300,MATSUSAKA,,0,0
FAN BELT,8PK 1450,MATSUSAKA,,0,1
FAN BELT,7PK 2270,BELT,,0,1
FAN BELT,7PK 1735,BELT,,0,3
FAN BELT,7PK 1915,BELT,,0,0
FAN BELT,7PK 1720,BELT,,0,1
FAN BELT,7PK 1870,BELT,,0,4
FAN BELT,7PK 2260,BELT,,0,3
FAN BELT,7PK 1885,BELT,,0,1
FAN BELT,7PK 2350,BELT,,0,1
FAN BELT,7PK 2390,BELT,,0,1
FAN BELT,7PK 1570,BELT,,0,2
FAN BELT,7PK 1210,BELT,,0,1
FAN BELT,7PK 1150,BELT,,0,1
OIL PUMP,MD194007,,,0,0
CON BEARING,R136A (0.25),TAIHO,,0,0
FAN BELT,7PK 1565,BELT,,0,1
FAN BELT,7PK 1595,BELT,,0,1
FAN BELT,4PK 925,BELTS,,0,2
FAN BELT,6PK 1680,BELT,,0,3
RBI ARM BUSH,45530-58M00,RBI LOWER,SWIFT,0,4
FAN BELT,6PK 1300,BELT,,0,1
FAN BELT,6PK 2150,BELT,,0,0
BRAKE FLUID,DOT 4 200ML,PROTONO,,0,24
BATTERY,N45L,,,0,1
FAN BELT,6PK 1110,BELT,,0,0
SHOCKS,3320034,OZONE FRONT/,MIRA,0,4
DIFF BUSH,52380-44010,THAILAND REAR,,0,0
KYB SHOCKS,334815,KYB,AVENSIS,0,1
FAN BELT,6PK 2425,BELT,,0,2
FAN BELT,6PK 2230,BELT,,0,1
FAN BELT,5PK 850,BELT,,0,2
FAN BELT,5PK 900,BELT,,0,1
FAN BELT,4PK 1195,BELT,,0,1
FAN BELT,4PK 1270,BELT,,0,3
FAN BELT,4PK 1325,BELT,,0,2
FAN BELT,4PK 750,BELT,,0,4
FAN BELT,4PK 600,BELT,,0,1
FAN BELT,4PK 995,BELT,,0,1
FAN BELT,4PK 1275,BELT,,0,2
FAN BELT,4PK 1115,BELT,,0,1
FAN BELT,4PK 1000,BELT,,0,3
FAN BELT,4PK 760,BELT,,0,2
FAN BELT,4PK 1280,BELT,,0,7
FAN BELT,4PK 1600,BELT,,0,1
FAN BELT,4PK 1260,BELT,,0,3
FAN BELT,4PK 1100,BELT,,0,1
TOYOTA TOP COVER GASKET,11213-0L010,TOYOTA,1KD/2KD,0,5
KYB SHOCKS,444132,KYB FRONT/,VANETTE,0,2
ENGINE MOUNTING FR L,11220-ED000,PERFECT,NISSAN,0,2
TIE ROD END,SE-T221 (45046-49195),TAIWAN,RAV 4,0,2
BRAKE LINING,K 2025,ASIMCO,,0,1
ENGINE MOUNTING RR,11360-1KA0A,PERFECT,JUKE,0,2
ENGINE MOUNTING,11220-1HC0C,PERFECT,MARCH/NOTE,0,2
FAN BELT,4PK 1320,BELT,,0,1
FAN BELT,4PK 1240,BELTS,,0,2
FAN BELT,4PK 1045,BELTS,,0,1
FAN BELT,4PK 1475,BELT,,0,2
NUTS,MAS 1424,,,0,0
NUTS,MAS 1413,,,0,0
FAN BELT,4PK 1420,BELTS,,0,1
TIMING BELT,107YU22,,,0,2
TIMING BELT,16806-N0981,,,0,1
TIMING BELT,13028-AA001,SUBARU,,0,2
TIMING BELT,A574RU29,,,0,1
TIMING BELT,A559RU100,,,0,2
TIMING BELT,063STP8M267,,,0,1
TIMING BELT,A516YS25,,,0,1
TIMING BELT,AX30,,,0,2
TIMING BELT,A31,,,0,2
TIMING BELT,A41/BC,,,0,2
TIMING BELT,A53C,,,0,3
TIMING BELT,AX41,,,0,1
TIMING BELT,B41C,,,0,1
TIMING BELT,B38,,,0,1
TIMING BELT,A28C,,,0,1
V BELT,AV*10*105,,,0,1
TIMING BELT,AV*13*1550,,,0,1
TIMING BELT,AV*13*750,,,0,1
TIMING BELT,AX46,,,0,1
V BELT,BX42,,,0,1
V BELT,083RH*190,,,0,1
FAN BELT,7PK 1905,BELT,,0,1
V BELT,A46C,,,0,3
V BELT,AX43,,,0,1
V BELT,A36C,,,0,1
V BELT,9.5*10,,,0,1
V BELT,REC9,,,0,1
V BELT,9.5*975,,,0,1
V BELT,AX54,,,0,1
V BELT,A58,,,0,1
V BELT,5410,,,0,1
V BELT,10A1050C,,,0,1
TIMING BELT,A34,,,0,2
V BELT,A49,,,0,2
V BELT,A56,,,0,1
TIMING BELT,A44,,,0,1
FAN BELT,4PK 990,BELT,,0,0
TIMING BELT,13568-A0989,TOYOTA,,0,3
V BELT,90916-02397,TOYOTA,,0,2
TIMING BELT,A352R100,,,0,1
TIMING BELT,MD1T0189,,,0,3
TIMING BELT,121MY21,,,0,1
TIMING BELT,A424R075,,,0,1
TIMING BELT,11959-5T190,,,0,1
TIMING BELT,A368Y22,,,0,1
TIMING BELT,B39,,,0,1
TIMING BELT,A33,,,0,1
TIMING BELT,A32,,,0,2
TIMING BELT,A38,,,0,1
TIMING BELT,A39,,,0,3
TIMING BELT,90916-02211,MITSUBISHI GP,,0,1
TIMING BELT,A37,,,0,1
CV JOINT,TO-54,,,0,3
HUB BEARING,40202-JN01A,SOHQ,,0,1
HUB BEARING,40203-JN01A,SOHQ,,0,1
AIR FILTER,16546-HA300,ALL PARTS,,0,4
STEERING BOOT,45535-09110,TEX,,0,9
JINBO SHOCKS,341372,JINBO FRONT/,VIGO KUN50 4WD,0,4
VALVE SEAL,90913-02121,,1KD/2KD,0,5
RBI ARM BUSH,45540-58M00,RBI BIG,SWIFT,0,4
STABILIZER BUSH,20414-SG000,RBI,,0,6
GEARBOX/ENGINE MOUNTING,12371-0L080,RBI,VIGO 4WD,0,3
RBI ARM BUSH,48655-60040,RBI FRONT BIG,,0,2
RACK END,SR-T480,555,TOYOTA,0,2
FAN BELT,5PK 990,BELT,,0,1
DIFF BUSH,NAB-298,,,0,0
CV JOINT,21-02098N (19*24*58),URW,VITZ,0,2
CV JOINT,TO-03 (MS21510),URW,STARLET,0,2
COMPLETE ARM,48067-29225,SO HQ,,0,0
AIR FILTER,FA1876,SAKURA,,0,0
SUSPENSION BUSH,48702-0M010,RBI,VZJ95,0,10
HUB BEARING,42450-0D020,,,0,0
FAN BELT,6PK 2285,BELT,,0,0
WHEEL CYLINDER,47570-52011,REAR LEFT,NZE,0,2
WHEEL CYLINDER,47550-52011,REAR RIGHT,TOYOTA NZE,0,3
TOYOTA TOP COVER GASKET,11213-36020,TOYOTA,2AR,0,1
RACK END,SR-5480,555,DMAX,0,4
STABILIZER LINK,48820-0K030,RBI,VIGO 4WD,0,8
SUSPENSION BUSH,MR102012,RBI,SMALL,0,20
ARM BUSH,4120A125,RBI,SMALL,0,2
RBI ARM BUSH,48815-0K070,RBI,REVO,0,6
BRAKE DISC,42431-60201 (AP-BR-018),ALL PARTS REAR,PRADO,0,4
GEAR OIL,SAE 90 5 LITRE,TESON,,0,5
SHOCKS,333388,OZONE/,PRIUS,0,1
SHOCKS,333389,OZONE/,PRIUS,0,1
CLUTCH KIT,FR-4048,FUJIURA,,0,0
CLUTCH KIT,FR-4137,FUJIURA,,0,0
KYB SHOCKS,3430037,KYB/,CX-3,0,2
BILSTEIN SHOCKS,8K0413031BD,BILSTEIN,FRONT,0,2
AIR FILTER,16546-4KV0A/4JA1B,DIGUE,,0,5
RBI ARM BUSH,48655-0D050,RBI,,0,4
THERMOSTAT,90916-03136,,,0,0
TOYOTA GEAR BOX FILTER,35330-71011,TOYOTA,,0,1
RACK END,YB12221-99A26,THAILAND,,0,4
KNUCKLE ARM BUSH,42304-12270,THAILAND,,0,10
WATER PUMP,16100-80012,THAILAND,VITZ/PASSO (1KR),0,2
CLUTCH PLATE,MBD022U,,,0,0
KIT,,,,0,0
CLUTCH RELEASE BEARING,FCR55-17-15/2E,NTN,,0,2
WIPER BLADES,SK18FAE,SAKURA,,0,5
WIPER BLADES,SK24FAE,SAKURA,,0,2
WIPER BLADES,SK22FAE,SAKURA,,0,3
WIPER BLADES,SK20FAE,SAKURA,,0,2
WIPER BLADES,SK26FAE,SAKURA,,0,3
MAIN BEARING,M135 (STD),TAIHO,4G92,0,1
PISTON RINGS,33955,TP,4G93,0,2
STABILIZER LINK,48830-60060,GENUINE REAR,,0,1
IGNITION COIL,90919-22400,TOYOTA,,0,0
OIL FILTER,C206J,JS,,0,4
BRAKE PADS,PN 25003,NIBK,,0,1
KYB SHOCKS,339228,KYB RIGHT,TEANA,0,1
KYB SHOCKS,339229,KYB LEFT,TEANA,0,1
TOYOTA STABILIZER BUSH,48815-30551,TOYOTA,MARK X,0,6
TOYOTA STABILIZER BUSH,48815-26370,TOYOTA,HIACE,0,4
TOYOTA STABILIZER BUSH,48815-60270,TOYOTA,LC200,0,3
TOYOTA STABILIZER BUSH,48815-60260,TOYOTA,LC,0,6
TOYOTA STABILIZER BUSH,48815-26020,TOYOTA,LC 100,0,2
TOYOTA STABILIZER BUSH,48815-60350,TOYOTA,PRADO 120,0,1
SUBARU STABILIZER BUSH,20401-FA021,SUBARU,,0,16
RACK ENDS,SR 3810,555,,0,4
OIL SEAL,41*74*10/16,NAK,,0,1
KYB SHOCKS,348084,KYB/,SWIFT,0,2
KYB SHOCKS,349199,KYB/,JUKE,0,3
KYB SHOCKS,348024,KYB/,TEANA,0,2
KYB SHOCKS,343421,KYB/,MARCH/NOTE,0,2
KYB SHOCKS,343240,KYB/,WINGROAD,0,2
KYB SHOCKS,3430045,KYB/,DEMIO,0,4
KYB SHOCKS,345010,KYB/,LC 80,0,2
KYB SHOCKS,3430041,KYB/,MAZDA AXELA,0,2
KYB SHOCKS,343412,KYB/,MAZDA AXELA,0,2
KYB SHOCKS,3440007,KYB/,FIT,0,2
KYB SHOCKS,343425,KYB/,URVAN,0,0
KYB SHOCKS,349112,KYB/,NAVARA,0,0
WATER PUMP,16A10-29015,GENUINE,,0,0
KYB SHOCKS,343426,KYB/,IST/BB,0,1
KYB SHOCKS,444108,KYB/,LC 70,0,4
KYB SHOCKS,344480,KYB/,VOXY 4WD,0,5
KYB SHOCKS,349017,KYB/,FORTUNER,0,2
KYB SHOCKS,343360,KYB/,TOWNACE,0,4
KYB SHOCKS,343406,KYB/,PASSO,0,2
KYB SHOCKS,343359,KYB/,TOWNACE,0,4
KYB SHOCKS,343358,KYB/,TOWNACE,0,2
KYB SHOCKS,348030,KYB/,VITZ NCP,0,3
KYB SHOCKS,343471,KYB/,VITZ,0,1
KYB SHOCKS,334263,KYB/,HARRIER,0,2
KYB SHOCKS,334264,KYB/,HARRIER,0,2
AIR FILTER,17801-78080,DIGUE,DYNA,0,1
KYB SHOCKS,339204,KYB/,AURIS/BB,0,1
KYB SHOCKS,339205,KYB/,AURIS/BB,0,1
OIL FILTER,C-132,SAKURA,,0,0
KYB SHOCKS,331232,KYB/,PRADO 90,0,4
KYB SHOCKS,334262,KYB/,HARRIER,0,1
HEAD GASKET,P501-10-271,MAZDA,P5,0,0
KYB SHOCKS,334343,KYB/,FORESTER SG5/9,0,1
KYB SHOCKS,334342,KYB/,FORESTER SG5/9,0,2
JINBO SHOCKS,341307,JINBO/,PREMIO/COROLLA,0,4
JINBO SHOCKS,333594,JINBO/,DEMIO,0,1
JINBO SHOCKS,333595,JINBO/,DEMIO,0,1
JINBO SHOCKS,333390,JINBO/,TIIDA/CUBE,0,1
JINBO SHOCKS,333391,JINBO/,TIIDA/CUBE,0,1
JINBO SHOCKS,348016,JINBO/,FIT,0,2
JINBO SHOCKS,444028,JINBO/,DYNA,0,2
BRAKE MASTER CYLINDER,46010-49L01,THAILAND,,0,1
SHOCKS,344400,OZONE/,HARRIER/KLUGER,0,3
SHOCKS,333120,OZONE/,"AE80, AE82, EE90, and AE92",0,4
SHOCKS,331487,OZONE REAR/,SUBARU,0,4
SHOCKS,331486,OZONE/,SUBARU,0,2
SHOCKS,334391,OZONE/,SUBARU,0,3
SHOCKS,334392,OZONE/,SUBARU,0,3
BRAKE PADS,CS 8937,Daiwa,,0,2
KYB SHOCKS,343357,KYB/,TOWNACE/NOAH,0,3
CLUTCH MASTER CYLINDER,8-94434-710-0,,ISUZU,0,1
ENGINE OIL,5W-40 4L,AISIN,,0,7
BRAKE LINING,K1750,Asimco,,0,1
ELECTRIC FUEL PUMP,GIP-502,HKT SMALL PIN,,0,1
KYB SHOCKS,334261,KYB/,HARRIER,0,4
OIL FILTER,C1328,SAKURA,,0,1
FUEL FILTER,FC1301,SAKURA,,0,1
RELEASE BEARING,TKS55B,MRK,,0,1
CLUTCH PLATE,5-87610077-0,GENUINE,,0,1
RELEASE BEARING,TKS68-47,MRK,,0,1
RELEASE BEARING,TKS70-1K,MRK,,0,2
BEARINGS,6204DDU,KOYO,,0,2
OIL FILTER,C1012,SAKURA,,0,1
FUEL FILTER,FC10290,SAKURA,,0,1
AIR FILTER,A76531S,SAKURA,,0,1
CLUTCH PLATE,JCCDV0235-IS,JCAP,,0,1
PRESSURE PLATE,5876100910,GP,,0,1
FUEL FILTER,SFC130630,SAKURA,,0,1
HUB SEAL,MX909431,GP,,0,2
OIL FILTER,EO15020,SAKURA,,0,5
RACK END,0807-0210,GMB,,0,2
BRAKE MASTER CYLINDER,ME709055,FIC,,0,1
CLUTCH MASTER CYLINDER,FR4137,FIC,,0,1
KYB SHOCKS,333117,KYB/,AE100,0,2
KYB SHOCKS,333116,KYB/,AE100,0,3
KYB SHOCKS,334482,KYB/,RAV4,0,1
KYB SHOCKS,334483,KYB/,RAV4,0,1
KYB SHOCKS,333360,KYB/,prius,0,0
KYB SHOCKS,333412,KYB /,IST,0,4
KYB SHOCKS,333107,KYB/,CORONA/CALDINA,0,0
KYB SHOCKS,333361,KYB/,PRIUS,0,0
KYB SHOCKS,332120,KYB /,PASSO,0,2
KYB SHOCKS,333108,KYB /,CORONA/CALDINA,0,1
KYB SHOCKS,341336,KYB/,WISH 2WD,0,1
KYB SHOCKS,341389,KYB/,MARK-II,0,2
KYB SHOCKS,341288,KYB/,MARK-II,0,4
TOYOTA SHOCKS,48530-1A460,TOYOTA,,0,2
KYB SHOCKS,345093,KYB/,LC200,0,2
KYB SHOCKS,345023,KYB/,LC100,0,2
KYB SHOCKS,340062,KYB/,LC200,0,2
KYB SHOCKS,334260,KYB/,PREMACY,0,1
KYB SHOCKS,339023,KYB/,CAMRY,0,1
KYB SHOCKS,3340216,KYB/,WISH,0,1
KYB SHOCKS,3340215,KYB /,WISH,0,1
KYB SHOCKS,339230,KYB /,KLUGER/HARRIER,0,1
KYB SHOCKS,335038,KYB/,RAV4/ HARRIER,0,1
KYB SHOCKS,334341,KYB/,CAMRY,0,1
KYB SHOCKS,334340,KYB/,CAMRY,0,1
KYB SHOCKS,339231,KYB/,KLUGER/HARRIER,0,1
KYB SHOCKS,334436,KYB/,WISH,0,2
KYB SHOCKS,341422,KYB/,MARK-II,0,2
KYB SHOCKS,332105,KYB/,DIAHATSU,0,1
TOYOTA SHOCKS,48530-22511,TOYOTA,MARK X,0,1
GEAR BOX OIL,SAE 80W-90,CALTEX,,0,8
KYB SHOCKS,551129,KYB/,MARK-X/CROWN,0,1
KYB SHOCKS,551128,KYB/,MARK-X/CROWN,0,1
KYB SHOCKS,339024,KYB/,CAMRY,0,1
KYB SHOCKS,334028,KYB/,CARINA,0,1
KYB SHOCKS,332104,KYB/,DUET,0,1
KYB SHOCKS,341357,KYB/,WINGROAD,0,1
KYB SHOCKS,341358,KYB/,WINGROAD,0,1
KYB SHOCKS,341441,KYB/,FUGA,0,1
KYB SHOCKS,341442,KYB/,FUGA,0,1
KYB SHOCKS,332026,KYB/,SUNNY B12,0,1
KYB SHOCKS,332027,KYB/,SUNNY B12,0,1
KYB SHOCKS,3340034,KYB/,XTRAIL,0,1
KYB SHOCKS,3340033,KYB/,XTRAIL,0,1
KYB SHOCKS,3340168,KYB/,XTRAIL T32,0,1
KYB SHOCKS,341279,KYB/,SUNNY/ BLUEBIRD,0,2
KYB SHOCKS,349053,KYB/,FUGA,0,2
KYB SHOCKS,3340169,KYB/,XTRAIL T32,0,1
KYB SHOCKS,333397,KYB/,MARCH/CUBE,0,1
KYB SHOCKS,335046,KYB/,ELGRAND,0,1
KYB SHOCKS,335047,KYB/,ELGRAND,0,1
KYB SHOCKS,332116,KYB/,NISSAN,0,1
KYB SHOCKS,334191,KYB/,FORESTER SF5,0,2
KYB SHOCKS,334192,KYB/,FORESTER SF5,0,2
KYB SHOCKS,334345,KYB/,SUBARU SG5,0,2
KYB SHOCKS,334344,KYB/,SUBARU SG5,0,2
KYB SHOCKS,334111,KYB/,SUBARU LEGACY,0,1
KYB SHOCKS,334112,KYB/,SUBARU LEGACY,0,1
KYB SHOCKS,334106,KYB/,SUBARU LEGACY,0,1
KYB SHOCKS,334105,KYB/,SUBARU LEGACY,0,1
KYB SHOCKS,341354,KYB/,OUTBACK/LEGACY,0,2
KYB SHOCKS,334362,KYB/,XTRAIL,0,2
KYB SHOCKS,334363,KYB/,XTRAIL,0,2
KYB SHOCKS,331414,KYB/,IMPREZA,0,1
KYB SHOCKS,331413,KYB/,IMPREZA,0,1
KYB SHOCKS,334468,KYB/,FORESTER SG5,0,2
KYB SHOCKS,334469,KYB/,FORESTER SG5,0,2
KYB SHOCKS,334146,KYB/,IMPREZA/LEGACY,0,1
KYB SHOCKS,334167,KYB/,LEGACY,0,1
KYB SHOCKS,333486,KYB/,HONDA STREAM,0,1
KYB SHOCKS,333487,KYB/,HONDA STREAM,0,1
KYB SHOCKS,338002,KYB FRONT/,FIT,0,1
KYB SHOCKS,333410,KYB/,HONDA FIT,0,1
KYB SHOCKS,3340142,KYB/,HONDA VEZEL,0,1
KYB SHOCKS,333411,KYB/,HONDA FIT,0,1
KYB SHOCKS,3340143,KYB/,HONDA VEZEL,0,1
KYB SHOCKS,3330047,KYB FRONT/,"FIT EX,LX,GK,GM",0,2
KYB SHOCKS,341469,KYB/,HONDA STREAM,0,2
KYB SHOCKS,3340045,KYB/,OUTLANDER,0,2
KYB SHOCKS,3340046,KYB/,OUTLANDER,0,2
KYB SHOCKS,334093,KYB/,TOYOTA ESTIMA,0,2
KYB SHOCKS,334405,KYB/,PAJERO.IO,0,2
KYB SHOCKS,341213,KYB/,MITSUBISHI GALANT,0,2
KYB SHOCKS,343464,KYB/,SUZUKI SWIFT,0,2
KYB SHOCKS,331048,KYB/,HONDA CRV,0,1
KYB SHOCKS,331049,KYB/,HONDA CRV,0,1
KYB SHOCKS,334700,KYB/,AXELA,0,1
KYB SHOCKS,334701,KYB/,AXELA,0,1
KYB SHOCKS,339820,KYB/,MAZDA PREMACY,0,1
KYB SHOCKS,339821,KYB/,MAZDA PREMACY,0,1
KYB SHOCKS,3340138,KYB/,MAZDA CX-3,0,1
KYB SHOCKS,3340139,KYB/,MAZDA CX-3,0,1
KYB SHOCKS,3330086,KYB/,SUZUKI SWIFT,0,1
KYB SHOCKS,3330087,KYB/,SUZUKI SWIFT,0,1
KYB SHOCKS,341323,KYB FRONT/,DEMIO 1ST GEN,0,2
KYB SHOCKS,339068,KYB/,MAZDA TRIBUTE,0,2
KYB SHOCKS,339069,KYB/,MAZDA TRIBUTE,0,2
KYB SHOCKS,339155,KYB/,MAZDA CX-7,0,1
KYB SHOCKS,339156,KYB/,MAZDA CX-7,0,1
BRAKE DRUM,42431-26190,SO.HQ,,0,0
KYB SHOCKS,343490,KYB/,COLT,0,2
KYB SHOCKS,369053,KYB/,FUGA,0,2
KYB SHOCKS,443290,KYB/,L200,0,2
CON BEARING,R714 (STD),TAIHO,,0,4
BRAKE DISC,43512-02180,ALBA FRONT,AURIS,0,2
CV JOINT,TO-67,URW,PRADO 120/150,0,2
ARM BUSH,48654-33050,PERFECT,,0,0
BEARINGS,DG409426,KYK,,0,2
TOYOTA STABILIZER BUSH,48815-60390,TOYOTA,PRADO 150,0,2
TOYOTA STABILIZER BUSH,48815-60010,TOYOTA,LC,0,2
TOYOTA STABILIZER BUSH,48815-60030,TOYOTA,PRADO,0,2
FIRST AID KIT,,,,0,1
FASTENER,,,,0,1
AIR FILTER,16546-5TP0A,KOWA,,0,3
LOWER ARM,54500-8H310,,T30,0,2
ENGINE MOUNTING RR,12372-0M030,PERFECT,,0,2
RADIATOR CAP,C11,HKT,,0,5
GLOW PLUGS,PT-104,JAP,,0,10
BRAKE DISC,43512-B1040,SO-HQ FRONT,,0,2
HUB BEARING,DACF1085 [MR493619],SO.HQ,MITSUBISHI,0,2
TOYOTA TOP COVER GASKET,11213-67010,TOYOTA,1KZ,0,3
BRAKE PADS,K-2358-01,MK,,0,2
CV JOINT,NI-068,HDK,,0,1
FAN BELT,7PK 1630,BELT,TOYOTA,0,1
BRAKE PADS,KD-3740,ASIMCO,FRONT,0,0
BRAKE PADS,D-3178,IBK,REAR,0,0
SHOCKS,48530-69425,GENUINE REAR,,0,0
RBI ARM BUSH,48706-60060,RBI,,0,18
HUB BEARING,3875A008,SO HQ,,0,0
SHOCK DUST COVER,48750-0D060,PERFECT,VITZ NM,0,0
PRESSING WORK,,,,0,4
BRAKE PADS,A1N011,AISIN,,0,0
BELT TENSIONER,PE7W-15-980,BELCOT,,0,2
BELT TENSIONER,S550-15-980B,SOHQ,,0,2
BRAKE ADJUSTER,MN 7119,,,0,0
BRAKE PADS,KD 3074,ASIMCO,REAR,0,0
BRAKE PADS,AF-827,CERAMIC,HARRIER,0,2
KYB SHOCKS,339149,KYB/,FORESTER SG5,0,1
KYB SHOCKS,339150,KYB/,FORESTER SG5,0,1
KYB SHOCKS,333114,KYB/,AE110,0,1
KYB SHOCKS,333115,KYB/,AE110,0,1
KYB SHOCKS,3440109,KYB REAR/,NOAH ZRR80,0,2
KYB SHOCKS,349035,KYB REAR/,ZRE,0,2
STABILIZER LINK,KD31-28-190,RBI,CX 5,0,2
STABILIZER LINK,KD31-28-170,RBI,CX 5,0,2
KYB SHOCKS,340096,KYB REAR/,IMPREZA,0,4
HEATER PLUGS,CP-05,HKT,,0,10
CV JOINT,MI-50,URW,,0,0
BRAKE LINING,FN-1264/NN-2080,,,0,2
SHOCKS,348083,OZONE/,MIRAGE,0,4
